id,label,ts_in,ts_out,attr_1,attr_2,attr_3,attr_4,attr_5
1,customer-1310,1,19,114,83,87,82,83
2,customer-474,1,80,0,0,0,205,0
3,customer-304,2,63,137,137,136,137,61
4,customer-1724,3,47,143,142,142,143,54
5,customer-712,3,60,86,111,85,92,93
6,customer-368,4,54,169,31,34,26,35
7,customer-1354,5,51,2,7,0,0,198
8,customer-1090,5,55,122,73,128,130,127
9,customer-1151,5,65,158,165,158,161,38
10,customer-966,5,68,171,26,174,169,177
11,customer-11,6,95,5,0,4,5,198
12,customer-508,7,14,148,49,50,54,53
13,customer-986,7,25,9,10,17,188,10
14,customer-457,7,29,40,37,30,165,38
15,customer-1458,8,30,0,0,246,0,0
16,customer-520,8,55,8,3,196,1,7
17,customer-963,8,98,12,13,13,185,20
18,customer-1000,9,34,0,200,0,0,3
19,customer-1915,9,34,54,53,142,63,60
20,customer-1713,9,63,104,108,100,102,96
21,customer-535,9,86,139,56,149,142,147
22,customer-1575,9,98,20,177,27,23,23
23,customer-1497,9,99,87,111,84,94,85
24,customer-1870,10,43,169,178,27,168,178
25,customer-1995,10,63,194,6,191,198,192
26,customer-138,10,65,168,32,35,29,32
27,customer-130,10,82,160,35,164,160,161
28,customer-502,10,94,0,0,0,0,236
29,customer-1376,11,16,200,0,0,1,0
30,customer-667,11,28,14,16,183,17,16
31,customer-347,11,38,36,162,164,160,169
32,customer-1259,11,82,127,75,120,126,125
33,customer-101,12,27,9,186,10,14,15
34,customer-1473,12,78,86,85,83,115,82
35,customer-1183,12,98,155,41,50,44,41
36,customer-394,12,110,0,203,1,0,0
37,customer-213,13,14,103,92,92,92,98
38,customer-1114,13,45,4,9,3,194,4
39,customer-1152,13,84,177,175,174,27,176
40,customer-1170,13,108,31,165,38,36,36
41,customer-519,14,51,50,154,147,149,155
42,customer-97,14,78,13,188,188,186,189
43,customer-1440,14,94,83,87,87,81,114
44,customer-833,14,100,101,101,104,103,95
45,customer-1777,15,16,62,137,63,63,65
46,customer-418,15,18,162,38,42,33,41
47,customer-172,15,77,49,47,52,153,52
48,customer-1408,15,109,27,177,175,168,171
49,customer-1910,16,23,179,174,170,25,173
50,customer-434,16,42,174,21,182,174,184
51,customer-1529,16,42,62,54,141,57,61
52,customer-1228,16,48,76,81,84,80,121
53,customer-141,16,59,19,21,184,21,16
54,customer-1383,16,75,38,34,40,34,165
55,customer-505,17,31,0,0,0,220,0
56,customer-380,17,33,150,55,49,54,51
57,customer-1586,17,71,0,0,213,0,0
58,customer-798,17,90,100,96,103,104,105
59,customer-899,17,103,2,1,0,0,203
60,customer-898,17,105,98,92,92,106,94
61,customer-1919,18,23,6,197,193,196,190
62,customer-797,18,38,58,60,61,54,142
63,customer-647,18,81,13,183,187,182,186
64,customer-818,18,97,0,222,0,0,0
65,customer-1479,19,99,135,62,60,69,69
66,customer-588,20,56,55,143,148,150,143
67,customer-76,20,105,124,72,131,130,127
68,customer-1703,20,111,0,0,229,0,0
69,customer-896,20,112,75,122,121,129,122
70,customer-884,21,35,138,57,57,57,66
71,customer-311,21,60,74,79,79,123,80
72,customer-1299,21,64,125,120,122,121,79
73,customer-812,21,82,77,72,74,126,70
74,customer-1006,21,91,166,30,38,37,34
75,customer-1345,21,105,51,44,51,154,41
76,customer-1711,21,111,98,101,104,98,104
77,customer-1498,22,27,127,137,135,68,131
78,customer-1694,22,32,18,24,23,25,180
79,customer-28,22,38,175,175,24,177,175
80,customer-694,22,45,0,0,0,206,0
81,customer-711,22,70,168,31,34,34,27
82,customer-1923,22,70,69,67,131,73,64
83,customer-776,22,71,127,131,71,125,125
84,customer-531,22,84,0,0,0,219,0
85,customer-740,23,97,128,137,130,68,135
86,customer-1785,23,99,0,208,0,0,0
87,customer-1252,23,112,30,29,174,27,24
88,customer-542,24,52,121,115,115,81,124
89,customer-630,24,56,100,100,100,96,99
90,customer-1975,24,58,104,110,112,91,109
91,customer-810,24,70,161,170,167,34,163
92,customer-973,24,88,52,52,152,50,53
93,customer-1997,24,89,44,156,48,47,46
94,customer-1464,24,95,83,88,114,84,90
95,customer-903,24,105,52,52,52,54,150
96,customer-809,24,114,148,51,151,149,147
97,customer-1618,24,118,51,50,46,149,46
98,customer-1769,25,36,42,43,48,44,155
99,customer-161,25,72,52,50,55,148,57
100,customer-551,25,75,34,168,166,166,165
101,customer-1650,25,112,169,171,30,166,175
102,customer-367,26,29,64,68,67,137,67
103,customer-789,26,30,123,126,122,77,126
104,customer-784,26,41,97,89,90,107,93
105,customer-1461,26,55,103,100,100,95,110
106,customer-1973,26,119,25,27,24,26,172
107,customer-1419,27,29,173,29,28,28,25
108,customer-134,27,37,113,84,120,111,119
109,customer-746,27,43,8,5,7,197,3
110,customer-139,27,88,229,0,0,0,0
111,customer-760,27,89,17,18,25,25,179
112,customer-1699,27,93,97,98,96,99,100
113,customer-378,27,95,3,201,0,2,0
114,customer-934,27,109,65,136,69,61,61
115,customer-883,28,30,104,104,102,100,95
116,customer-252,28,59,128,132,131,133,69
117,customer-1942,28,60,184,182,176,21,181
118,customer-189,28,66,172,27,169,178,169
119,customer-1169,28,92,93,98,98,97,106
120,customer-1501,28,95,170,174,26,176,177
121,customer-625,28,117,173,173,174,174,26
122,customer-181,29,38,14,14,189,14,16
123,customer-454,29,58,89,114,113,114,108
124,customer-1265,29,82,60,144,53,54,53
125,customer-1209,29,83,44,52,48,152,44
126,customer-920,29,86,156,155,163,41,160
127,customer-1407,29,114,124,126,117,79,126
128,customer-1859,29,116,44,48,44,157,41
129,customer-771,29,122,137,143,62,137,134
130,customer-1322,30,40,19,22,22,176,24
131,customer-1841,30,81,114,86,87,90,84
132,customer-912,30,86,0,0,0,0,215
133,customer-555,30,106,115,120,114,117,81
134,customer-1660,30,112,81,123,73,77,82
135,customer-481,31,34,84,75,79,121,78
136,customer-339,31,56,45,42,48,45,157
137,customer-351,31,68,176,171,28,167,174
138,customer-487,31,90,185,183,14,181,190
139,customer-1060,31,110,56,58,62,55,141
140,customer-302,32,57,80,83,80,119,84
141,customer-248,32,63,18,16,184,12,21
142,customer-1678,32,68,69,76,70,127,76
143,customer-281,32,88,116,117,126,79,122
144,customer-1962,32,102,15,12,18,183,21
145,customer-532,32,115,3,5,0,198,3
146,customer-1614,32,124,53,48,45,152,48
147,customer-472,33,67,0,205,0,0,0
148,customer-1198,33,85,43,51,154,48,47
149,customer-1674,33,91,112,121,84,119,112
150,customer-1557,33,112,0,0,288,0,0
151,customer-1115,33,113,98,99,102,97,96
152,customer-1465,34,40,112,111,91,104,109
153,customer-1,34,46,120,114,84,118,120
154,customer-1958,34,50,47,150,151,158,148
155,customer-1399,34,56,111,118,86,109,114
156,customer-1756,34,66,115,83,90,82,82
157,customer-563,34,114,159,46,46,40,43
158,customer-714,35,64,180,174,176,21,182
159,customer-871,35,94,218,0,0,0,0
160,customer-132,35,119,86,111,114,114,109
161,customer-1369,35,120,144,149,145,55,143
162,customer-506,35,130,107,115,110,90,111
163,customer-1442,36,75,184,186,189,187,13
164,customer-1485,36,107,144,141,136,143,59
165,customer-433,37,43,0,207,0,0,0
166,customer-1901,37,46,151,147,53,148,149
167,customer-1283,37,57,259,0,0,0,0
168,customer-123,37,67,89,84,115,87,83
169,customer-210,37,76,121,83,77,82,83
170,customer-1855,37,86,0,0,0,0,205
171,customer-239,37,90,158,37,39,38,42
172,customer-1874,37,90,213,0,0,0,0
173,customer-1833,37,91,74,75,74,125,76
174,customer-1512,37,98,0,0,0,0,266
175,customer-1747,38,45,46,158,42,41,43
176,customer-1570,38,61,98,107,97,102,98
177,customer-1011,38,62,0,241,0,0,0
178,customer-333,38,71,95,107,91,91,91
179,customer-444,38,71,152,153,148,50,149
180,customer-151,38,73,105,98,95,91,92
181,customer-1220,38,74,130,133,130,136,69
182,customer-1730,38,102,139,65,62,56,62
183,customer-1301,38,103,127,78,73,75,76
184,customer-550,38,119,149,52,51,46,54
185,customer-275,39,46,113,119,120,82,119
186,customer-1214,39,46,103,104,92,109,108
187,customer-1357,39,83,180,174,177,21,184
188,customer-385,39,94,12,16,17,9,188
189,customer-1582,39,100,31,23,174,29,23
190,customer-844,39,110,113,112,91,112,113
191,customer-427,40,43,0,0,0,0,216
192,customer-497,40,59,0,0,208,0,0
193,customer-1470,40,64,0,223,0,0,0
194,customer-107,40,68,56,141,60,55,58
195,customer-81,40,76,2,1,3,0,199
196,customer-1642,40,90,60,61,60,52,144
197,customer-1449,40,96,156,164,155,41,154
198,customer-779,40,102,89,94,110,87,92
199,customer-39,40,113,10,187,11,11,12
200,customer-1173,40,123,58,142,137,137,141
201,customer-1329,40,133,17,178,17,17,24
202,customer-1071,41,48,83,85,82,116,81
203,customer-1057,41,55,0,0,0,0,236
204,customer-1444,41,62,58,147,145,142,144
205,customer-661,41,77,116,84,117,114,115
206,customer-1475,41,91,90,115,80,83,86
207,customer-120,41,94,107,104,95,105,109
208,customer-1326,41,94,56,53,144,57,55
209,customer-790,41,99,123,79,116,120,120
210,customer-3,41,106,106,108,96,103,103
211,customer-208,41,108,37,38,33,164,32
212,customer-495,41,110,80,116,117,124,125
213,customer-684,41,116,60,67,64,68,136
214,customer-1061,41,128,96,94,103,96,100
215,customer-704,42,45,176,171,178,24,177
216,customer-992,42,66,63,136,61,63,60
217,customer-1010,42,74,181,18,23,15,24
218,customer-1629,42,93,127,78,124,120,126
219,customer-509,42,111,108,101,96,105,109
220,customer-1897,43,45,134,61,137,137,143
221,customer-70,43,55,107,98,98,98,99
222,customer-253,43,75,53,53,57,53,144
223,customer-635,43,131,58,143,138,147,141
224,customer-991,43,135,14,21,182,23,19
225,customer-628,44,45,32,165,37,40,35
226,customer-399,44,46,0,3,0,199,5
227,customer-608,44,61,140,59,143,142,137
228,customer-1576,44,63,169,26,31,31,32
229,customer-967,44,64,246,0,0,0,0
230,customer-212,44,66,109,87,94,88,86
231,customer-476,44,72,0,0,0,0,205
232,customer-1439,44,80,34,40,38,37,165
233,customer-358,44,104,0,197,2,5,1
234,customer-1319,44,108,101,104,102,104,98
235,customer-638,44,132,133,62,62,66,64
236,customer-1212,45,53,41,159,159,161,158
237,customer-882,45,117,95,91,94,109,96
238,customer-1718,45,119,80,74,79,121,80
239,customer-73,45,126,0,0,246,0,0
240,customer-1704,45,140,10,5,14,190,7
241,customer-727,46,53,120,119,123,119,80
242,customer-1409,46,77,19,29,22,176,19
243,customer-1816,46,77,121,83,112,120,118
244,customer-1095,46,81,41,41,46,46,154
245,customer-1507,46,84,62,60,143,60,61
246,customer-1612,46,84,149,149,46,152,157
247,customer-127,46,86,154,46,152,153,152
248,customer-764,46,92,20,177,20,25,21
249,customer-987,46,96,14,15,21,12,183
250,customer-262,46,106,62,64,63,63,133
251,customer-72,46,114,0,0,3,0,199
252,customer-359,46,122,158,160,158,159,40
253,customer-1500,46,135,20,19,185,10,20
254,customer-1250,47,60,89,112,87,88,89
255,customer-118,47,63,164,173,31,172,167
256,customer-1083,47,92,125,75,125,121,122
257,customer-1637,47,123,69,69,133,67,70
258,customer-1386,47,124,52,50,55,150,50
259,customer-1468,47,131,93,96,92,107,92
260,customer-1946,48,48,30,165,175,165,171
261,customer-894,48,87,109,88,116,117,108
262,customer-995,48,100,119,123,121,115,80
263,customer-1573,48,105,82,84,84,79,116
264,customer-1988,48,111,84,79,76,121,81
265,customer-93,48,131,137,130,137,133,66
266,customer-917,48,144,194,187,188,10,189
267,customer-54,49,49,133,129,66,137,135
268,customer-654,49,96,104,97,108,103,102
269,customer-1979,49,104,153,156,153,152,48
270,customer-44,49,122,60,144,57,57,58
271,customer-1969,49,129,152,154,156,43,157
272,customer-307,49,141,79,119,81,84,82
273,customer-463,49,144,144,141,145,56,148
274,customer-1292,50,71,87,115,109,114,111
275,customer-590,50,74,131,133,133,123,72
276,customer-1908,50,87,59,136,144,141,139
277,customer-1262,50,93,52,45,45,151,49
278,customer-1344,50,94,144,59,59,55,57
279,customer-406,50,129,42,47,157,38,48
280,customer-1020,51,52,37,167,28,38,32
281,customer-583,51,69,8,9,193,12,2
282,customer-349,51,72,79,126,121,122,126
283,customer-1284,51,74,197,0,2,8,1
284,customer-1593,51,83,11,10,6,192,6
285,customer-1481,51,87,26,170,171,178,179
286,customer-1480,51,91,3,201,0,4,0
287,customer-1884,51,119,122,130,75,122,128
288,customer-1042,51,131,157,151,45,154,157
289,customer-758,52,59,84,84,86,86,113
290,customer-791,52,69,0,0,0,209,0
291,customer-1751,52,79,108,103,109,106,95
292,customer-1200,52,80,39,38,157,38,46
293,customer-949,52,102,48,51,54,50,149
294,customer-1644,52,106,4,4,0,199,0
295,customer-1013,52,120,176,27,173,171,178
296,customer-503,52,125,18,26,22,20,177
297,customer-1715,52,140,168,175,170,173,27
298,customer-737,53,74,172,24,23,29,30
299,customer-1731,53,79,0,0,3,196,6
300,customer-895,53,89,36,168,35,29,27
301,customer-904,53,123,0,0,211,0,0
302,customer-393,53,127,151,153,154,156,47
303,customer-1347,54,67,47,51,152,46,47
304,customer-1441,54,84,93,110,89,92,91
305,customer-1566,54,90,24,179,172,173,174
306,customer-969,54,99,111,106,89,108,115
307,customer-1688,54,109,104,103,100,96,100
308,customer-1007,55,75,92,102,102,93,103
309,customer-1503,55,99,128,69,136,129,128
310,customer-1858,55,109,91,86,109,95,90
311,customer-184,55,126,109,116,111,88,117
312,customer-669,55,130,123,128,121,123,76
313,customer-848,56,62,118,86,118,111,113
314,customer-827,56,66,18,178,177,181,181
315,customer-1016,56,68,24,27,172,32,29
316,customer-402,56,71,158,153,149,157,47
317,customer-548,56,82,0,214,0,0,0
318,customer-947,56,92,135,69,60,66,64
319,customer-1236,56,95,19,14,13,185,20
320,customer-1186,56,96,94,99,102,96,101
321,customer-1385,56,97,151,51,151,147,148
322,customer-1861,56,142,145,142,137,59,142
323,customer-644,56,143,200,2,0,2,1
324,customer-186,56,145,0,0,0,250,0
325,customer-688,56,146,40,46,45,39,158
326,customer-521,57,76,80,115,80,88,82
327,customer-937,57,84,100,100,95,101,110
328,customer-388,57,85,13,10,189,13,14
329,customer-1156,57,86,123,128,76,124,126
330,customer-875,57,88,0,1,0,0,202
331,customer-1643,57,89,178,174,25,179,176
332,customer-1705,57,102,162,160,156,43,155
333,customer-364,57,114,189,7,6,13,13
334,customer-741,57,118,68,68,70,132,67
335,customer-1290,57,122,10,16,186,11,13
336,customer-1208,57,123,216,0,0,0,0
337,customer-1772,57,149,86,80,84,119,79
338,customer-451,58,67,150,53,142,142,144
339,customer-1851,58,84,53,144,142,151,143
340,customer-876,58,87,100,95,101,104,103
341,customer-600,58,92,117,87,117,114,114
342,customer-905,58,106,0,206,0,0,0
343,customer-1611,58,109,97,98,106,102,105
344,customer-1089,58,120,3,3,202,0,0
345,customer-1549,58,127,141,141,141,150,55
346,customer-939,58,128,155,46,151,153,159
347,customer-162,58,129,0,0,0,207,0
348,customer-1443,58,139,0,0,217,0,0
349,customer-1655,58,145,143,61,137,143,137
350,customer-631,58,155,1,203,1,0,0
351,customer-464,59,62,83,81,115,83,86
352,customer-751,59,66,54,143,55,58,54
353,customer-1460,59,69,91,91,112,83,85
354,customer-840,59,70,151,156,152,154,44
355,customer-105,59,88,148,49,53,47,53
356,customer-1819,59,97,138,65,57,66,67
357,customer-222,59,99,71,64,64,132,63
358,customer-1038,59,132,139,147,57,140,138
359,customer-733,59,143,164,37,165,163,167
360,customer-1244,59,145,73,71,77,126,70
361,customer-1835,60,71,133,130,68,136,135
362,customer-235,60,86,132,129,138,66,135
363,customer-1333,60,86,0,0,0,217,0
364,customer-640,60,96,64,137,58,62,58
365,customer-1828,60,130,121,82,82,75,74
366,customer-1230,60,145,103,96,109,101,102
367,customer-494,61,72,0,200,0,0,3
368,customer-804,61,74,152,156,154,156,46
369,customer-1887,61,82,40,156,40,45,43
370,customer-1332,61,108,176,27,20,27,23
371,customer-959,61,127,96,103,95,101,96
372,customer-1556,61,140,0,0,0,0,244
373,customer-1552,61,144,0,0,0,0,254
374,customer-627,61,154,162,168,160,159,36
375,customer-516,62,72,93,93,102,93,95
376,customer-660,62,75,0,0,213,0,0
377,customer-1528,62,75,132,135,70,131,133
378,customer-249,62,76,116,112,108,87,115
379,customer-950,62,81,152,53,45,45,49
380,customer-1933,62,88,4,1,0,1,198
381,customer-1928,62,99,0,3,0,202,0
382,customer-1547,62,110,41,48,155,46,47
383,customer-1564,62,113,71,67,134,69,65
384,customer-960,62,133,0,207,0,0,0
385,customer-1201,62,140,94,95,91,85,110
386,customer-84,62,152,40,36,43,40,162
387,customer-1601,63,68,89,87,92,109,87
388,customer-1346,63,85,162,39,35,40,37
389,customer-787,63,104,124,120,129,120,75
390,customer-1213,63,120,182,13,15,19,16
391,customer-1240,63,121,199,2,0,0,0
392,customer-246,63,127,163,170,169,169,32
393,customer-530,63,142,131,73,72,70,72
394,customer-1917,63,158,76,129,124,123,119
395,customer-1634,64,68,2,0,6,0,199
396,customer-696,64,72,124,124,71,128,125
397,customer-1875,64,78,0,228,0,0,0
398,customer-1881,64,80,167,29,38,37,38
399,customer-1568,64,82,177,172,26,177,178
400,customer-996,64,122,77,73,127,74,69
401,customer-629,64,123,195,186,191,9,191
402,customer-1491,65,68,31,30,32,165,40
403,customer-659,65,82,124,118,118,80,117
404,customer-690,65,90,117,122,127,117,78
405,customer-1415,65,105,4,0,0,0,200
406,customer-1916,65,107,39,47,46,158,38
407,customer-888,65,108,106,104,107,102,95
408,customer-1483,65,114,34,33,36,164,32
409,customer-337,65,116,24,34,171,25,25
410,customer-8,65,121,20,179,17,25,20
411,customer-1188,65,121,123,120,75,125,130
412,customer-1602,65,129,88,93,112,87,91
413,customer-1522,65,135,0,0,0,218,0
414,customer-492,65,140,25,177,175,177,176
415,customer-1048,65,143,157,44,158,158,155
416,customer-1487,65,150,0,0,233,0,0
417,customer-438,66,67,172,173,177,170,28
418,customer-1107,66,67,242,0,0,0,0
419,customer-1733,66,81,44,160,39,41,44
420,customer-1193,66,84,143,58,57,57,56
421,customer-199,66,97,47,149,156,153,153
422,customer-1104,66,141,65,135,137,140,136
423,customer-1382,66,149,68,137,128,137,134
424,customer-1721,66,162,124,77,76,74,81
425,customer-633,67,78,0,207,0,0,0
426,customer-1740,67,78,155,147,49,156,155
427,customer-538,67,93,137,130,139,65,134
428,customer-1653,67,93,69,128,67,70,73
429,customer-2,67,102,23,28,32,173,22
430,customer-735,67,129,0,229,0,0,0
431,customer-113,67,140,72,68,129,69,72
432,customer-817,67,149,117,114,81,114,118
433,customer-131,68,75,25,26,27,21,176
434,customer-1770,68,89,148,148,140,140,56
435,customer-55,68,100,142,148,55,140,144
436,customer-1735,68,118,66,63,64,59,138
437,customer-1130,68,142,67,130,132,128,134
438,customer-1014,68,147,10,8,192,9,6
439,customer-1161,68,161,118,114,110,85,112
440,customer-1580,69,82,19,21,25,177,21
441,customer-1729,69,86,63,61,61,57,140
442,customer-534,69,91,216,0,0,0,0
443,customer-1040,69,94,151,48,149,153,150
444,customer-1064,69,96,73,76,125,78,74
445,customer-384,69,136,2,0,0,202,0
446,customer-443,69,139,183,181,17,188,179
447,customer-420,69,150,168,165,32,167,173
448,customer-831,70,80,124,75,125,123,123
449,customer-1757,70,109,143,56,140,142,148
450,customer-15,70,114,109,92,94,96,94
451,customer-823,70,117,119,121,121,118,84
452,customer-1824,70,118,24,21,23,176,21
453,customer-1707,70,125,121,82,122,115,120
454,customer-652,70,126,101,97,102,95,101
455,customer-1630,70,148,121,82,119,114,119
456,customer-1502,70,164,147,55,150,144,150
457,customer-1913,70,164,79,88,89,116,86
458,customer-1829,71,73,84,88,88,90,114
459,customer-1360,71,75,148,147,142,147,54
460,customer-572,71,92,6,3,8,197,7
461,customer-1045,71,101,94,94,107,90,97
462,customer-909,71,111,109,115,118,87,113
463,customer-1743,71,126,163,164,161,158,41
464,customer-356,71,132,23,18,181,24,19
465,customer-111,71,133,181,19,186,182,181
466,customer-1472,71,134,15,190,187,181,188
467,customer-1059,71,147,139,138,141,61,138
468,customer-312,71,155,128,129,128,126,74
469,customer-1628,71,160,92,92,96,90,107
470,customer-190,71,165,84,83,86,83,112
471,customer-1986,72,74,246,0,0,0,0
472,customer-1291,72,83,178,17,18,27,23
473,customer-510,72,101,66,70,60,65,135
474,customer-1590,72,105,196,193,9,187,192
475,customer-1509,72,126,92,107,92,89,88
476,customer-1786,72,131,190,14,12,8,9
477,customer-261,72,134,17,18,12,16,186
478,customer-268,72,140,36,32,169,32,36
479,customer-1692,73,84,16,17,10,188,9
480,customer-1526,73,87,143,150,144,142,53
481,customer-392,73,89,6,9,195,3,4
482,customer-1281,73,89,41,162,154,158,159
483,customer-1775,73,89,13,183,17,21,18
484,customer-1462,73,90,40,156,155,161,158
485,customer-298,73,99,13,183,21,14,17
486,customer-618,73,101,130,65,132,132,132
487,customer-1702,73,105,87,117,83,79,80
488,customer-1312,73,107,18,186,14,18,9
489,customer-340,73,122,95,90,90,94,110
490,customer-1296,73,126,31,167,37,28,31
491,customer-278,73,144,113,86,86,89,92
492,customer-374,73,150,146,51,58,53,49
493,customer-1610,73,168,115,106,112,109,90
494,customer-1802,74,92,130,131,70,130,131
495,customer-461,74,97,49,45,154,44,45
496,customer-1720,74,97,159,161,160,41,162
497,customer-201,74,101,91,110,106,106,114
498,customer-592,74,116,188,9,17,10,9
499,customer-1761,74,126,12,10,16,10,187
500,customer-664,74,133,93,99,97,106,90
501,customer-1745,74,145,34,28,167,32,35
502,customer-403,74,154,50,46,149,50,49
503,customer-1746,74,160,0,0,0,0,247
504,customer-18,75,109,225,0,0,0,0
505,customer-1146,75,109,133,136,140,64,137
506,customer-230,75,116,116,117,84,115,112
507,customer-1877,75,153,76,126,79,71,70
508,customer-838,75,164,45,43,155,41,44
509,customer-297,76,77,132,138,140,141,63
510,customer-801,76,83,32,29,32,167,32
511,customer-1036,76,113,0,0,211,0,0
512,customer-1930,76,141,102,106,103,106,99
513,customer-1914,76,160,0,0,273,0,0
514,customer-1685,76,165,114,87,111,117,114
515,customer-1741,76,174,105,101,100,98,103
516,customer-225,77,78,0,0,0,220,0
517,customer-322,77,84,156,48,48,40,45
518,customer-207,77,96,220,0,0,0,0
519,customer-1790,77,111,191,196,193,5,199
520,customer-310,77,112,123,129,128,127,74
521,customer-724,77,119,155,49,46,42,40
522,customer-1822,77,124,78,125,122,125,123
523,customer-728,77,130,35,39,165,34,36
524,customer-166,77,132,149,46,55,49,50
525,customer-1178,77,140,31,28,26,28,173
526,customer-1937,77,143,75,128,76,76,76
527,customer-13,77,160,5,192,7,13,6
528,customer-586,77,167,41,37,38,159,43
529,customer-1799,77,167,78,127,78,77,68
530,customer-1116,77,172,29,169,33,30,33
531,customer-1451,78,78,12,13,15,12,183
532,customer-645,78,105,136,60,63,66,67
533,customer-808,78,107,86,116,109,110,110
534,customer-1631,78,108,0,0,227,0,0
535,customer-1335,78,112,25,180,25,19,16
536,customer-1144,78,123,47,46,157,45,42
537,customer-1009,78,124,54,56,57,142,57
538,customer-720,78,147,108,115,111,111,90
539,customer-1037,78,161,57,55,52,144,58
540,customer-1813,78,164,61,56,142,55,56
541,customer-673,79,101,88,109,112,111,116
542,customer-1054,79,101,168,29,33,35,32
543,customer-1029,79,105,200,5,0,0,0
544,customer-1693,79,112,8,2,197,2,7
545,customer-372,79,114,50,56,52,55,146
546,customer-1810,79,121,152,144,144,151,52
547,customer-643,79,135,137,134,141,135,64
548,customer-1391,79,152,80,81,79,83,116
549,customer-1763,79,161,65,64,136,68,59
550,customer-106,79,169,84,121,78,80,75
551,customer-990,80,85,71,70,69,73,131
552,customer-1698,80,92,80,83,115,89,84
553,customer-1513,80,98,0,0,0,232,0
554,customer-1517,80,105,108,95,87,94,89
555,customer-642,80,125,175,25,20,27,30
556,customer-1723,80,138,103,100,95,95,94
557,customer-1024,80,157,79,117,81,88,88
558,customer-742,80,160,88,111,110,111,114
559,customer-135,80,166,120,121,82,118,120
560,customer-214,80,167,52,143,143,148,147
561,customer-1410,80,172,147,144,154,51,145
562,customer-1495,81,95,69,65,131,66,72
563,customer-873,81,99,0,0,240,0,0
564,customer-228,81,102,205,0,0,0,0
565,customer-173,81,107,89,85,114,83,86
566,customer-179,81,140,163,153,42,161,158
567,customer-1753,81,152,101,100,96,107,106
568,customer-48,81,163,146,145,145,58,139
569,customer-369,82,86,74,75,81,79,123
570,customer-1534,82,90,202,0,0,0,0
571,customer-1672,82,91,37,28,27,27,168
572,customer-919,82,94,44,48,43,46,152
573,customer-1826,82,103,147,145,52,147,147
574,customer-613,82,117,49,151,150,156,154
575,customer-695,82,120,49,50,51,54,146
576,customer-9,82,128,41,38,161,44,44
577,customer-622,82,147,162,40,162,155,155
578,customer-1847,82,155,93,112,91,85,89
579,customer-1261,82,163,0,260,0,0,0
580,customer-1018,82,165,79,80,118,83,77
581,customer-1572,82,173,104,100,91,97,91
582,customer-279,83,98,0,0,0,1,199
583,customer-441,83,100,161,157,38,160,163
584,customer-1600,83,106,53,149,47,56,53
585,customer-639,83,114,77,73,78,125,76
586,customer-459,83,128,153,51,49,50,49
587,customer-1993,83,152,60,144,140,140,138
588,customer-1478,83,154,87,83,113,90,86
589,customer-546,83,157,6,0,1,196,2
590,customer-513,83,162,48,150,50,51,47
591,customer-999,83,165,0,0,0,204,0
592,customer-1737,84,89,58,57,138,63,61
593,customer-553,84,94,201,0,0,1,2
594,customer-624,84,108,0,0,0,274,0
595,customer-1255,84,116,31,174,171,165,170
596,customer-1639,84,120,77,78,77,78,119
597,customer-1363,84,131,207,0,0,0,0
598,customer-57,84,136,160,163,41,160,162
599,customer-1192,84,139,0,0,234,0,0
600,customer-1122,84,145,0,0,0,0,234
601,customer-621,84,155,39,157,43,43,46
602,customer-1295,84,173,129,72,125,125,130
603,customer-750,85,85,141,62,137,133,139
604,customer-92,85,98,48,147,53,52,52
605,customer-1174,85,105,71,63,63,134,70
606,customer-280,85,112,151,44,160,153,152
607,customer-1849,85,113,99,102,96,101,98
608,customer-64,85,118,140,136,141,135,60
609,customer-1141,85,118,149,150,145,143,54
610,customer-731,85,119,43,157,155,154,156
611,customer-738,85,129,0,199,1,0,0
612,customer-1845,85,135,8,188,188,187,191
613,customer-913,85,141,186,186,182,187,18
614,customer-1471,85,141,162,159,162,163,36
615,customer-569,85,149,43,48,45,156,49
616,customer-386,85,157,163,168,169,35,162
617,customer-1989,86,94,139,63,135,140,140
618,customer-700,86,100,113,108,115,114,90
619,customer-1886,86,113,139,136,134,63,135
620,customer-864,86,143,117,119,114,84,112
621,customer-1669,86,144,3,193,5,12,5
622,customer-1778,87,98,129,66,130,130,132
623,customer-1563,87,101,55,51,145,60,56
624,customer-561,87,115,59,136,142,144,146
625,customer-921,87,123,40,41,162,43,43
626,customer-346,87,151,120,113,111,84,111
627,customer-1204,87,153,210,0,0,0,0
628,customer-466,87,161,85,80,116,83,79
629,customer-1124,87,173,84,93,89,111,85
630,customer-911,87,175,171,31,174,164,174
631,customer-371,88,92,121,121,83,121,118
632,customer-1846,88,97,128,75,120,130,124
633,customer-50,88,105,130,131,136,68,131
634,customer-168,88,105,0,0,0,0,223
635,customer-468,88,141,69,72,69,128,72
636,customer-74,88,144,87,118,109,118,112
637,customer-61,88,152,0,233,0,0,0
638,customer-1921,88,159,71,76,75,128,69
639,customer-6,88,182,151,157,154,153,48
640,customer-1726,89,96,82,83,83,74,121
641,customer-604,89,106,35,36,169,31,36
642,customer-1856,89,114,169,171,171,162,33
643,customer-906,89,130,58,146,56,53,58
644,customer-498,89,137,124,71,126,130,132
645,customer-1839,89,138,149,51,50,48,47
646,customer-1313,89,140,45,49,154,42,43
647,customer-477,89,142,42,46,45,46,154
648,customer-556,89,156,8,12,18,12,187
649,customer-1205,89,156,50,154,155,153,148
650,customer-762,89,160,58,147,57,51,50
651,customer-1019,89,175,55,147,58,53,50
652,customer-1722,89,180,56,54,148,53,52
653,customer-1238,90,94,45,42,159,45,39
654,customer-314,90,102,153,152,147,50,149
655,customer-802,90,102,164,162,160,38,164
656,customer-1044,90,108,189,185,12,185,188
657,customer-195,90,116,132,124,71,129,130
658,customer-290,90,129,0,0,0,0,231
659,customer-1927,90,142,129,126,125,129,75
660,customer-931,90,162,232,0,0,0,0
661,customer-962,90,169,16,14,16,16,185
662,customer-1535,90,176,69,72,69,132,72
663,customer-250,90,178,192,13,3,12,7
664,customer-842,90,180,65,58,59,137,68
665,customer-1657,90,190,43,37,45,160,40
666,customer-1857,91,91,177,22,183,177,174
667,customer-918,91,114,153,49,154,152,156
668,customer-397,91,127,85,75,76,120,77
669,customer-811,91,133,117,115,112,84,111
670,customer-1649,91,136,108,91,87,91,87
671,customer-1185,91,140,121,118,84,121,118
672,customer-1216,91,142,133,128,128,133,69
673,customer-156,91,161,92,87,92,111,84
674,customer-256,91,167,100,96,103,100,109
675,customer-1939,91,169,53,50,151,51,45
676,customer-1510,92,105,80,82,72,123,81
677,customer-320,92,110,66,70,74,129,70
678,customer-470,92,126,123,73,127,126,130
679,customer-1896,92,126,140,135,142,63,132
680,customer-244,92,137,27,176,173,170,175
681,customer-1065,92,143,34,27,168,32,31
682,customer-636,92,154,38,43,44,161,43
683,customer-1428,92,166,178,23,173,175,180
684,customer-807,93,94,133,135,140,63,142
685,customer-1032,93,99,136,137,129,129,67
686,customer-732,93,100,44,44,39,42,156
687,customer-1624,93,109,0,5,196,5,9
688,customer-387,93,113,39,40,43,38,158
689,customer-545,93,126,152,51,52,53,51
690,customer-53,93,130,0,0,0,0,235
691,customer-82,93,140,94,92,94,95,107
692,customer-382,93,144,182,22,16,20,20
693,customer-1616,93,163,168,36,160,164,160
694,customer-1864,93,163,103,95,97,101,102
695,customer-1865,93,168,0,0,0,0,270
696,customer-486,93,172,29,32,30,30,169
697,customer-34,93,182,221,0,0,0,0
698,customer-1043,93,186,157,154,154,158,47
699,customer-99,93,187,208,0,0,0,0
700,customer-205,94,105,29,172,24,23,28
701,customer-1207,94,105,114,86,117,113,118
702,customer-1218,94,118,106,110,90,112,111
703,customer-699,94,134,94,91,95,90,108
704,customer-335,94,140,143,136,59,138,140
705,customer-805,94,146,124,73,75,72,72
706,customer-792,94,149,25,27,32,173,22
707,customer-1598,94,158,30,166,36,32,35
708,customer-35,94,164,0,0,0,276,0
709,customer-892,94,183,163,169,169,32,171
710,customer-774,95,103,168,37,37,29,34
711,customer-601,95,109,11,3,11,192,12
712,customer-1788,95,119,0,0,0,221,0
713,customer-1191,95,122,79,120,76,80,77
714,customer-1504,95,126,161,42,155,159,160
715,customer-581,95,132,84,119,86,76,81
716,customer-978,95,169,165,161,159,158,39
717,customer-126,95,176,141,55,144,143,143
718,customer-1308,95,178,107,97,107,97,98
719,customer-533,95,193,206,0,0,0,0
720,customer-1712,96,108,157,44,157,155,154
721,customer-1358,96,109,184,185,13,192,188
722,customer-1982,96,110,101,105,98,101,106
723,customer-188,96,119,23,17,25,20,179
724,customer-1956,96,129,192,9,6,8,5
725,customer-1686,96,135,74,75,71,130,69
726,customer-59,96,147,265,0,0,0,0
727,customer-748,96,152,178,17,18,21,24
728,customer-224,96,167,176,175,174,183,21
729,customer-1412,97,138,168,165,162,36,169
730,customer-1427,97,139,117,87,87,88,78
731,customer-1553,97,140,176,176,175,22,178
732,customer-1448,97,156,201,4,0,3,2
733,customer-1890,97,175,129,136,128,68,128
734,customer-1836,98,103,91,98,98,105,94
735,customer-602,98,126,0,0,202,2,0
736,customer-1426,98,130,174,30,170,174,174
737,customer-745,98,134,158,44,45,43,38
738,customer-1974,98,154,150,55,144,147,142
739,customer-163,98,157,49,154,43,45,42
740,customer-1719,98,161,57,64,138,66,66
741,customer-203,98,170,21,12,14,184,15
742,customer-713,98,170,143,52,55,58,53
743,customer-286,98,185,148,152,47,148,155
744,customer-865,98,191,161,38,40,36,37
745,customer-1787,99,103,0,0,208,0,0
746,customer-1466,99,124,198,4,191,197,198
747,customer-1992,99,124,0,0,0,232,0
748,customer-1241,99,132,79,123,120,116,125
749,customer-1548,99,137,16,17,188,7,17
750,customer-1949,99,146,0,0,0,234,0
751,customer-187,99,157,151,51,149,145,153
752,customer-582,99,160,98,97,103,96,102
753,customer-773,99,160,131,126,69,130,132
754,customer-1571,99,166,175,179,22,179,173
755,customer-763,99,169,0,0,0,0,216
756,customer-1080,99,175,16,15,9,18,186
757,customer-291,100,114,105,93,111,105,107
758,customer-1242,100,135,168,175,30,175,166
759,customer-1744,100,152,14,9,12,188,9
760,customer-1125,100,156,0,0,0,211,0
761,customer-1371,100,156,60,51,56,144,51
762,customer-94,100,157,0,0,0,0,214
763,customer-1765,100,176,159,45,42,41,42
764,customer-765,100,188,0,0,253,0,0
765,customer-110,100,190,0,0,0,0,246
766,customer-589,100,192,111,104,91,111,107
767,customer-1898,101,107,0,0,212,0,0
768,customer-933,101,115,0,2,8,197,3
769,customer-1341,101,117,31,35,168,32,30
770,customer-1288,101,125,141,135,63,138,141
771,customer-1482,101,136,231,0,0,0,0
772,customer-839,101,138,0,0,0,0,236
773,customer-587,101,143,199,195,1,199,197
774,customer-881,101,144,78,75,123,73,75
775,customer-1276,101,145,79,83,82,122,77
776,customer-646,101,151,0,0,238,0,0
777,customer-1257,101,170,16,11,15,15,187
778,customer-88,101,189,53,47,51,151,44
779,customer-1983,101,189,40,43,161,38,37
780,customer-219,102,115,81,79,78,79,121
781,customer-128,102,118,42,33,43,35,162
782,customer-1695,102,126,84,84,84,115,89
783,customer-1493,102,129,116,112,107,107,88
784,customer-1091,102,132,67,68,64,68,133
785,customer-1098,102,152,177,173,177,168,28
786,customer-1067,102,170,0,0,214,0,0
787,customer-237,102,172,81,122,77,82,73
788,customer-1433,102,176,122,80,83,82,77
789,customer-595,102,178,110,85,117,111,117
790,customer-460,102,179,86,91,92,87,112
791,customer-63,102,189,7,2,4,195,4
792,customer-1123,103,110,8,10,10,192,4
793,customer-345,103,113,24,24,27,174,22
794,customer-1801,103,114,90,81,90,87,114
795,customer-1931,103,120,171,176,177,170,25
796,customer-1531,103,133,169,28,34,26,26
797,customer-1542,103,134,125,121,127,75,122
798,customer-691,103,148,93,105,106,108,110
799,customer-795,103,162,177,27,173,177,171
800,customer-260,103,170,162,38,39,38,42
801,customer-1049,103,191,64,138,134,132,138
802,customer-778,103,193,146,53,144,150,148
803,customer-775,103,197,122,121,115,123,80
804,customer-1659,104,144,50,150,50,50,51
805,customer-1867,104,145,0,0,0,0,242
806,customer-743,104,152,40,164,161,158,155
807,customer-1687,104,158,85,110,95,87,90
808,customer-1530,104,159,176,20,20,26,26
809,customer-679,104,165,76,126,71,75,72
810,customer-1372,104,175,149,50,147,149,152
811,customer-1343,104,178,0,0,0,0,249
812,customer-665,104,186,182,180,23,182,172
813,customer-734,104,198,134,133,65,130,132
814,customer-362,104,199,39,165,34,40,35
815,customer-822,105,120,140,136,65,131,132
816,customer-1673,105,122,74,66,67,68,131
817,customer-1171,105,131,21,30,31,29,174
818,customer-1516,105,132,53,143,143,143,152
819,customer-295,105,144,19,12,21,184,16
820,customer-1714,105,145,75,125,73,76,72
821,customer-165,105,149,98,102,96,93,96
822,customer-429,105,154,13,14,15,15,189
823,customer-1488,105,158,154,151,155,45,156
824,customer-122,105,162,143,57,57,60,53
825,customer-1710,105,175,97,94,91,104,99
826,customer-1314,105,191,77,80,79,75,123
827,customer-597,105,194,58,142,145,143,146
828,customer-777,105,194,62,142,63,63,54
829,customer-40,106,119,38,157,39,40,46
830,customer-1334,106,127,178,25,180,174,175
831,customer-1879,106,127,167,163,163,38,166
832,customer-1373,106,153,146,51,52,51,53
833,customer-1599,106,174,131,128,128,131,70
834,customer-1690,106,174,35,29,33,166,39
835,customer-1215,107,113,0,0,0,0,211
836,customer-1066,107,130,146,146,148,56,139
837,customer-14,107,139,91,90,110,90,90
838,customer-697,107,175,118,77,83,79,80
839,customer-149,107,186,25,178,179,180,180
840,customer-860,108,110,41,39,163,39,36
841,customer-908,108,121,31,22,28,23,173
842,customer-191,108,134,64,133,136,133,141
843,customer-1632,108,141,29,20,175,26,22
844,customer-1706,108,144,5,4,8,195,2
845,customer-202,108,145,0,0,0,253,0
846,customer-1541,108,151,64,71,74,69,131
847,customer-1925,108,166,0,0,219,0,0
848,customer-856,108,198,16,187,11,9,17
849,customer-363,109,124,162,42,154,154,156
850,customer-1907,109,131,0,210,0,0,0
851,customer-522,109,135,108,103,109,94,108
852,customer-175,109,143,117,88,78,83,86
853,customer-422,109,193,136,63,133,139,137
854,customer-255,109,196,51,152,47,45,50
855,customer-1053,109,199,30,39,30,165,39
856,customer-1375,110,123,9,5,196,9,6
857,customer-453,110,130,163,162,41,160,162
858,customer-1679,110,136,76,86,119,80,81
859,customer-803,110,138,160,36,161,167,163
860,customer-51,110,141,64,69,133,65,63
861,customer-1838,110,152,44,42,156,39,48
862,customer-1654,110,155,0,0,0,216,0
863,customer-318,110,159,137,59,68,65,65
864,customer-1817,110,167,146,154,147,49,156
865,customer-1321,110,174,135,143,139,135,60
866,customer-1452,110,190,37,39,43,158,45
867,customer-267,110,196,70,69,63,135,70
868,customer-445,110,197,109,91,112,112,106
869,customer-1805,110,199,97,100,101,105,105
870,customer-915,110,201,77,76,124,71,72
871,customer-754,111,122,102,93,96,100,94
872,customer-27,111,148,50,153,49,52,51
873,customer-983,111,183,82,117,85,83,78
874,customer-277,111,187,0,0,0,226,0
875,customer-233,111,197,64,65,63,132,68
876,customer-1025,111,202,48,157,47,44,40
877,customer-1249,112,119,77,73,72,128,71
878,customer-65,112,123,159,154,44,155,153
879,customer-1518,112,126,190,195,5,200,199
880,customer-584,112,134,12,14,18,184,14
881,customer-1899,112,141,44,160,35,41,44
882,customer-1181,112,145,54,147,49,56,53
883,customer-1689,112,145,168,31,174,165,168
884,customer-626,112,150,0,0,0,0,211
885,customer-169,112,152,109,91,96,90,90
886,customer-648,112,163,151,145,148,143,54
887,customer-288,112,174,45,48,40,41,157
888,customer-1453,112,179,26,23,173,25,32
889,customer-153,112,190,35,165,40,39,34
890,customer-615,112,197,115,120,85,115,116
891,customer-1246,113,121,64,132,133,140,135
892,customer-1271,113,136,12,13,192,5,5
893,customer-1092,113,165,0,0,0,208,0
894,customer-1081,113,168,20,175,22,29,22
895,customer-1231,113,175,53,56,54,58,145
896,customer-657,113,177,27,25,31,34,171
897,customer-96,114,115,22,182,20,15,18
898,customer-1027,114,117,108,110,110,107,89
899,customer-313,114,145,34,161,169,168,165
900,customer-753,114,147,115,110,87,109,116
901,customer-450,114,149,81,124,80,79,76
902,customer-377,114,162,124,122,128,76,120
903,customer-1418,114,164,96,105,91,92,97
904,customer-1638,114,175,239,0,0,0,0
905,customer-1304,114,178,131,66,129,139,134
906,customer-1026,114,182,40,160,159,156,157
907,customer-1365,114,190,64,70,65,65,131
908,customer-1390,114,198,140,141,145,148,57
909,customer-1905,114,203,0,0,0,0,205
910,customer-668,115,128,225,0,0,0,0
911,customer-271,115,143,22,15,14,183,19
912,customer-1617,115,144,129,133,71,126,125
913,customer-336,115,149,62,54,143,60,54
914,customer-1948,115,149,44,44,52,151,48
915,customer-1651,115,151,47,54,47,148,50
916,customer-71,115,161,99,99,99,97,101
917,customer-150,115,161,168,37,162,161,167
918,customer-793,115,163,0,218,0,0,0
919,customer-1792,115,170,49,150,149,147,150
920,customer-400,115,171,72,74,130,68,75
921,customer-925,115,189,95,105,95,94,94
922,customer-1873,115,192,41,38,43,40,162
923,customer-1667,115,201,31,30,170,29,33
924,customer-1626,116,117,192,192,196,6,195
925,customer-851,116,126,110,106,104,103,95
926,customer-1619,116,132,94,109,111,104,103
927,customer-989,116,137,0,0,256,0,0
928,customer-1648,116,145,134,141,143,134,61
929,customer-1154,116,151,194,192,191,6,197
930,customer-482,116,154,80,84,78,86,117
931,customer-1108,116,154,64,70,70,63,135
932,customer-780,116,156,129,131,129,127,73
933,customer-707,116,167,47,154,49,47,43
934,customer-1338,116,170,201,1,0,0,4
935,customer-1842,116,192,0,0,0,0,248
936,customer-846,116,201,162,164,157,40,158
937,customer-747,117,117,30,35,32,36,167
938,customer-75,117,129,28,19,18,177,22
939,customer-299,117,138,4,0,200,0,4
940,customer-527,117,138,61,62,140,60,56
941,customer-379,117,139,98,104,98,104,100
942,customer-759,117,172,175,174,24,175,177
943,customer-421,117,174,222,0,0,0,0
944,customer-294,117,183,76,76,72,81,124
945,customer-1039,117,198,95,94,89,107,88
946,customer-1781,117,199,131,74,64,68,71
947,customer-465,117,204,0,0,0,202,0
948,customer-215,117,205,93,109,86,86,86
949,customer-1294,117,211,131,131,127,72,126
950,customer-330,118,127,148,52,150,145,150
951,customer-965,118,129,74,73,127,78,73
952,customer-815,118,133,235,0,0,0,0
953,customer-1652,118,135,77,80,74,76,124
954,customer-1400,118,162,82,80,81,85,116
955,customer-1663,118,179,0,0,277,0,0
956,customer-1279,118,187,162,35,170,169,166
957,customer-245,118,189,153,50,44,47,49
958,customer-1484,118,198,162,157,153,42,161
959,customer-829,118,200,43,48,42,157,43
960,customer-1147,118,201,125,71,127,125,126
961,customer-1111,118,217,33,35,33,33,167
962,customer-12,119,126,98,104,93,98,99
963,customer-30,119,153,81,119,84,85,85
964,customer-238,119,162,65,61,71,134,65
965,customer-1871,119,181,10,191,8,12,14
966,customer-1254,119,187,31,38,37,164,36
967,customer-177,119,212,0,254,0,0,0
968,customer-976,119,213,159,161,156,42,161
969,customer-194,120,120,26,27,32,27,171
970,customer-103,120,134,133,133,66,136,135
971,customer-309,120,134,99,94,106,99,94
972,customer-1148,120,146,182,22,174,181,176
973,customer-1234,120,168,108,107,95,106,104
974,customer-619,120,169,37,164,34,37,40
975,customer-1381,120,192,192,186,184,12,188
976,customer-1101,120,198,162,163,158,40,156
977,customer-29,120,206,136,64,139,137,133
978,customer-850,121,125,17,17,19,27,178
979,customer-1406,121,145,216,0,0,0,0
980,customer-1613,121,157,95,87,96,108,91
981,customer-83,121,199,202,2,0,0,0
982,customer-1550,121,213,74,67,66,130,73
983,customer-1118,122,130,0,0,0,0,219
984,customer-1317,122,138,160,160,35,170,160
985,customer-1120,122,142,38,39,33,35,166
986,customer-435,122,158,38,42,41,34,162
987,customer-942,122,159,73,77,81,122,78
988,customer-1219,122,163,0,0,242,0,0
989,customer-155,122,166,75,74,70,75,129
990,customer-1196,122,169,100,101,94,101,103
991,customer-1782,122,187,85,92,92,112,87
992,customer-558,122,199,82,73,80,75,122
993,customer-206,122,212,55,52,58,57,145
994,customer-1539,123,129,0,0,261,0,0
995,customer-1323,123,135,105,105,90,106,114
996,customer-1587,123,139,146,52,144,149,150
997,customer-1165,123,150,38,160,36,44,37
998,customer-1797,123,166,127,124,128,71,130
999,customer-717,123,170,87,79,85,117,86
1000,customer-401,123,188,185,17,18,17,19
1001,customer-415,123,188,98,104,92,91,93
1002,customer-1421,123,206,0,0,217,0,0
1003,customer-1506,123,213,270,0,0,0,0
1004,customer-381,124,134,97,101,101,93,102
1005,customer-614,124,139,89,90,106,90,92
1006,customer-932,124,144,184,16,11,13,21
1007,customer-836,124,148,32,32,172,28,23
1008,customer-108,124,156,175,29,21,23,29
1009,customer-1878,124,186,72,77,128,70,67
1010,customer-1978,124,186,130,126,71,133,131
1011,customer-1977,124,195,28,167,33,32,33
1012,customer-1033,124,197,27,171,24,31,29
1013,customer-80,124,199,60,137,135,144,141
1014,customer-1374,124,202,61,58,62,56,142
1015,customer-17,124,211,19,25,179,18,17
1016,customer-1180,124,217,87,115,86,88,84
1017,customer-1221,124,219,111,88,87,93,88
1018,customer-1162,125,127,37,158,40,38,42
1019,customer-67,125,131,31,26,30,170,35
1020,customer-674,125,157,0,0,0,0,205
1021,customer-1142,125,163,60,55,140,64,62
1022,customer-900,125,177,102,100,95,98,94
1023,customer-31,125,190,119,115,120,114,82
1024,customer-1267,125,211,86,83,87,82,116
1025,customer-1677,126,126,69,133,132,136,128
1026,customer-1664,126,132,132,72,72,67,66
1027,customer-45,126,136,0,0,3,198,0
1028,customer-1994,126,138,66,64,56,65,139
1029,customer-1862,126,139,0,0,226,0,0
1030,customer-329,126,146,23,22,25,175,25
1031,customer-693,126,169,63,55,63,140,61
1032,customer-231,126,181,96,96,89,89,108
1033,customer-1749,126,186,124,125,123,74,131
1034,customer-1113,126,202,130,134,132,71,127
1035,customer-755,126,211,242,0,0,0,0
1036,customer-702,126,225,142,142,150,54,151
1037,customer-769,127,135,36,29,169,30,36
1038,customer-1791,127,136,126,75,122,129,124
1039,customer-819,127,145,37,34,32,34,164
1040,customer-496,127,150,71,127,72,69,71
1041,customer-1540,127,154,117,85,80,84,81
1042,customer-456,127,157,157,159,164,160,38
1043,customer-634,127,160,66,132,63,68,72
1044,customer-800,127,166,0,0,0,261,0
1045,customer-1121,127,178,171,173,171,173,32
1046,customer-86,127,197,170,31,31,25,33
1047,customer-1157,128,131,176,28,175,176,173
1048,customer-525,128,133,44,41,43,157,42
1049,customer-1904,128,150,0,0,238,0,0
1050,customer-360,128,160,34,170,166,171,162
1051,customer-1247,128,162,11,7,193,12,8
1052,customer-863,128,163,0,0,0,243,0
1053,customer-1957,128,176,84,86,90,113,85
1054,customer-176,128,191,72,64,133,71,68
1055,customer-1305,128,201,160,39,42,38,43
1056,customer-1752,128,215,132,66,130,138,135
1057,customer-395,129,131,130,132,65,131,135
1058,customer-1275,129,148,5,5,8,197,4
1059,customer-1210,129,153,59,63,142,53,62
1060,customer-1378,129,160,101,91,100,93,104
1061,customer-1759,129,167,0,223,0,0,0
1062,customer-559,129,172,11,6,2,193,11
1063,customer-308,129,174,220,0,0,0,0
1064,customer-537,129,174,11,187,10,10,16
1065,customer-158,129,179,66,134,130,136,130
1066,customer-616,129,201,24,23,24,21,179
1067,customer-1850,129,218,188,11,17,11,13
1068,customer-877,130,133,96,98,100,98,103
1069,customer-813,130,143,0,0,213,0,0
1070,customer-1422,130,145,131,131,125,127,70
1071,customer-1467,130,150,60,65,57,139,56
1072,customer-554,130,152,50,54,49,150,54
1073,customer-296,130,156,7,13,7,7,190
1074,customer-1047,130,181,101,103,98,102,93
1075,customer-1397,130,190,22,182,174,180,181
1076,customer-940,130,198,174,28,31,26,30
1077,customer-1133,130,198,49,147,52,53,56
1078,customer-1615,131,131,126,122,79,117,124
1079,customer-974,131,149,0,0,0,0,215
1080,customer-1085,131,162,5,6,196,1,9
1081,customer-1450,131,195,153,147,151,49,153
1082,customer-1087,131,206,118,124,118,124,80
1083,customer-1075,131,215,225,0,0,0,0
1084,customer-1641,132,135,173,30,24,30,23
1085,customer-1953,132,144,165,170,163,32,170
1086,customer-1155,132,148,5,190,6,12,8
1087,customer-85,132,165,16,14,16,184,14
1088,customer-305,132,173,172,33,166,167,163
1089,customer-623,132,174,0,0,0,255,0
1090,customer-1002,132,187,125,78,76,75,70
1091,customer-517,132,189,0,7,8,8,197
1092,customer-1668,132,200,174,171,27,178,173
1093,customer-1920,132,203,1,0,1,2,203
1094,customer-514,132,208,0,208,0,0,0
1095,customer-1293,132,211,52,50,48,53,149
1096,customer-436,132,220,87,91,85,91,111
1097,customer-1005,133,141,4,8,0,0,197
1098,customer-1423,133,151,63,56,142,61,57
1099,customer-1764,133,152,25,23,18,22,177
1100,customer-1086,133,176,25,178,179,180,171
1101,customer-982,133,177,94,104,108,108,108
1102,customer-1883,133,177,5,6,197,8,7
1103,customer-946,133,190,35,33,32,163,41
1104,customer-1808,133,191,98,98,102,101,104
1105,customer-77,133,204,55,147,55,50,50
1106,customer-893,133,205,167,37,38,37,33
1107,customer-19,133,210,99,96,106,100,107
1108,customer-1463,134,156,188,7,11,8,9
1109,customer-243,134,162,140,150,55,146,143
1110,customer-1987,134,182,143,138,61,135,136
1111,customer-68,134,226,5,5,7,191,4
1112,customer-828,135,136,127,70,132,127,131
1113,customer-1783,135,150,55,63,141,60,54
1114,customer-796,135,153,4,8,191,6,12
1115,customer-226,135,157,121,76,127,129,120
1116,customer-1515,135,165,99,99,103,102,102
1117,customer-334,135,179,110,108,109,89,106
1118,customer-1950,135,205,0,0,0,224,0
1119,customer-610,135,208,161,161,165,34,171
1120,customer-1139,135,215,21,183,18,20,16
1121,customer-1732,135,229,82,87,88,84,114
1122,customer-1224,136,138,119,77,82,77,85
1123,customer-1311,136,149,129,73,129,126,127
1124,customer-242,136,158,135,137,130,129,66
1125,customer-375,136,165,134,67,71,61,66
1126,customer-820,136,173,107,108,105,111,92
1127,customer-524,136,185,81,83,84,117,79
1128,customer-266,136,192,100,104,102,99,95
1129,customer-599,136,209,53,51,53,51,145
1130,customer-504,136,218,86,82,89,114,91
1131,customer-1414,136,219,97,104,100,104,105
1132,customer-1579,136,219,184,175,182,21,174
1133,customer-1606,137,149,44,47,45,43,158
1134,customer-1289,137,154,165,162,36,168,165
1135,customer-651,137,171,112,113,92,104,112
1136,customer-469,137,183,57,55,144,60,55
1137,customer-376,137,184,134,61,141,141,134
1138,customer-1578,137,185,19,17,19,178,22
1139,customer-1398,137,186,112,111,85,115,114
1140,customer-1959,137,188,75,74,123,75,74
1141,customer-1445,137,191,3,201,0,0,2
1142,customer-1177,137,196,1,5,4,198,0
1143,customer-493,137,200,97,98,92,104,93
1144,customer-125,137,209,39,34,34,39,164
1145,customer-1017,137,211,138,65,65,67,66
1146,customer-1404,137,230,170,32,32,35,30
1147,customer-407,137,232,104,105,108,97,102
1148,customer-1320,137,237,86,89,116,89,89
1149,customer-1961,138,141,17,183,180,187,188
1150,customer-33,138,147,168,29,169,166,172
1151,customer-383,138,155,52,144,151,153,150
1152,customer-928,138,156,0,221,0,0,0
1153,customer-821,138,181,124,79,117,123,117
1154,customer-890,138,186,101,104,98,104,97
1155,customer-479,138,191,128,129,131,127,71
1156,customer-1072,138,198,207,0,0,0,0
1157,customer-1079,138,208,49,51,53,50,147
1158,customer-129,138,209,47,50,55,148,52
1159,customer-984,138,223,121,118,121,84,113
1160,customer-1906,138,227,33,28,33,169,35
1161,customer-1560,139,147,58,58,61,140,58
1162,customer-814,139,149,28,29,24,176,29
1163,customer-1227,139,178,183,176,20,179,185
1164,customer-49,139,201,26,173,28,29,31
1165,customer-926,139,229,113,118,114,112,83
1166,customer-1911,139,237,68,72,130,69,67
1167,customer-1823,140,148,104,100,101,100,102
1168,customer-315,140,165,67,130,72,74,65
1169,customer-98,140,180,166,34,34,36,33
1170,customer-37,140,181,44,159,46,37,46
1171,customer-997,140,183,126,70,132,129,133
1172,customer-1001,140,184,144,58,61,61,53
1173,customer-1830,140,195,91,92,94,106,98
1174,customer-1384,140,198,49,49,53,152,45
1175,customer-1041,140,213,0,220,0,0,0
1176,customer-154,140,220,18,13,8,187,16
1177,customer-1395,140,228,189,6,16,12,14
1178,customer-1581,140,232,189,187,185,190,14
1179,customer-794,141,168,127,125,72,123,131
1180,customer-670,141,178,133,129,132,72,127
1181,customer-89,141,191,174,29,29,27,25
1182,customer-1511,141,191,172,170,31,165,171
1183,customer-1330,141,192,84,81,119,78,76
1184,customer-725,141,216,65,137,134,138,136
1185,customer-1971,141,217,83,86,85,113,87
1186,customer-539,141,218,17,16,186,16,10
1187,customer-1868,141,218,50,49,55,149,54
1188,customer-1555,141,221,0,0,216,0,0
1189,customer-36,142,143,175,21,20,20,29
1190,customer-1211,142,146,134,62,139,135,143
1191,customer-1035,142,154,55,50,150,46,47
1192,customer-1434,142,162,21,178,175,174,181
1193,customer-247,142,171,38,42,41,159,37
1194,customer-576,142,174,124,121,77,127,126
1195,customer-124,142,197,69,127,72,77,78
1196,customer-489,142,210,62,61,61,142,54
1197,customer-1736,142,222,61,138,144,139,142
1198,customer-1734,142,233,108,110,110,91,107
1199,customer-1998,142,235,29,35,28,33,170
1200,customer-283,143,151,0,0,231,0,0
1201,customer-1008,143,164,169,169,27,175,177
1202,customer-1968,143,174,64,58,139,58,60
1203,customer-1309,143,176,156,151,152,151,46
1204,customer-1272,143,201,1,0,202,0,3
1205,customer-221,143,208,99,103,102,92,93
1206,customer-1021,143,209,119,119,119,81,116
1207,customer-462,143,214,81,120,85,75,77
1208,customer-560,143,218,273,0,0,0,0
1209,customer-1800,144,151,171,178,177,27,176
1210,customer-1420,144,172,30,171,25,28,26
1211,customer-1954,144,179,46,47,150,47,53
1212,customer-200,144,186,153,158,47,155,149
1213,customer-478,144,203,154,46,47,42,47
1214,customer-1543,144,208,67,60,59,137,65
1215,customer-854,144,219,0,0,0,1,203
1216,customer-585,144,223,134,62,66,69,62
1217,customer-692,144,223,35,167,166,170,166
1218,customer-1709,144,227,56,145,139,143,149
1219,customer-180,145,146,141,144,146,54,141
1220,customer-1748,145,154,0,200,2,0,1
1221,customer-1716,145,155,15,13,188,8,11
1222,customer-547,145,172,16,180,181,179,187
1223,customer-352,145,176,76,119,76,83,76
1224,customer-1990,145,186,90,110,94,87,93
1225,customer-866,145,193,117,85,118,110,111
1226,customer-1991,145,199,39,160,165,156,161
1227,customer-540,145,200,72,70,79,75,126
1228,customer-1393,145,200,183,17,180,183,184
1229,customer-1389,145,201,94,98,95,105,93
1230,customer-409,145,216,49,44,54,49,151
1231,customer-879,145,218,116,111,116,84,112
1232,customer-858,145,223,170,27,177,176,168
1233,customer-1235,146,146,70,66,69,129,75
1234,customer-1523,146,185,160,155,158,41,161
1235,customer-680,146,187,148,55,56,55,55
1236,customer-1885,146,200,171,27,30,30,24
1237,customer-164,146,207,69,126,72,73,70
1238,customer-254,146,207,121,123,77,118,121
1239,customer-220,146,224,40,164,34,39,36
1240,customer-1245,146,233,61,142,59,60,53
1241,customer-316,147,151,158,156,46,150,158
1242,customer-425,147,155,0,208,0,0,0
1243,customer-273,147,162,146,51,152,146,146
1244,customer-955,147,168,127,132,128,124,71
1245,customer-449,147,176,98,103,104,101,103
1246,customer-16,147,181,53,54,146,59,50
1247,customer-980,147,181,71,73,72,125,74
1248,customer-1099,147,184,42,161,44,36,35
1249,customer-1100,147,197,132,139,141,132,63
1250,customer-431,147,221,0,0,215,0,0
1251,customer-365,147,233,83,92,90,92,113
1252,customer-907,147,235,88,93,110,87,92
1253,customer-229,147,240,96,94,91,96,106
1254,customer-419,148,157,151,151,147,49,146
1255,customer-641,148,157,73,69,68,127,73
1256,customer-1456,148,161,161,165,39,157,163
1257,customer-258,148,167,6,195,1,7,1
1258,customer-264,148,186,128,77,72,76,74
1259,customer-1359,148,188,168,172,170,28,175
1260,customer-56,148,190,0,205,0,0,0
1261,customer-1496,148,218,107,116,106,114,89
1262,customer-437,148,220,136,139,65,132,130
1263,customer-405,148,234,81,79,77,122,76
1264,customer-1844,148,238,139,141,64,137,132
1265,customer-160,149,163,186,186,193,184,12
1266,customer-145,149,172,0,0,214,0,0
1267,customer-1976,149,172,43,162,161,153,159
1268,customer-1435,149,179,242,0,0,0,0
1269,customer-1876,149,212,153,157,162,163,42
1270,customer-22,149,220,155,162,157,157,41
1271,customer-1951,149,223,27,31,173,28,27
1272,customer-1022,150,152,18,25,24,180,21
1273,customer-1258,150,153,124,71,134,124,134
1274,customer-663,150,172,77,73,124,72,72
1275,customer-58,150,174,144,143,150,53,145
1276,customer-1490,150,178,48,147,147,147,151
1277,customer-1340,150,180,5,5,2,197,7
1278,customer-901,150,209,0,248,0,0,0
1279,customer-685,150,212,97,98,104,103,100
1280,customer-1536,150,242,93,105,110,102,103
1281,customer-1766,151,152,0,0,220,0,0
1282,customer-282,151,156,11,10,194,3,4
1283,customer-78,151,176,136,133,69,135,136
1284,customer-448,151,191,130,125,70,126,134
1285,customer-706,151,221,165,157,164,40,157
1286,customer-1135,151,221,0,0,225,0,0
1287,customer-192,152,154,124,125,128,75,129
1288,customer-1789,152,166,135,66,67,68,64
1289,customer-1837,152,169,210,0,0,0,0
1290,customer-1306,152,201,0,0,0,0,215
1291,customer-544,152,213,124,77,128,119,126
1292,customer-1840,152,223,35,32,39,164,41
1293,customer-1863,152,238,125,131,132,131,73
1294,customer-1680,152,248,174,27,177,168,178
1295,customer-972,153,157,176,26,178,176,175
1296,customer-1153,153,175,104,100,98,96,105
1297,customer-1401,153,182,61,144,53,59,53
1298,customer-1166,153,200,69,67,62,136,62
1299,customer-1031,153,204,0,229,0,0,0
1300,customer-331,153,210,32,37,33,165,35
1301,customer-1469,153,215,127,74,122,129,130
1302,customer-475,153,229,34,40,161,34,34
1303,customer-1609,153,236,93,102,103,102,109
1304,customer-116,153,247,24,28,34,171,31
1305,customer-344,154,185,127,124,130,74,131
1306,customer-1004,154,188,0,224,0,0,0
1307,customer-536,154,217,41,38,46,42,157
1308,customer-1591,154,217,71,75,76,68,129
1309,customer-1277,154,238,43,155,158,154,155
1310,customer-1222,154,244,28,30,37,168,37
1311,customer-617,155,160,58,56,54,141,62
1312,customer-1889,155,204,78,80,78,74,123
1313,customer-1525,155,208,183,186,177,186,18
1314,customer-941,155,212,0,198,0,6,3
1315,customer-285,155,220,46,159,157,153,150
1316,customer-232,155,227,22,175,22,22,25
1317,customer-1088,155,241,1,1,5,8,196
1318,customer-1853,155,248,0,0,0,0,219
1319,customer-1129,156,180,75,125,130,130,120
1320,customer-197,156,210,150,150,149,49,147
1321,customer-133,156,211,36,29,36,35,169
1322,customer-1567,156,218,0,0,0,0,221
1323,customer-114,156,221,101,96,100,104,99
1324,customer-46,156,232,84,114,118,111,115
1325,customer-1187,157,178,76,73,70,70,126
1326,customer-936,157,181,69,69,71,127,74
1327,customer-1429,157,192,89,87,84,82,113
1328,customer-324,157,203,96,100,105,100,100
1329,customer-834,157,222,23,26,31,24,174
1330,customer-1675,157,240,161,160,155,41,163
1331,customer-567,157,247,28,177,27,21,19
1332,customer-1918,158,160,9,3,193,4,3
1333,customer-722,158,174,139,64,65,66,64
1334,customer-1300,158,181,202,0,0,0,3
1335,customer-1607,158,188,131,131,69,127,126
1336,customer-1670,158,190,0,5,6,0,197
1337,customer-257,158,215,66,135,65,63,61
1338,customer-370,158,238,17,180,21,24,16
1339,customer-686,158,246,0,0,0,209,0
1340,customer-580,159,163,78,71,72,75,127
1341,customer-263,159,166,101,96,103,96,94
1342,customer-1521,159,185,88,114,111,111,107
1343,customer-1377,159,187,121,77,126,127,120
1344,customer-948,159,197,110,114,107,90,108
1345,customer-785,159,214,96,99,103,93,102
1346,customer-1869,159,214,35,45,42,160,35
1347,customer-1336,159,224,159,39,159,164,162
1348,customer-1274,159,233,217,0,0,0,0
1349,customer-211,159,241,40,43,41,158,43
1350,customer-1636,159,245,0,0,0,0,211
1351,customer-292,159,251,0,0,236,0,0
1352,customer-1325,160,172,197,191,4,200,196
1353,customer-1260,160,176,0,0,0,0,209
1354,customer-938,160,183,82,122,81,77,78
1355,customer-770,160,190,53,50,49,151,46
1356,customer-447,160,195,67,132,68,65,72
1357,customer-656,160,198,2,2,12,6,193
1358,customer-1316,160,212,121,77,123,121,119
1359,customer-676,160,216,105,99,94,91,90
1360,customer-1324,160,227,10,4,193,8,2
1361,customer-1405,160,229,149,147,141,147,55
1362,customer-1403,160,232,73,122,132,128,127
1363,customer-885,160,236,111,88,108,113,111
1364,customer-1073,160,238,91,110,104,105,105
1365,customer-878,160,239,0,206,0,0,0
1366,customer-914,160,243,61,136,61,69,63
1367,customer-1935,160,251,18,28,26,21,177
1368,customer-60,161,176,104,98,99,98,105
1369,customer-1684,161,177,17,184,13,16,18
1370,customer-847,161,199,35,30,34,168,30
1371,customer-1105,161,205,118,115,84,119,114
1372,customer-968,161,210,18,25,18,180,18
1373,customer-1168,161,216,162,161,160,167,36
1374,customer-1796,161,229,137,133,135,62,141
1375,customer-970,161,238,10,8,190,14,12
1376,customer-1620,161,240,106,107,105,97,106
1377,customer-1604,161,251,140,135,62,140,142
1378,customer-1860,162,183,89,89,85,84,113
1379,customer-1379,162,184,221,0,0,0,0
1380,customer-683,162,189,136,139,132,66,133
1381,customer-1671,162,196,50,153,145,150,145
1382,customer-1110,162,200,27,33,29,169,32
1383,customer-1355,162,206,19,22,22,182,20
1384,customer-1965,162,211,144,51,146,146,146
1385,customer-1337,162,214,119,115,82,121,116
1386,customer-1328,162,215,164,37,160,160,164
1387,customer-837,162,217,106,107,113,91,110
1388,customer-1544,162,225,29,35,30,167,30
1389,customer-43,162,239,0,0,0,0,274
1390,customer-1508,162,252,119,113,86,116,119
1391,customer-1902,162,254,0,0,234,0,0
1392,customer-964,162,257,31,26,24,173,28
1393,customer-1023,163,166,35,164,39,41,37
1394,customer-1996,163,171,67,68,63,66,137
1395,customer-649,163,173,53,45,50,50,150
1396,customer-1754,163,173,101,101,97,100,102
1397,customer-1583,163,178,167,168,171,168,32
1398,customer-935,163,179,61,54,59,57,143
1399,customer-862,163,182,62,65,60,59,139
1400,customer-1268,163,195,145,51,55,60,50
1401,customer-1807,163,195,122,118,123,113,82
1402,customer-25,163,196,170,176,28,175,174
1403,customer-591,163,206,0,0,0,0,207
1404,customer-1494,163,208,93,97,97,108,92
1405,customer-1476,163,228,40,37,42,39,159
1406,customer-868,163,230,144,144,61,139,139
1407,customer-1985,163,236,174,177,28,167,167
1408,customer-1175,163,241,100,103,104,100,102
1409,customer-276,163,246,83,116,86,81,85
1410,customer-1658,164,173,123,77,119,121,122
1411,customer-1848,164,184,142,63,137,134,136
1412,customer-1895,164,191,99,99,103,98,99
1413,customer-598,164,201,136,138,134,63,136
1414,customer-1402,165,166,0,0,0,0,260
1415,customer-566,165,192,65,63,60,68,137
1416,customer-1945,165,192,239,0,0,0,0
1417,customer-1351,165,204,170,172,32,172,172
1418,customer-744,165,206,57,143,59,56,57
1419,customer-1167,165,209,42,34,34,42,162
1420,customer-21,165,218,65,135,136,130,134
1421,customer-1297,165,219,7,0,0,3,197
1422,customer-1097,165,226,199,0,5,1,2
1423,customer-10,165,228,39,38,32,31,164
1424,customer-452,165,247,46,150,49,51,54
1425,customer-874,165,253,0,0,0,196,2
1426,customer-1117,166,173,64,141,61,62,61
1427,customer-473,166,183,162,157,160,165,38
1428,customer-1843,166,213,23,177,177,182,172
1429,customer-951,166,214,109,115,113,112,90
1430,customer-1077,166,228,66,72,129,72,67
1431,customer-658,166,248,0,0,229,0,0
1432,customer-1666,166,249,40,38,162,33,41
1433,customer-1298,167,173,37,30,37,165,35
1434,customer-143,167,176,52,52,59,144,55
1435,customer-511,167,198,172,167,175,168,28
1436,customer-1900,167,208,147,58,49,50,48
1437,customer-1068,167,230,68,77,72,70,128
1438,customer-147,167,235,9,191,14,12,11
1439,customer-1893,168,191,115,87,108,109,109
1440,customer-1574,168,228,84,112,121,114,111
1441,customer-1625,168,231,113,121,116,82,113
1442,customer-1286,168,234,31,172,172,168,173
1443,customer-1034,168,237,3,12,10,192,12
1444,customer-1164,168,244,83,79,83,80,119
1445,customer-1866,168,246,0,0,0,0,246
1446,customer-687,169,173,68,136,62,66,64
1447,customer-852,169,176,0,210,0,0,0
1448,customer-1109,169,202,163,159,162,41,164
1449,customer-216,169,204,65,61,60,65,139
1450,customer-675,169,226,36,31,169,27,36
1451,customer-1909,169,233,110,112,109,113,91
1452,customer-1380,169,234,40,161,39,44,38
1453,customer-1112,169,235,258,0,0,0,0
1454,customer-1532,169,236,17,178,24,23,20
1455,customer-835,169,237,70,126,71,78,71
1456,customer-348,169,238,113,82,89,92,90
1457,customer-23,169,245,7,3,0,0,197
1458,customer-549,169,258,152,51,50,44,48
1459,customer-1936,169,260,34,34,171,25,30
1460,customer-1728,170,171,183,186,180,181,15
1461,customer-1697,170,173,196,199,193,194,3
1462,customer-603,170,181,38,38,35,38,162
1463,customer-1269,170,200,164,35,161,167,162
1464,customer-930,170,201,7,9,192,12,4
1465,customer-1126,170,201,83,116,116,116,116
1466,customer-432,170,203,150,156,150,47,151
1467,customer-412,170,220,187,184,183,181,18
1468,customer-1831,170,230,0,0,0,0,215
1469,customer-1052,170,233,96,87,91,96,108
1470,customer-887,170,248,74,83,77,82,122
1471,customer-1082,170,248,74,123,74,79,75
1472,customer-1492,170,250,152,52,49,47,48
1473,customer-1934,170,252,95,95,101,104,96
1474,customer-1436,171,176,146,143,52,152,152
1475,customer-1812,171,180,0,0,0,0,240
1476,customer-889,171,181,36,45,46,36,159
1477,customer-573,171,190,63,71,71,68,134
1478,customer-880,171,197,134,139,63,135,136
1479,customer-924,171,201,0,0,0,212,0
1480,customer-594,171,203,94,99,93,103,101
1481,customer-923,171,203,103,99,95,92,101
1482,customer-350,171,216,0,205,0,0,0
1483,customer-1030,171,228,95,100,109,106,100
1484,customer-902,171,242,118,121,77,120,121
1485,customer-1143,171,244,31,36,167,34,37
1486,customer-1145,171,260,38,34,31,166,30
1487,customer-1621,171,264,111,116,117,85,115
1488,customer-612,172,174,126,126,132,123,73
1489,customer-396,172,189,35,170,167,168,169
1490,customer-1248,172,208,67,70,70,69,130
1491,customer-217,172,210,181,24,23,14,17
1492,customer-325,172,215,167,164,31,169,173
1493,customer-993,172,217,114,87,83,85,82
1494,customer-5,172,235,0,0,0,0,209
1495,customer-1348,172,245,187,13,9,17,18
1496,customer-841,173,173,102,102,95,98,100
1497,customer-1767,173,176,136,138,140,133,62
1498,customer-95,173,178,175,29,28,21,26
1499,customer-975,173,179,134,135,70,129,128
1500,customer-1623,173,187,100,97,103,98,105
1501,customer-1717,173,191,162,161,162,162,38
1502,customer-1062,173,210,157,154,156,48,147
1503,customer-1924,173,224,131,126,70,132,132
1504,customer-562,173,231,180,174,176,24,179
1505,customer-855,173,241,92,90,108,96,90
1506,customer-251,174,192,179,18,22,24,22
1507,customer-1256,174,200,52,49,152,49,52
1508,customer-20,174,208,48,49,45,52,151
1509,customer-284,174,223,92,108,103,108,109
1510,customer-1662,174,228,88,117,83,80,88
1511,customer-1364,174,229,54,62,143,62,56
1512,customer-1149,174,234,96,95,93,96,108
1513,customer-1981,175,188,149,152,49,151,150
1514,customer-234,175,189,47,158,47,39,41
1515,customer-512,175,191,0,5,4,199,0
1516,customer-471,175,192,0,0,0,2,202
1517,customer-957,175,217,0,0,0,0,282
1518,customer-270,175,229,102,105,97,101,98
1519,customer-1176,175,239,28,23,22,174,31
1520,customer-1094,175,250,0,0,204,0,0
1521,customer-306,175,264,44,159,46,37,43
1522,customer-1172,176,181,166,29,31,29,37
1523,customer-730,176,189,93,101,102,97,99
1524,customer-1682,176,189,172,174,180,23,179
1525,customer-236,176,202,85,117,81,84,87
1526,customer-609,176,223,88,115,114,116,112
1527,customer-578,176,235,41,157,38,40,48
1528,customer-1454,176,244,106,101,105,99,97
1529,customer-1132,176,250,172,31,33,33,27
1530,customer-719,176,254,0,209,0,0,0
1531,customer-1459,176,260,24,24,171,25,30
1532,customer-1477,176,265,47,41,39,44,157
1533,customer-159,177,213,182,184,14,182,186
1534,customer-1524,177,237,179,17,26,16,21
1535,customer-1051,177,240,110,90,115,109,114
1536,customer-100,177,245,0,205,0,0,0
1537,customer-1430,177,245,53,58,52,62,143
1538,customer-1046,177,258,136,67,69,59,67
1539,customer-1894,177,260,132,73,129,122,124
1540,customer-723,178,181,84,120,75,83,77
1541,customer-1771,178,191,57,66,139,63,65
1542,customer-1683,178,192,133,139,139,139,65
1543,customer-332,178,195,143,142,58,144,139
1544,customer-301,178,205,7,5,11,2,193
1545,customer-971,178,210,66,64,67,62,137
1546,customer-867,178,219,159,39,44,46,41
1547,customer-1872,178,224,72,126,75,69,79
1548,customer-1577,178,253,113,108,114,110,89
1549,customer-1984,178,255,84,114,120,111,118
1550,customer-577,178,257,176,29,176,172,170
1551,customer-485,178,260,37,168,32,28,29
1552,customer-1368,178,265,19,19,17,179,21
1553,customer-1750,178,271,184,17,15,12,19
1554,customer-1880,179,181,0,0,0,0,264
1555,customer-272,179,196,52,53,46,149,55
1556,customer-1266,179,220,87,108,94,90,93
1557,customer-410,179,222,124,77,124,123,118
1558,customer-1447,179,248,127,122,74,123,128
1559,customer-1941,179,249,162,162,157,40,155
1560,customer-391,179,260,5,7,2,193,11
1561,customer-354,180,181,160,40,35,35,40
1562,customer-1137,180,185,182,14,187,189,185
1563,customer-575,180,198,36,169,26,34,36
1564,customer-1681,180,199,124,73,81,75,72
1565,customer-1455,180,201,226,0,0,0,0
1566,customer-721,180,232,45,37,159,38,42
1567,customer-1199,180,246,96,93,96,88,109
1568,customer-507,180,247,146,140,146,59,145
1569,customer-1596,181,195,62,63,66,139,62
1570,customer-1818,181,203,117,107,88,108,108
1571,customer-593,181,207,120,85,114,117,117
1572,customer-79,181,213,220,0,0,0,0
1573,customer-1102,181,221,101,101,99,100,102
1574,customer-338,181,225,169,36,26,28,30
1575,customer-1352,181,247,13,11,12,10,191
1576,customer-1438,181,251,75,125,73,72,72
1577,customer-140,182,199,39,163,35,40,36
1578,customer-1739,182,214,45,52,52,152,46
1579,customer-1361,182,223,97,105,105,98,98
1580,customer-1190,182,226,107,89,89,88,94
1581,customer-1780,182,238,143,142,147,148,55
1582,customer-424,182,239,0,0,0,242,0
1583,customer-1943,182,250,256,0,0,0,0
1584,customer-1646,182,255,44,41,155,43,42
1585,customer-1514,182,258,120,116,123,124,79
1586,customer-782,182,272,3,1,1,0,202
1587,customer-1701,182,278,48,45,151,51,50
1588,customer-439,183,190,189,193,6,197,196
1589,customer-886,183,190,124,126,72,125,131
1590,customer-557,183,204,168,173,31,169,164
1591,customer-341,183,205,136,135,68,132,137
1592,customer-1691,183,207,33,162,38,38,43
1593,customer-1551,183,213,109,114,88,112,109
1594,customer-574,183,240,42,52,43,52,153
1595,customer-1127,183,246,0,202,0,0,0
1596,customer-357,183,247,64,66,63,138,66
1597,customer-1160,183,251,49,154,151,146,149
1598,customer-484,183,261,166,167,172,171,29
1599,customer-953,183,262,157,159,159,42,159
1600,customer-1932,183,262,244,0,0,0,0
1601,customer-1069,183,268,20,28,176,20,19
1602,customer-1263,183,276,65,68,134,71,68
1603,customer-90,184,192,207,0,0,0,0
1604,customer-157,184,193,37,30,27,168,34
1605,customer-1519,184,205,30,172,23,31,29
1606,customer-650,184,209,102,105,98,99,97
1607,customer-289,184,229,29,176,169,172,166
1608,customer-752,184,234,175,176,27,172,178
1609,customer-1589,184,246,171,168,172,31,174
1610,customer-571,184,269,69,67,64,67,134
1611,customer-104,185,194,163,165,172,166,33
1612,customer-552,185,203,21,18,18,16,180
1613,customer-1742,185,211,78,77,85,120,78
1614,customer-853,185,223,97,108,97,88,93
1615,customer-1159,185,223,76,123,75,78,79
1616,customer-174,185,236,141,62,63,61,59
1617,customer-1217,185,259,132,73,64,72,71
1618,customer-1489,186,215,146,147,58,138,147
1619,customer-523,186,223,0,0,203,1,1
1620,customer-1388,186,224,0,0,0,0,205
1621,customer-1194,186,239,9,4,5,5,191
1622,customer-112,186,252,175,22,22,30,27
1623,customer-1182,186,263,128,69,132,131,136
1624,customer-227,186,275,132,133,126,71,125
1625,customer-726,187,198,86,116,109,115,114
1626,customer-1437,187,207,0,0,241,0,0
1627,customer-136,187,211,111,117,118,85,114
1628,customer-677,187,213,181,22,21,24,21
1629,customer-1225,187,213,18,177,25,22,25
1630,customer-666,187,218,161,155,164,40,164
1631,customer-1554,187,222,10,16,187,14,13
1632,customer-488,187,225,29,25,24,174,21
1633,customer-1342,187,228,75,69,67,128,74
1634,customer-287,187,230,178,188,187,185,17
1635,customer-1356,187,271,106,112,108,90,114
1636,customer-849,188,196,107,105,98,97,98
1637,customer-1793,188,202,139,65,65,61,59
1638,customer-204,188,206,68,69,127,71,71
1639,customer-1608,188,223,167,36,162,160,160
1640,customer-1411,188,241,0,0,0,240,0
1641,customer-500,188,251,154,48,153,152,153
1642,customer-4,188,261,66,63,135,64,64
1643,customer-102,188,272,196,5,8,6,0
1644,customer-767,189,194,37,32,164,39,39
1645,customer-361,189,198,0,0,250,0,0
1646,customer-1633,189,200,99,98,105,106,99
1647,customer-218,189,207,17,17,18,23,181
1648,customer-32,189,214,193,189,10,192,186
1649,customer-193,189,222,46,51,44,154,50
1650,customer-1179,189,227,16,20,22,22,182
1651,customer-455,189,233,57,57,138,59,67
1652,customer-1226,189,247,61,56,142,55,59
1653,customer-985,189,250,75,121,124,128,120
1654,customer-1888,189,268,80,123,116,122,122
1655,customer-178,190,202,124,123,78,122,125
1656,customer-389,190,218,191,11,9,12,5
1657,customer-373,190,223,158,46,40,38,38
1658,customer-269,190,224,149,55,145,145,150
1659,customer-1774,190,224,64,61,65,65,137
1660,customer-87,190,234,55,148,141,142,142
1661,customer-1665,190,237,64,62,133,71,71
1662,customer-1815,190,244,99,105,98,106,99
1663,customer-442,190,246,88,92,110,94,85
1664,customer-768,190,248,28,29,36,29,168
1665,customer-1970,191,192,55,147,52,48,50
1666,customer-632,191,217,87,111,88,93,86
1667,customer-710,191,217,0,196,5,7,5
1668,customer-1251,191,226,145,145,149,151,54
1669,customer-1063,191,247,113,108,109,112,92
1670,customer-1015,191,255,175,182,172,179,23
1671,customer-956,191,264,109,108,116,89,111
1672,customer-499,192,199,0,209,0,0,0
1673,customer-1892,192,201,101,105,100,99,97
1674,customer-701,192,204,53,56,59,59,142
1675,customer-300,192,208,46,36,37,39,159
1676,customer-662,192,233,54,51,55,148,52
1677,customer-1588,192,236,59,58,60,143,62
1678,customer-870,192,252,119,124,123,79,118
1679,customer-91,192,257,42,35,43,160,38
1680,customer-47,193,200,69,72,68,67,132
1681,customer-1318,193,214,101,96,95,102,100
1682,customer-1392,193,224,50,154,44,47,41
1683,customer-1776,193,231,104,109,102,105,96
1684,customer-1592,193,233,55,51,144,55,60
1685,customer-390,193,244,147,55,56,49,48
1686,customer-1195,193,247,44,153,47,47,49
1687,customer-832,193,259,89,87,83,89,114
1688,customer-303,193,279,139,131,137,65,132
1689,customer-1891,193,282,110,105,106,94,101
1690,customer-1302,194,236,94,111,93,93,90
1691,customer-1980,194,246,61,68,63,136,68
1692,customer-1070,194,247,156,159,45,155,156
1693,customer-1206,194,264,134,68,128,129,131
1694,customer-715,194,267,82,80,90,115,87
1695,customer-1074,194,273,132,141,64,136,137
1696,customer-579,194,285,77,123,119,120,126
1697,customer-1425,195,197,47,39,42,49,156
1698,customer-115,195,199,97,94,99,94,104
1699,customer-209,195,210,0,231,0,0,0
1700,customer-718,195,210,26,23,177,20,21
1701,customer-1811,195,226,46,155,152,151,155
1702,customer-411,195,245,127,68,72,72,75
1703,customer-1028,195,253,40,43,41,158,47
1704,customer-1527,195,255,37,35,42,33,163
1705,customer-26,195,271,45,150,51,45,50
1706,customer-806,195,277,0,200,5,0,0
1707,customer-916,196,205,0,0,0,0,210
1708,customer-891,196,229,194,11,7,1,1
1709,customer-678,196,234,35,36,35,38,165
1710,customer-872,196,240,0,0,212,0,0
1711,customer-398,196,270,69,126,130,131,136
1712,customer-7,196,272,81,80,84,115,86
1713,customer-355,196,289,144,140,144,60,144
1714,customer-541,197,198,23,173,27,24,32
1715,customer-1273,197,200,25,29,174,25,26
1716,customer-1559,197,205,32,24,28,172,28
1717,customer-417,197,217,65,65,132,65,73
1718,customer-1972,197,228,202,0,0,0,0
1719,customer-1012,197,230,164,170,169,34,164
1720,customer-38,197,237,0,0,214,0,0
1721,customer-981,197,243,138,141,137,131,64
1722,customer-1239,197,244,49,46,45,41,154
1723,customer-994,197,248,69,72,68,70,133
1724,customer-515,197,251,64,74,131,69,64
1725,customer-1056,197,265,46,151,50,52,49
1726,customer-1505,197,279,24,181,181,179,174
1727,customer-1999,198,202,165,175,30,166,170
1728,customer-1635,198,205,0,0,0,0,206
1729,customer-1367,198,220,0,9,2,195,0
1730,customer-1058,198,229,175,176,24,174,174
1731,customer-265,198,241,18,18,20,13,183
1732,customer-1794,198,262,223,0,0,0,0
1733,customer-1940,198,262,54,147,49,48,48
1734,customer-198,198,286,65,61,139,59,63
1735,customer-1597,199,204,0,0,0,0,214
1736,customer-1237,199,205,194,5,1,1,10
1737,customer-41,199,206,73,78,122,78,73
1738,customer-958,199,207,120,110,85,110,112
1739,customer-24,199,210,127,137,132,68,127
1740,customer-756,199,214,62,136,59,62,67
1741,customer-66,199,220,0,232,0,0,0
1742,customer-1003,199,228,170,178,177,27,177
1743,customer-1203,199,253,121,119,122,78,120
1744,customer-1545,199,256,82,88,117,83,80
1745,customer-317,199,272,117,80,118,115,118
1746,customer-998,199,280,0,246,0,0,0
1747,customer-366,199,283,0,0,0,0,219
1748,customer-480,199,289,83,121,115,115,118
1749,customer-1315,199,298,100,98,97,99,98
1750,customer-1184,200,216,46,41,39,48,156
1751,customer-144,200,251,165,164,35,164,162
1752,customer-319,200,253,49,48,51,147,54
1753,customer-353,200,263,55,141,57,64,63
1754,customer-1585,200,271,93,95,89,95,109
1755,customer-1131,200,290,72,79,126,71,77
1756,customer-326,200,295,201,3,0,3,0
1757,customer-1882,200,295,0,0,204,0,0
1758,customer-739,201,213,20,28,27,22,177
1759,customer-596,201,218,71,73,72,130,72
1760,customer-1486,201,253,127,127,129,132,69
1761,customer-1854,201,258,203,0,2,0,0
1762,customer-979,201,260,0,220,0,0,0
1763,customer-1676,201,261,0,0,0,0,215
1764,customer-241,201,264,123,123,131,72,132
1765,customer-1825,201,265,234,0,0,0,0
1766,customer-1926,201,277,0,252,0,0,0
1767,customer-703,201,281,0,220,0,0,0
1768,customer-1446,201,292,147,56,52,54,51
1769,customer-404,202,212,0,0,0,0,219
1770,customer-716,202,216,52,53,148,50,54
1771,customer-1474,202,262,0,250,0,0,0
1772,customer-446,202,287,27,22,27,175,24
1773,customer-171,203,206,102,101,104,101,102
1774,customer-1562,203,206,0,0,270,0,0
1775,customer-1366,203,212,103,102,99,98,101
1776,customer-607,203,218,6,195,0,6,10
1777,customer-698,203,224,144,55,56,51,57
1778,customer-167,203,232,130,129,68,131,128
1779,customer-1339,203,239,34,163,32,38,36
1780,customer-861,203,243,180,21,182,175,174
1781,customer-606,203,246,55,54,54,58,147
1782,customer-117,203,281,29,173,174,167,169
1783,customer-736,203,283,4,191,194,194,194
1784,customer-653,203,293,0,0,0,216,0
1785,customer-1537,203,296,74,131,70,65,64
1786,customer-1546,204,212,153,150,150,153,46
1787,customer-1966,204,224,185,193,12,188,186
1788,customer-185,204,229,80,75,121,77,74
1789,customer-1727,204,260,1,196,2,4,6
1790,customer-749,204,276,46,45,48,44,156
1791,customer-1055,204,284,0,0,0,5,200
1792,customer-1270,204,288,199,5,0,0,0
1793,customer-1834,204,289,111,115,84,113,116
1794,customer-1784,204,290,79,82,118,84,79
1795,customer-182,204,293,25,175,28,29,26
1796,customer-816,205,208,103,100,97,100,99
1797,customer-783,205,220,86,115,112,117,113
1798,customer-1432,205,220,148,48,151,147,149
1799,customer-428,205,230,90,83,112,91,83
1800,customer-1223,205,233,107,109,112,90,107
1801,customer-1955,205,252,0,0,0,0,243
1802,customer-328,205,257,32,32,29,172,24
1803,customer-223,205,263,118,122,78,123,119
1804,customer-954,205,265,28,22,176,26,26
1805,customer-1538,205,270,66,134,61,67,69
1806,customer-293,205,271,22,21,181,20,19
1807,customer-859,206,234,92,90,105,90,99
1808,customer-52,206,238,118,121,124,77,120
1809,customer-183,206,240,156,40,160,165,157
1810,customer-196,206,249,0,0,0,217,0
1811,customer-1929,206,258,82,88,88,91,114
1812,customer-1103,206,262,158,158,39,161,166
1813,customer-42,206,270,84,119,86,82,81
1814,customer-682,206,272,12,15,19,18,183
1815,customer-1561,206,276,147,153,50,155,150
1816,customer-766,206,293,204,0,0,0,0
1817,customer-1189,206,304,101,100,102,100,95
1818,customer-570,207,209,133,138,132,67,134
1819,customer-1353,207,231,149,153,149,152,46
1820,customer-1755,207,237,98,94,103,94,96
1821,customer-490,207,247,77,122,126,118,120
1822,customer-605,207,276,116,114,120,119,85
1823,customer-408,207,303,160,45,156,156,154
1824,customer-1952,208,208,78,119,81,84,82
1825,customer-1350,208,212,28,170,34,33,31
1826,customer-1605,208,219,149,152,47,158,148
1827,customer-526,208,225,83,85,112,91,88
1828,customer-1738,208,253,123,116,121,80,116
1829,customer-1758,208,260,56,53,56,148,50
1830,customer-1827,208,269,134,130,128,130,68
1831,customer-137,208,286,89,110,87,92,85
1832,customer-1229,208,287,112,112,86,109,118
1833,customer-342,209,218,152,53,46,50,49
1834,customer-1138,209,225,149,46,49,50,47
1835,customer-1627,209,237,81,84,118,83,84
1836,customer-1779,209,243,82,78,80,123,76
1837,customer-1912,209,249,130,75,75,74,74
1838,customer-1725,209,279,86,82,81,88,114
1839,customer-637,209,282,89,111,91,84,84
1840,customer-1499,209,299,32,167,168,165,165
1841,customer-1264,210,235,0,0,0,0,214
1842,customer-62,210,242,0,0,0,0,236
1843,customer-501,210,274,111,88,89,85,88
1844,customer-1762,210,293,13,189,8,8,15
1845,customer-1768,210,295,0,0,0,252,0
1846,customer-929,211,215,91,89,106,95,96
1847,customer-1285,211,222,128,128,122,121,74
1848,customer-1431,211,247,137,68,61,68,62
1849,customer-416,211,254,74,74,70,130,74
1850,customer-824,211,287,0,0,220,0,0
1851,customer-170,211,296,72,73,65,131,72
1852,customer-826,212,225,17,24,24,14,181
1853,customer-1938,212,238,0,0,0,0,215
1854,customer-1964,212,283,91,113,104,112,114
1855,customer-1197,212,297,78,126,126,117,125
1856,customer-1803,213,221,0,0,0,212,0
1857,customer-1362,213,243,142,56,53,53,62
1858,customer-1457,213,260,49,150,54,53,45
1859,customer-952,213,270,11,5,9,193,6
1860,customer-1136,213,288,111,90,89,89,91
1861,customer-2000,213,292,83,116,85,80,89
1862,customer-709,213,300,187,11,14,9,18
1863,customer-869,214,252,146,145,142,57,146
1864,customer-1287,214,262,0,0,0,226,0
1865,customer-857,214,302,143,147,55,145,142
1866,customer-671,214,305,153,50,44,46,48
1867,customer-564,215,230,80,88,86,116,81
1868,customer-109,215,241,16,18,14,19,185
1869,customer-681,215,256,77,76,79,121,77
1870,customer-483,215,274,3,8,10,195,4
1871,customer-781,215,298,237,0,0,0,0
1872,customer-1307,216,226,4,197,5,1,7
1873,customer-927,216,247,145,142,145,139,60
1874,customer-1416,216,248,49,148,50,57,48
1875,customer-568,216,291,69,71,71,129,70
1876,customer-1096,217,268,82,117,122,119,122
1877,customer-799,217,289,150,148,142,141,54
1878,customer-529,218,221,166,159,162,37,160
1879,customer-1622,218,223,0,236,0,0,0
1880,customer-825,218,233,104,101,102,100,98
1881,customer-708,218,283,169,28,31,32,36
1882,customer-1947,218,294,154,48,43,51,41
1883,customer-69,219,219,186,10,19,13,18
1884,customer-1282,219,234,0,0,0,0,213
1885,customer-1903,219,243,53,150,148,152,146
1886,customer-1852,219,286,107,94,97,89,98
1887,customer-430,220,232,23,27,176,24,24
1888,customer-565,220,253,16,15,14,188,11
1889,customer-1804,220,257,119,119,116,111,84
1890,customer-611,220,275,72,70,67,69,130
1891,customer-413,220,284,47,44,50,154,42
1892,customer-689,220,290,55,54,54,50,146
1893,customer-897,220,290,99,100,95,100,103
1894,customer-491,220,295,67,64,138,61,63
1895,customer-1134,221,234,132,135,132,63,136
1896,customer-922,221,265,239,0,0,0,0
1897,customer-1303,221,290,110,112,91,109,109
1898,customer-343,222,229,133,134,136,139,62
1899,customer-440,222,231,5,3,2,193,9
1900,customer-830,222,283,55,147,57,50,56
1901,customer-1584,222,288,84,120,111,118,119
1902,customer-786,222,304,133,72,126,126,127
1903,customer-1119,222,316,71,134,131,133,129
1904,customer-1278,223,227,112,114,110,109,91
1905,customer-943,223,234,86,76,119,77,79
1906,customer-1140,223,252,75,75,84,75,121
1907,customer-1084,223,261,91,106,99,95,95
1908,customer-1163,223,293,0,0,0,223,0
1909,customer-1603,223,316,53,53,152,47,48
1910,customer-620,224,256,26,179,18,18,17
1911,customer-1076,224,320,20,26,177,21,18
1912,customer-1370,225,229,166,37,162,161,162
1913,customer-977,225,231,103,98,102,98,106
1914,customer-1253,225,235,15,19,17,12,184
1915,customer-1696,225,257,189,186,191,13,184
1916,customer-1232,225,263,28,26,27,33,169
1917,customer-1387,225,265,134,128,128,125,71
1918,customer-1963,225,322,129,121,123,124,75
1919,customer-1773,225,323,121,76,80,76,75
1920,customer-1280,226,254,0,0,0,0,222
1921,customer-1798,226,256,28,38,37,167,36
1922,customer-528,226,282,40,36,40,38,161
1923,customer-1078,226,293,92,91,87,113,83
1924,customer-1150,226,301,145,155,155,153,50
1925,customer-1202,226,310,163,162,157,41,163
1926,customer-1413,227,269,149,54,142,149,144
1927,customer-944,227,275,0,0,0,200,4
1928,customer-1832,227,318,157,45,43,40,39
1929,customer-961,228,230,13,15,10,10,188
1930,customer-772,228,240,22,22,22,180,16
1931,customer-121,228,246,153,49,154,147,155
1932,customer-1760,228,316,67,75,68,71,129
1933,customer-1595,229,248,158,44,41,43,45
1934,customer-757,229,279,46,151,154,150,149
1935,customer-729,229,284,58,138,147,139,138
1936,customer-1967,230,279,150,55,147,143,150
1937,customer-1565,230,292,5,0,1,199,0
1938,customer-467,230,294,0,265,0,0,0
1939,customer-1640,230,305,180,189,15,184,187
1940,customer-1700,230,305,150,50,150,151,150
1941,customer-1417,230,308,26,25,28,171,31
1942,customer-1520,230,311,200,195,1,198,197
1943,customer-274,231,267,85,86,112,88,88
1944,customer-1814,231,272,55,143,149,143,141
1945,customer-1243,231,299,0,7,4,198,6
1946,customer-845,231,309,81,114,115,120,119
1947,customer-655,232,248,249,0,0,0,0
1948,customer-761,232,280,75,70,77,73,127
1949,customer-1349,233,256,56,47,53,148,51
1950,customer-259,233,266,67,130,138,132,136
1951,customer-543,233,314,81,122,83,82,73
1952,customer-1093,233,316,211,0,0,0,0
1953,customer-321,234,277,122,120,128,77,121
1954,customer-458,234,298,5,2,0,197,1
1955,customer-672,234,309,136,132,137,64,138
1956,customer-1922,235,246,68,67,63,60,135
1957,customer-119,235,256,70,66,71,66,133
1958,customer-910,235,275,143,148,149,53,142
1959,customer-1558,235,283,69,136,127,132,132
1960,customer-323,236,237,46,157,153,157,152
1961,customer-1806,236,259,202,0,0,2,0
1962,customer-1809,237,267,109,113,86,117,114
1963,customer-327,237,278,7,8,13,3,192
1964,customer-1327,237,311,107,98,88,90,89
1965,customer-1960,237,317,117,124,78,122,123
1966,customer-1533,238,255,0,0,0,0,236
1967,customer-423,239,259,141,61,63,64,64
1968,customer-414,239,287,0,0,0,0,241
1969,customer-426,239,325,53,50,52,50,151
1970,customer-1594,239,329,184,11,12,12,21
1971,customer-988,240,295,107,100,97,100,98
1972,customer-1233,241,243,60,62,60,60,138
1973,customer-1394,241,288,135,66,135,137,132
1974,customer-1795,242,257,46,48,44,157,41
1975,customer-705,243,256,29,30,22,24,174
1976,customer-1821,243,309,102,97,99,101,102
1977,customer-1331,244,305,174,179,176,23,177
1978,customer-1050,246,265,96,100,104,96,97
1979,customer-146,249,250,124,81,74,73,71
1980,customer-1396,249,267,0,0,0,213,0
1981,customer-152,249,301,13,192,189,191,187
1982,customer-148,249,316,0,0,1,0,202
1983,customer-1106,252,258,22,22,179,25,24
1984,customer-1944,254,342,123,75,78,77,77
1985,customer-1656,256,267,173,32,24,26,23
1986,customer-518,256,280,179,20,22,24,22
1987,customer-1128,256,345,106,97,98,100,105
1988,customer-1645,257,270,17,18,20,17,181
1989,customer-1820,257,315,65,73,132,67,72
1990,customer-1708,260,333,168,30,32,28,27
1991,customer-945,263,264,15,17,18,23,181
1992,customer-843,263,272,16,19,14,182,18
1993,customer-1424,266,352,43,47,41,154,41
1994,customer-1158,270,316,9,194,3,11,6
1995,customer-142,270,357,185,16,18,13,12
1996,customer-1661,273,281,119,81,119,118,120
1997,customer-240,276,347,94,102,98,93,102
1998,customer-1647,277,290,0,0,206,0,0
1999,customer-1569,279,322,0,0,0,217,0
2000,customer-788,283,352,0,0,0,224,0
