id,label,ts_in,ts_out,attr_1,attr_2,attr_3,attr_4,attr_5,attr_6,attr_7
1,product-522,2,70,0,0,225,0,0,0,0
2,product-457,3,55,118,116,113,118,87,115,113
3,product-509,4,44,51,60,53,60,59,54,145
4,product-473,4,58,41,38,162,36,33,35,35
5,product-1577,4,86,225,0,0,0,0,0,0
6,product-438,5,9,6,8,194,5,8,8,1
7,product-1286,5,41,58,57,61,64,56,64,139
8,product-1441,5,90,135,65,139,138,130,135,135
9,product-1003,6,39,0,0,0,0,237,0,0
10,product-1198,6,62,146,57,147,148,145,141,147
11,product-458,7,41,114,118,87,114,108,112,116
12,product-1250,7,96,148,143,54,149,151,149,148
13,product-1035,8,9,120,83,112,120,114,121,113
14,product-1325,8,89,6,199,5,2,0,0,0
15,product-1345,9,28,0,0,0,0,0,0,245
16,product-1930,9,70,20,24,21,18,23,180,15
17,product-1248,9,84,56,142,59,59,58,63,61
18,product-1612,10,51,118,116,118,120,121,122,79
19,product-1588,10,54,54,57,55,144,60,58,61
20,product-1419,10,59,62,61,61,70,66,134,62
21,product-339,10,94,105,102,104,98,101,98,106
22,product-804,11,38,0,0,0,0,0,204,0
23,product-1168,11,86,42,50,43,45,154,51,50
24,product-1338,12,33,11,188,14,11,12,13,13
25,product-74,12,40,149,147,150,155,50,151,147
26,product-24,12,50,0,0,0,217,0,0,0
27,product-59,12,59,76,70,71,73,76,78,127
28,product-780,12,59,179,18,177,177,185,178,177
29,product-1797,12,67,94,85,111,91,93,90,88
30,product-260,12,88,104,104,110,108,104,105,95
31,product-964,13,27,39,34,35,33,33,166,30
32,product-1382,13,97,116,88,108,112,110,107,110
33,product-664,14,20,13,19,17,185,18,10,14
34,product-1417,14,22,6,4,1,4,195,8,8
35,product-1571,14,81,156,146,149,147,155,49,156
36,product-390,14,85,144,59,146,145,144,142,139
37,product-629,15,15,125,78,123,126,118,126,119
38,product-1893,15,20,169,32,28,32,26,32,32
39,product-1305,15,36,170,28,174,169,177,177,176
40,product-38,15,64,0,241,0,0,0,0,0
41,product-1549,15,69,116,114,108,107,89,111,113
42,product-831,16,47,0,0,0,0,212,0,0
43,product-1655,16,70,190,186,188,184,14,184,188
44,product-1928,16,94,17,11,14,20,11,184,19
45,product-913,17,27,141,149,150,142,151,146,54
46,product-985,17,35,58,142,61,56,62,57,59
47,product-474,17,51,135,61,62,63,63,61,70
48,product-1339,17,72,25,178,177,173,180,180,170
49,product-1502,17,81,27,37,168,29,36,37,29
50,product-608,17,97,206,0,0,0,0,0,0
51,product-1778,17,104,151,147,54,150,151,143,148
52,product-1029,18,27,114,114,113,110,88,117,117
53,product-480,18,34,143,148,152,144,149,151,52
54,product-487,18,34,36,161,35,43,40,37,42
55,product-741,18,37,111,110,109,112,113,87,111
56,product-986,18,39,0,0,0,218,0,0,0
57,product-1906,18,73,106,112,113,112,108,105,91
58,product-65,18,75,114,110,106,107,110,110,90
59,product-1129,18,80,31,26,25,22,173,26,27
60,product-153,18,86,0,0,0,0,0,237,0
61,product-1067,18,86,112,83,121,113,115,119,115
62,product-1270,19,29,138,131,132,139,139,134,65
63,product-737,19,42,227,0,0,0,0,0,0
64,product-26,19,66,123,77,73,80,80,76,79
65,product-52,19,109,129,132,128,126,123,126,73
66,product-1742,20,40,26,174,21,28,21,23,31
67,product-471,20,48,26,169,172,179,170,177,174
68,product-910,20,89,124,124,121,129,74,124,126
69,product-1145,20,91,151,152,148,47,152,158,158
70,product-143,20,94,136,134,68,131,132,134,133
71,product-1476,21,23,61,137,64,62,60,65,59
72,product-1469,21,41,127,77,71,77,73,74,74
73,product-1054,21,43,69,71,69,71,70,69,126
74,product-7,21,65,53,148,142,150,148,143,145
75,product-1076,21,74,40,40,35,40,38,164,34
76,product-565,21,117,29,35,26,32,27,31,170
77,product-18,22,35,31,37,39,29,35,166,36
78,product-1718,22,57,139,146,146,140,146,143,59
79,product-699,22,64,69,129,136,132,130,129,136
80,product-1478,22,68,52,53,149,50,52,51,53
81,product-35,22,86,77,74,78,76,72,75,125
82,product-783,23,28,54,59,141,57,56,54,62
83,product-364,23,32,134,127,129,69,126,130,130
84,product-1631,23,39,172,172,33,166,162,162,170
85,product-470,23,45,31,174,168,165,170,165,166
86,product-174,23,46,147,140,55,148,147,140,145
87,product-1984,23,82,189,9,6,10,11,8,8
88,product-1712,23,99,134,137,133,128,136,67,133
89,product-632,23,109,67,59,136,64,67,65,64
90,product-794,24,30,128,138,135,67,138,132,131
91,product-13,24,45,31,32,35,30,170,27,32
92,product-192,24,62,73,71,68,73,70,68,127
93,product-1334,24,90,71,64,65,61,65,134,62
94,product-199,25,26,20,19,20,19,177,20,27
95,product-1685,25,28,67,137,132,130,138,136,129
96,product-1318,25,35,83,87,84,84,81,115,81
97,product-1163,25,42,119,125,123,125,119,77,127
98,product-1409,25,68,124,120,122,77,119,118,128
99,product-903,25,80,28,167,167,174,175,175,168
100,product-1922,25,82,65,62,68,137,59,60,68
101,product-1782,25,88,0,0,0,0,0,255,0
102,product-1313,25,109,196,1,2,5,2,8,2
103,product-535,26,29,39,36,33,42,40,41,162
104,product-1584,26,35,91,96,109,95,94,89,92
105,product-1139,26,49,25,25,29,172,30,23,27
106,product-191,26,55,178,22,27,25,20,25,25
107,product-500,26,73,79,74,77,73,75,80,124
108,product-1404,26,78,24,171,31,24,34,29,34
109,product-1917,26,85,124,76,76,81,78,73,71
110,product-9,26,103,132,70,67,67,73,64,70
111,product-705,26,122,150,154,151,47,154,151,156
112,product-817,27,53,188,12,11,15,11,17,17
113,product-728,27,87,0,4,198,2,1,0,7
114,product-1263,27,97,116,114,85,113,111,118,116
115,product-837,28,43,114,85,81,91,91,89,88
116,product-1176,28,78,174,178,168,170,27,176,168
117,product-1506,29,54,0,0,0,0,205,0,0
118,product-1317,29,73,40,161,42,41,36,36,36
119,product-1849,29,76,51,48,56,47,148,54,50
120,product-394,29,80,41,48,42,50,45,48,154
121,product-1422,29,90,166,33,33,30,34,39,38
122,product-711,29,91,185,185,17,181,182,184,180
123,product-1825,29,94,137,131,131,131,139,66,137
124,product-283,29,99,144,144,136,60,136,140,140
125,product-1298,29,100,90,98,92,106,90,96,89
126,product-1124,29,106,83,118,80,82,82,79,82
127,product-1678,29,115,68,127,72,69,77,77,76
128,product-460,29,117,65,61,59,60,57,139,66
129,product-183,29,120,119,110,113,115,86,118,112
130,product-2,30,32,180,16,20,19,16,22,23
131,product-777,30,46,24,179,20,20,19,16,25
132,product-70,30,88,82,80,77,76,84,81,120
133,product-1150,30,96,73,129,128,126,127,123,125
134,product-19,30,99,66,71,75,71,129,73,67
135,product-1568,30,114,16,187,17,12,13,8,13
136,product-146,30,115,96,89,98,94,91,98,107
137,product-309,30,119,152,44,44,52,50,50,52
138,product-1601,31,31,7,10,4,192,6,13,3
139,product-1711,31,40,126,77,75,72,75,79,74
140,product-815,31,49,65,132,63,71,68,72,65
141,product-279,31,94,56,57,54,144,58,56,52
142,product-1,31,108,155,146,49,156,150,154,149
143,product-1481,32,39,75,82,79,120,79,84,81
144,product-1109,32,52,128,123,121,128,122,130,75
145,product-1349,32,71,169,172,172,168,175,29,166
146,product-1981,32,76,125,123,132,127,125,72,125
147,product-1704,32,102,109,106,103,101,110,108,95
148,product-589,32,109,43,36,33,39,162,34,34
149,product-1725,32,115,2,200,1,0,0,0,3
150,product-115,32,122,151,143,53,143,143,147,143
151,product-398,32,127,77,126,127,126,128,118,124
152,product-991,33,43,130,137,138,133,138,67,130
153,product-1105,33,44,72,133,126,133,129,128,123
154,product-1950,33,95,91,82,83,114,82,84,85
155,product-674,33,116,142,55,61,63,63,53,57
156,product-1204,34,44,174,175,178,178,27,175,169
157,product-1314,34,58,53,57,142,54,55,62,62
158,product-998,34,74,83,118,114,121,119,118,114
159,product-352,34,78,86,79,79,118,78,85,81
160,product-541,34,94,7,11,194,5,1,11,8
161,product-1764,34,95,50,48,51,51,50,50,148
162,product-1741,34,96,119,116,114,82,120,120,118
163,product-819,34,98,165,170,169,170,170,161,34
164,product-753,34,122,99,100,95,102,105,105,105
165,product-744,34,123,68,68,69,65,65,133,66
166,product-1100,35,35,27,24,175,29,21,20,23
167,product-1397,35,45,192,184,190,182,185,13,190
168,product-1526,35,55,94,92,92,91,108,95,95
169,product-1468,35,64,113,114,108,107,107,88,107
170,product-1544,35,71,246,0,0,0,0,0,0
171,product-1800,35,76,155,148,152,154,150,157,47
172,product-1695,35,78,0,0,0,0,205,0,0
173,product-702,35,81,55,54,56,59,60,145,57
174,product-1698,35,90,3,3,9,10,5,192,5
175,product-411,35,120,2,0,1,199,0,0,6
176,product-1146,35,127,172,168,173,32,164,166,167
177,product-1193,36,48,188,17,12,15,16,13,13
178,product-542,36,50,233,0,0,0,0,0,0
179,product-1847,36,59,183,13,13,14,14,22,13
180,product-325,36,70,78,124,71,71,81,80,79
181,product-1623,36,73,41,163,38,38,37,40,32
182,product-1377,36,110,11,19,11,20,185,12,10
183,product-729,36,116,4,11,6,194,4,7,4
184,product-773,37,40,83,82,89,87,91,91,113
185,product-1449,37,42,32,40,34,34,163,37,33
186,product-20,37,51,67,62,64,134,62,71,70
187,product-633,37,58,121,79,123,119,126,116,124
188,product-1184,37,69,131,132,122,132,73,127,127
189,product-375,37,85,151,142,151,144,147,54,147
190,product-337,37,108,136,144,144,136,134,61,141
191,product-395,37,121,44,44,42,160,41,45,41
192,product-895,37,123,135,139,130,133,65,140,137
193,product-1203,38,60,4,0,5,200,1,0,5
194,product-1287,38,71,173,177,171,172,25,175,173
195,product-1865,38,94,182,19,178,178,178,185,176
196,product-853,38,107,77,74,72,71,67,76,128
197,product-1995,38,132,0,271,0,0,0,0,0
198,product-1017,39,64,66,132,64,71,73,71,70
199,product-1078,39,72,141,54,143,148,143,149,145
200,product-868,39,83,155,40,161,161,163,156,155
201,product-1509,39,88,143,144,141,57,138,146,141
202,product-621,39,96,168,171,176,28,170,169,174
203,product-238,39,113,39,37,44,44,37,160,42
204,product-259,39,125,143,141,143,139,58,139,146
205,product-1615,39,127,46,53,48,46,151,45,49
206,product-353,40,45,183,14,20,19,15,13,21
207,product-571,40,48,0,4,198,0,0,1,3
208,product-1923,40,55,0,199,5,0,0,0,0
209,product-1022,40,58,16,14,186,13,16,11,11
210,product-841,40,64,31,30,167,35,29,31,32
211,product-1093,40,68,147,52,147,144,150,150,145
212,product-803,40,88,117,86,113,109,113,119,112
213,product-1837,40,106,67,72,71,68,131,66,69
214,product-166,40,121,171,167,168,167,164,174,31
215,product-182,41,41,85,110,116,114,115,120,115
216,product-170,41,75,0,210,0,0,0,0,0
217,product-676,41,77,221,0,0,0,0,0,0
218,product-851,41,82,33,27,33,27,29,25,171
219,product-586,41,95,0,0,0,0,209,0,0
220,product-444,41,96,173,175,167,173,168,177,28
221,product-1838,41,119,258,0,0,0,0,0,0
222,product-324,41,128,140,63,136,137,139,136,136
223,product-788,41,131,146,50,50,58,54,58,57
224,product-1955,42,49,36,39,36,37,33,162,38
225,product-255,42,111,114,81,82,84,85,87,86
226,product-1106,42,115,159,45,157,158,153,156,150
227,product-933,43,56,0,0,0,0,0,226,0
228,product-554,43,59,155,156,157,160,154,155,42
229,product-966,43,61,143,55,142,144,150,143,145
230,product-217,43,68,12,4,12,7,3,2,193
231,product-1233,43,72,88,92,91,90,96,93,108
232,product-1987,43,75,60,137,64,66,64,68,61
233,product-595,43,87,25,34,33,34,30,24,171
234,product-282,43,102,142,142,143,57,138,145,140
235,product-117,43,113,0,0,0,0,0,227,0
236,product-1320,43,119,183,186,184,187,181,188,15
237,product-575,44,54,15,22,181,20,19,18,24
238,product-1160,44,64,2,0,4,1,1,9,195
239,product-1420,44,66,150,158,47,154,157,156,154
240,product-899,44,82,31,25,25,172,29,24,24
241,product-142,44,84,13,14,12,17,11,9,187
242,product-241,44,97,56,54,61,62,57,143,52
243,product-64,44,104,3,0,3,200,4,0,4
244,product-574,44,108,60,61,53,61,142,57,60
245,product-1713,44,139,20,14,14,15,183,15,17
246,product-119,45,46,256,0,0,0,0,0,0
247,product-723,45,49,9,2,10,1,2,0,195
248,product-291,45,99,88,92,96,98,107,94,96
249,product-303,45,101,89,113,112,107,110,108,107
250,product-1979,45,101,127,128,75,130,122,120,127
251,product-1589,45,111,0,0,0,248,0,0,0
252,product-1394,45,116,112,93,103,104,109,106,105
253,product-426,45,119,43,43,43,47,153,47,50
254,product-686,46,48,29,176,22,28,26,24,29
255,product-1123,46,51,59,140,65,60,56,56,61
256,product-607,46,57,34,30,29,36,166,38,30
257,product-1155,46,68,95,90,90,105,95,92,92
258,product-223,46,75,79,88,117,82,79,78,87
259,product-1826,46,75,3,4,4,200,3,4,0
260,product-1684,46,89,0,0,0,0,225,0,0
261,product-286,46,106,83,80,81,83,115,85,81
262,product-931,46,116,186,12,192,187,187,183,184
263,product-1256,47,59,81,124,76,77,77,75,77
264,product-329,47,81,160,154,152,45,159,156,158
265,product-296,47,82,64,137,63,61,60,67,68
266,product-725,47,84,125,126,70,126,130,127,126
267,product-651,47,90,84,89,84,90,91,90,111
268,product-1082,47,111,34,29,33,168,36,27,33
269,product-1175,47,115,193,12,6,12,8,8,4
270,product-1805,47,123,0,0,211,0,0,0,0
271,product-109,47,128,21,23,179,23,17,19,18
272,product-1402,47,130,180,22,179,183,178,174,180
273,product-297,47,132,26,22,17,19,18,178,21
274,product-1862,48,65,112,113,113,109,105,91,107
275,product-454,48,77,207,0,0,0,0,0,0
276,product-610,48,130,38,165,31,36,38,38,31
277,product-193,48,139,135,66,60,66,61,61,60
278,product-1490,48,139,193,193,195,191,196,200,4
279,product-1965,49,82,42,39,44,41,160,44,45
280,product-1816,49,102,186,184,19,186,182,176,182
281,product-263,49,114,139,149,56,147,148,140,144
282,product-1693,49,114,168,37,163,161,162,163,159
283,product-1148,49,138,209,0,0,0,0,0,0
284,product-1464,50,54,152,156,156,49,149,155,150
285,product-1940,50,95,70,64,66,60,69,68,135
286,product-948,50,113,31,172,33,27,24,27,26
287,product-534,50,114,0,0,0,0,212,0,0
288,product-558,50,116,110,110,91,110,113,110,114
289,product-160,50,119,6,14,13,191,8,6,8
290,product-214,50,119,8,11,8,191,6,4,8
291,product-909,50,143,0,206,0,0,0,0,0
292,product-949,51,51,150,157,154,153,157,153,47
293,product-1863,51,52,183,192,189,192,183,193,12
294,product-1640,51,65,53,53,144,56,54,60,60
295,product-1480,51,78,64,73,69,68,67,132,64
296,product-830,51,92,77,73,123,79,80,72,74
297,product-1403,51,93,14,17,21,13,13,20,184
298,product-445,51,105,0,1,2,6,195,10,1
299,product-264,51,114,108,94,107,107,102,104,103
300,product-616,51,119,85,114,114,116,116,117,120
301,product-793,51,135,140,61,58,60,59,57,65
302,product-1682,51,136,209,0,0,0,0,0,0
303,product-239,52,68,7,8,192,4,5,6,10
304,product-1062,52,78,90,108,95,92,90,90,92
305,product-858,52,80,0,0,0,0,0,241,0
306,product-829,52,85,158,160,160,44,152,153,159
307,product-326,52,127,6,11,5,14,8,6,190
308,product-1372,53,56,5,193,193,196,193,197,196
309,product-186,53,60,0,0,0,0,217,0,0
310,product-1153,53,68,0,0,0,0,0,0,211
311,product-549,53,81,51,152,47,51,51,45,53
312,product-418,53,107,172,164,172,172,170,32,171
313,product-1820,53,126,59,139,63,63,66,57,56
314,product-446,53,127,92,95,91,96,94,106,97
315,product-1465,53,133,41,35,41,163,32,32,38
316,product-1361,53,136,32,32,31,22,30,32,173
317,product-1934,53,139,166,35,170,167,167,165,168
318,product-1025,53,140,0,0,0,297,0,0,0
319,product-1522,54,54,35,42,42,160,45,39,39
320,product-1224,54,58,85,80,83,78,86,86,118
321,product-1108,54,77,99,100,100,99,102,102,104
322,product-1747,54,93,46,150,47,55,45,48,52
323,product-1326,54,94,62,133,137,135,134,134,143
324,product-677,54,95,131,131,130,70,127,125,135
325,product-1783,54,100,161,160,154,42,163,153,160
326,product-930,54,104,38,41,35,36,162,38,36
327,product-692,54,107,42,36,36,42,45,39,160
328,product-842,54,124,172,179,25,174,170,178,173
329,product-1048,54,132,0,248,0,0,0,0,0
330,product-758,54,144,74,76,67,72,76,128,68
331,product-289,54,152,66,65,65,58,64,137,62
332,product-813,55,55,44,158,45,45,38,42,44
333,product-1737,55,56,135,129,134,69,133,127,132
334,product-602,55,76,115,84,116,119,114,112,114
335,product-750,55,81,107,104,91,113,104,112,109
336,product-1477,55,94,0,0,249,0,0,0,0
337,product-1429,55,101,122,124,125,120,78,125,117
338,product-126,55,102,0,0,216,0,0,0,0
339,product-1242,55,113,0,0,0,0,0,232,0
340,product-322,55,115,99,102,99,97,105,103,101
341,product-752,55,146,103,106,103,102,106,105,93
342,product-1266,56,82,158,40,165,156,163,163,158
343,product-924,56,86,0,0,0,0,0,226,0
344,product-1472,56,100,167,173,31,166,171,172,165
345,product-215,56,108,20,185,13,12,14,13,13
346,product-343,56,137,0,0,0,0,0,213,0
347,product-1121,57,64,67,75,76,68,129,75,72
348,product-428,57,73,146,56,57,51,49,58,59
349,product-1257,57,74,0,0,0,0,0,0,214
350,product-69,57,77,0,253,0,0,0,0,0
351,product-631,57,83,155,40,162,155,155,162,155
352,product-690,57,98,86,115,81,86,83,85,88
353,product-1918,57,110,153,147,154,149,156,154,49
354,product-1234,57,132,28,32,23,24,173,22,32
355,product-1853,57,143,13,187,14,14,12,12,9
356,product-658,58,69,72,65,69,130,70,68,66
357,product-630,58,89,80,82,82,121,76,78,84
358,product-828,58,112,88,92,107,92,88,95,90
359,product-1989,58,115,81,119,116,114,114,120,123
360,product-1042,58,131,188,195,189,190,197,8,190
361,product-605,58,142,143,150,147,149,53,144,142
362,product-545,58,144,2,196,6,4,3,0,3
363,product-1342,59,81,5,190,9,9,8,8,10
364,product-1125,59,95,28,21,21,31,27,27,174
365,product-1845,59,112,57,58,62,141,60,64,55
366,product-637,59,121,42,154,51,44,43,44,43
367,product-321,59,122,69,132,67,70,69,72,72
368,product-1901,59,122,0,0,0,0,209,0,0
369,product-365,59,134,36,42,38,163,40,36,32
370,product-864,59,135,0,245,0,0,0,0,0
371,product-1445,59,148,21,19,18,184,12,20,14
372,product-1728,59,149,0,0,0,0,0,0,209
373,product-40,60,72,0,0,0,0,0,0,214
374,product-738,60,81,48,44,41,48,45,156,40
375,product-942,60,89,101,102,107,101,107,103,95
376,product-1115,60,89,19,20,17,15,18,15,181
377,product-1581,60,102,128,69,74,67,75,73,69
378,product-86,60,140,121,125,121,119,125,79,119
379,product-552,61,61,0,0,0,0,0,225,0
380,product-1668,61,73,110,86,90,90,90,94,90
381,product-1362,61,88,136,60,136,136,135,144,137
382,product-1879,61,91,0,0,0,222,0,0,0
383,product-61,61,127,112,93,111,102,111,106,103
384,product-1036,61,127,140,139,133,137,131,64,135
385,product-1707,61,128,22,29,22,29,31,174,31
386,product-1251,61,129,100,108,95,107,103,107,100
387,product-1004,61,135,16,13,16,13,22,21,182
388,product-775,61,144,33,30,33,172,26,27,27
389,product-1908,61,144,144,149,55,143,142,150,146
390,product-1606,62,63,0,222,0,0,0,0,0
391,product-759,62,87,141,145,144,143,147,58,137
392,product-1659,62,89,12,19,10,9,186,18,14
393,product-1796,62,91,42,47,43,156,39,41,46
394,product-1282,62,107,45,151,44,48,47,50,45
395,product-225,62,122,168,34,37,27,32,37,36
396,product-710,62,129,63,63,57,60,59,63,138
397,product-1227,62,129,53,144,53,55,56,61,61
398,product-399,62,148,30,168,175,165,165,167,175
399,product-1081,63,82,95,86,85,110,94,89,87
400,product-1434,63,85,65,136,135,139,135,132,138
401,product-1411,63,91,200,0,0,2,1,5,2
402,product-1622,63,92,108,104,95,100,107,109,103
403,product-989,63,93,64,68,68,137,64,60,65
404,product-689,63,98,43,40,43,34,43,43,162
405,product-1992,63,100,0,0,0,229,0,0,0
406,product-92,63,111,93,96,105,99,90,96,99
407,product-1016,63,115,15,181,24,16,18,17,14
408,product-838,63,120,0,0,0,0,0,211,0
409,product-1467,63,126,204,0,0,0,0,1,0
410,product-624,63,129,8,190,7,7,5,11,13
411,product-1586,63,135,61,58,55,64,64,140,64
412,product-1752,64,69,63,142,137,142,142,138,142
413,product-1267,64,75,43,160,161,162,160,155,160
414,product-1759,64,84,53,147,50,51,48,48,53
415,product-922,64,102,41,35,42,38,162,38,36
416,product-704,64,115,74,71,67,74,74,67,131
417,product-1674,64,115,98,100,96,97,100,103,105
418,product-1302,64,119,82,86,86,119,86,85,82
419,product-1033,64,124,56,50,147,55,56,50,50
420,product-222,64,126,0,0,0,0,221,0,0
421,product-404,64,135,34,164,35,39,37,41,35
422,product-539,64,141,44,38,160,43,40,41,36
423,product-730,64,149,70,129,129,128,130,131,132
424,product-1423,64,150,178,26,179,171,177,169,173
425,product-648,64,159,67,133,130,133,138,137,137
426,product-1547,65,66,10,12,10,10,7,189,6
427,product-1329,65,79,157,154,156,157,153,46,157
428,product-308,65,84,19,18,18,15,180,25,23
429,product-726,65,89,154,150,153,50,145,155,153
430,product-1679,65,112,0,0,0,0,0,239,0
431,product-190,65,114,56,52,56,57,55,52,145
432,product-1316,65,133,145,145,146,145,50,152,154
433,product-515,65,134,156,45,48,48,47,49,47
434,product-797,65,142,170,178,171,25,173,179,172
435,product-163,66,70,77,78,82,77,82,120,75
436,product-1591,66,77,14,20,14,14,16,14,183
437,product-963,66,90,113,105,110,108,90,106,115
438,product-4,66,95,49,150,150,154,149,148,148
439,product-1503,66,110,145,146,143,54,149,147,144
440,product-683,66,115,13,8,12,10,15,188,10
441,product-1628,66,150,7,190,13,8,11,7,8
442,product-1285,66,158,105,98,104,99,104,100,102
443,product-1006,67,78,164,160,158,164,163,41,160
444,product-1448,67,94,85,88,79,87,79,86,116
445,product-1807,67,95,115,111,84,113,118,111,114
446,product-455,67,96,0,0,0,0,244,0,0
447,product-45,67,97,14,10,18,11,13,10,185
448,product-1085,67,103,0,238,0,0,0,0,0
449,product-233,67,104,36,28,33,36,169,30,30
450,product-196,67,112,9,9,4,9,191,7,11
451,product-1827,67,122,181,173,24,178,174,176,178
452,product-863,67,128,30,25,35,25,33,28,170
453,product-1681,67,131,50,46,51,54,45,47,151
454,product-671,67,150,149,148,56,147,145,144,142
455,product-977,67,164,185,20,12,14,10,12,19
456,product-892,68,75,14,16,183,12,20,15,14
457,product-1856,68,77,134,62,67,66,71,67,61
458,product-1859,68,107,190,188,187,190,186,187,11
459,product-204,68,142,153,148,153,48,147,152,152
460,product-273,68,142,88,87,78,117,83,87,80
461,product-1075,68,152,75,79,83,121,81,83,83
462,product-1966,68,163,150,151,147,143,152,146,52
463,product-1277,69,80,127,71,126,131,124,126,134
464,product-809,69,133,12,8,193,3,6,6,12
465,product-226,69,151,86,116,88,85,82,89,87
466,product-1810,69,161,53,142,146,152,142,146,151
467,product-1842,70,81,189,11,7,14,12,10,16
468,product-1632,70,87,147,151,146,146,149,49,148
469,product-1574,70,112,0,0,0,0,0,215,0
470,product-612,70,126,0,0,0,1,0,0,203
471,product-663,70,126,101,97,93,102,98,103,101
472,product-179,70,128,47,47,156,41,41,41,46
473,product-697,70,135,0,2,0,0,0,0,202
474,product-1551,70,142,161,166,161,166,167,37,165
475,product-1629,70,151,94,106,94,91,96,99,95
476,product-1186,71,72,99,99,105,98,100,100,104
477,product-611,71,74,188,12,11,10,12,12,8
478,product-288,71,92,0,0,0,0,0,209,0
479,product-956,71,110,47,149,53,50,56,49,51
480,product-227,71,125,81,80,80,82,121,75,75
481,product-1763,71,125,183,177,20,184,182,178,183
482,product-701,71,141,114,86,113,113,115,113,116
483,product-900,71,163,17,21,25,17,25,20,179
484,product-875,72,90,187,17,188,185,182,180,181
485,product-1714,72,101,137,140,145,144,58,141,142
486,product-557,72,115,98,91,101,104,97,95,97
487,product-3,72,137,48,46,152,48,53,51,43
488,product-1852,72,138,206,0,0,0,0,0,0
489,product-1079,72,154,121,116,116,122,114,83,113
490,product-221,72,156,49,54,149,53,47,51,54
491,product-975,72,161,61,143,140,144,137,141,144
492,product-450,73,74,74,79,125,80,76,80,78
493,product-1961,73,84,120,81,77,83,83,81,84
494,product-1457,73,85,162,155,160,42,155,155,160
495,product-481,73,111,9,18,9,14,16,8,187
496,product-1636,73,118,132,137,134,142,142,135,63
497,product-1833,73,129,36,26,169,28,34,29,36
498,product-162,73,161,15,16,14,184,21,21,12
499,product-1690,73,168,161,160,158,153,162,42,157
500,product-1819,74,101,77,68,76,73,74,69,128
501,product-762,74,105,71,124,73,76,76,71,72
502,product-1909,74,117,0,0,0,0,0,0,236
503,product-1275,74,122,169,35,29,36,26,31,28
504,product-1717,74,122,16,20,18,13,14,14,184
505,product-1442,74,132,157,158,46,156,152,155,158
506,product-715,74,137,10,192,12,3,4,11,8
507,product-194,74,154,136,138,66,130,130,137,132
508,product-1974,74,158,120,118,121,124,115,80,121
509,product-284,74,159,98,96,106,99,101,102,101
510,product-1603,75,78,36,43,40,43,37,34,161
511,product-929,75,82,71,131,134,129,133,124,127
512,product-1775,75,86,105,107,113,107,106,110,90
513,product-642,75,90,133,72,125,130,126,132,125
514,product-355,75,117,133,132,131,67,138,135,133
515,product-1401,75,123,81,80,116,82,89,88,81
516,product-820,75,131,80,116,79,79,86,83,87
517,product-826,75,140,172,168,169,171,30,172,169
518,product-1749,75,148,101,98,96,99,96,106,99
519,product-1324,75,150,9,16,10,14,11,187,16
520,product-1116,75,167,86,117,79,84,82,80,86
521,product-1733,75,169,93,103,97,96,95,102,101
522,product-1890,76,84,0,0,0,0,0,206,0
523,product-1132,76,85,45,44,38,45,39,157,46
524,product-1138,76,88,122,116,120,119,80,121,123
525,product-1529,76,92,29,27,33,25,171,34,25
526,product-414,76,104,71,133,69,67,67,70,68
527,product-1097,76,119,147,157,151,147,147,48,148
528,product-23,76,120,29,172,29,27,24,26,23
529,product-585,76,127,0,0,237,0,0,0,0
530,product-681,76,144,75,76,120,75,85,77,76
531,product-972,77,95,162,160,35,169,161,170,160
532,product-198,77,104,20,23,20,179,20,21,24
533,product-1331,77,115,20,23,23,178,23,25,22
534,product-464,77,136,110,94,86,94,88,90,91
535,product-499,77,141,153,151,144,51,152,147,148
536,product-1428,77,141,0,0,0,0,0,230,0
537,product-1791,77,143,79,123,79,72,77,79,82
538,product-940,77,154,77,121,127,125,122,118,122
539,product-1206,77,167,128,67,137,131,134,134,138
540,product-100,78,81,104,94,101,102,106,103,105
541,product-1926,78,112,0,0,0,276,0,0,0
542,product-1617,78,122,2,7,6,0,196,1,6
543,product-636,78,143,114,81,87,83,91,85,87
544,product-184,78,149,68,75,77,71,74,128,72
545,product-1244,78,159,114,118,123,117,118,81,122
546,product-1328,78,162,0,0,0,0,0,0,249
547,product-811,78,169,16,12,11,18,13,12,184
548,product-1061,79,94,36,40,43,159,41,42,40
549,product-1829,79,96,81,83,78,117,88,79,86
550,product-1708,79,110,96,100,96,105,101,100,104
551,product-1254,79,112,11,3,2,5,4,194,10
552,product-1593,79,122,20,18,19,180,16,24,23
553,product-1619,79,135,94,87,91,93,89,90,109
554,product-131,79,145,163,37,33,32,35,34,41
555,product-1289,79,172,21,175,184,180,182,180,176
556,product-1450,79,175,2,0,2,201,0,4,3
557,product-1762,79,177,0,0,0,0,218,0,0
558,product-1112,80,88,134,132,71,126,127,125,128
559,product-915,80,89,0,0,0,216,0,0,0
560,product-1582,80,94,20,177,179,182,184,175,179
561,product-1051,80,103,100,97,99,103,104,100,104
562,product-1489,80,103,30,30,33,29,35,32,169
563,product-1214,80,107,45,48,46,43,154,45,49
564,product-1493,80,107,9,187,12,14,15,14,17
565,product-1860,80,130,66,69,69,67,65,69,131
566,product-1143,80,134,153,144,51,151,149,153,152
567,product-1479,80,143,0,0,0,1,0,204,0
568,product-505,80,164,0,0,0,0,0,0,216
569,product-1514,80,172,5,4,4,5,0,0,199
570,product-1359,81,81,7,10,3,194,7,8,9
571,product-247,81,82,170,174,29,169,167,175,172
572,product-1192,81,82,190,8,14,6,10,11,15
573,product-876,81,87,25,21,24,176,25,25,22
574,product-1366,81,92,192,195,8,193,196,197,195
575,product-346,81,97,83,88,85,83,113,92,87
576,product-287,81,149,85,95,90,91,87,110,92
577,product-340,81,159,109,90,111,111,109,109,112
578,product-925,81,165,0,0,0,232,0,0,0
579,product-1963,82,83,0,0,0,0,0,0,206
580,product-667,82,94,61,60,61,54,53,55,143
581,product-508,82,101,47,45,157,48,41,46,44
582,product-603,82,110,2,3,7,1,4,195,2
583,product-50,82,131,61,65,68,65,61,65,134
584,product-396,82,147,235,0,0,0,0,0,0
585,product-980,82,153,11,13,10,187,14,11,17
586,product-312,83,95,0,0,0,0,0,264,0
587,product-1913,83,95,121,127,77,125,122,119,124
588,product-228,83,108,71,126,128,126,132,125,129
589,product-360,83,119,0,0,206,0,0,0,0
590,product-1535,83,148,47,44,43,50,155,49,44
591,product-1444,83,176,26,24,21,25,175,22,28
592,product-647,83,177,0,0,268,0,0,0,0
593,product-1252,83,177,104,98,99,98,96,101,98
594,product-836,84,88,66,67,66,134,70,63,70
595,product-517,84,91,18,183,187,184,187,178,184
596,product-1776,84,136,175,22,24,21,23,22,29
597,product-402,84,168,161,158,44,157,152,156,155
598,product-1910,85,95,0,0,0,0,218,0,0
599,product-278,85,99,25,19,177,21,21,23,18
600,product-849,85,106,28,169,29,26,33,35,29
601,product-865,85,112,25,172,24,26,26,29,25
602,product-1390,85,141,149,144,146,151,150,54,150
603,product-292,85,147,18,177,23,24,24,22,19
604,product-1009,85,153,112,115,117,118,113,118,84
605,product-1673,85,159,20,177,18,20,20,27,20
606,product-348,85,168,58,143,53,61,62,61,57
607,product-1644,85,171,138,132,134,140,63,139,141
608,product-485,85,173,174,168,28,175,169,171,167
609,product-1836,86,98,0,0,0,215,0,0,0
610,product-1308,86,116,144,149,147,56,142,148,144
611,product-158,86,121,29,22,173,30,31,25,29
612,product-832,86,123,44,156,44,44,39,41,39
613,product-787,86,126,0,0,0,0,0,248,0
614,product-1556,86,131,64,67,57,66,59,61,138
615,product-1771,86,145,33,31,32,171,30,31,26
616,product-397,86,178,176,174,28,169,176,168,170
617,product-573,87,87,54,61,62,141,62,64,62
618,product-1374,87,104,89,96,92,88,98,107,92
619,product-969,87,112,87,93,87,112,87,85,92
620,product-1096,87,113,50,50,56,54,147,57,56
621,product-1868,87,126,0,0,0,0,0,0,212
622,product-1215,87,133,64,68,70,68,65,66,134
623,product-1496,87,142,193,12,8,9,2,12,4
624,product-313,87,151,43,39,42,40,38,46,158
625,product-684,87,158,6,11,12,192,13,3,3
626,product-415,87,165,24,172,25,32,24,28,33
627,product-1548,88,88,109,110,116,117,111,109,88
628,product-94,88,107,0,0,0,0,0,0,218
629,product-961,88,112,26,171,179,178,169,169,177
630,product-1218,88,125,135,61,141,141,139,142,139
631,product-1652,88,127,0,0,0,0,226,0,0
632,product-1592,88,133,108,103,111,108,109,92,107
633,product-1661,88,140,114,87,108,109,118,114,116
634,product-1727,88,159,16,12,21,19,22,183,16
635,product-550,88,162,12,14,18,21,183,17,18
636,product-877,88,182,0,0,215,0,0,0,0
637,product-1034,88,183,122,130,131,129,74,128,129
638,product-1573,88,188,0,218,0,0,0,0,0
639,product-403,89,91,96,100,98,102,99,101,99
640,product-1662,89,102,12,16,188,8,15,11,11
641,product-845,89,107,47,48,46,48,46,156,43
642,product-1199,89,107,138,137,135,133,133,64,138
643,product-1977,89,107,38,33,34,34,162,42,33
644,product-129,89,119,0,216,0,0,0,0,0
645,product-373,89,124,57,143,144,140,146,141,147
646,product-29,89,128,29,166,32,37,37,34,30
647,product-685,89,142,87,111,92,86,85,92,90
648,product-791,89,146,76,83,83,80,84,77,121
649,product-1205,89,156,29,33,30,30,166,36,38
650,product-513,89,186,83,121,114,119,115,117,114
651,product-560,89,186,79,73,124,71,74,78,74
652,product-563,90,96,58,138,143,143,141,143,138
653,product-732,90,104,5,7,2,2,7,6,196
654,product-14,90,116,126,72,77,71,70,75,79
655,product-1507,90,125,140,149,148,149,145,142,56
656,product-1373,90,129,183,191,183,192,189,12,188
657,product-498,90,130,71,79,74,71,71,125,79
658,product-469,90,141,112,105,93,106,106,108,105
659,product-1867,90,151,129,137,66,139,135,129,136
660,product-1180,90,170,0,3,0,2,202,1,0
661,product-583,90,182,165,169,169,168,171,32,168
662,product-965,91,102,182,23,176,176,173,172,176
663,product-152,91,134,21,22,15,22,24,181,20
664,product-168,91,140,5,0,6,5,196,5,6
665,product-1553,91,161,9,5,3,7,8,10,193
666,product-1608,91,171,65,63,66,68,63,132,67
667,product-442,92,94,178,25,17,22,18,25,24
668,product-1889,92,121,0,0,1,1,199,1,0
669,product-275,92,123,36,35,30,34,30,31,165
670,product-1656,92,127,26,177,23,27,22,22,26
671,product-593,92,137,124,119,116,124,123,79,117
672,product-911,92,148,48,44,154,44,42,49,51
673,product-277,92,154,116,111,118,117,110,85,118
674,product-950,92,158,167,162,163,166,166,34,171
675,product-1888,92,159,186,191,13,182,186,183,186
676,product-594,92,162,193,9,7,7,12,4,10
677,product-951,92,170,129,131,69,126,133,135,128
678,product-1871,92,171,176,174,178,176,26,176,178
679,product-510,92,177,119,118,119,122,118,79,118
680,product-569,92,180,92,101,103,93,98,102,96
681,product-1237,92,183,0,203,0,0,0,0,0
682,product-1936,93,99,0,0,0,0,0,248,0
683,product-1279,93,103,221,0,0,0,0,0,0
684,product-1156,93,108,98,97,94,102,100,95,100
685,product-201,93,114,26,34,24,171,24,32,31
686,product-79,93,123,100,107,102,97,106,108,98
687,product-363,93,150,0,0,0,0,237,0,0
688,product-823,93,157,132,133,133,72,133,128,130
689,product-75,93,168,219,0,0,0,0,0,0
690,product-388,93,168,140,147,147,140,58,144,138
691,product-127,93,171,7,194,1,5,11,5,9
692,product-1291,93,172,11,5,6,14,191,5,7
693,product-1513,93,178,5,193,7,12,4,4,4
694,product-1830,93,185,158,155,158,45,150,152,152
695,product-1982,94,98,101,104,103,94,94,100,94
696,product-598,94,117,138,138,143,137,60,136,142
697,product-619,94,141,0,0,0,0,1,0,204
698,product-970,94,146,0,0,0,223,0,0,0
699,product-1692,94,154,145,143,143,149,149,144,52
700,product-1152,94,161,53,152,146,148,144,143,146
701,product-1594,94,162,67,71,133,70,71,63,68
702,product-844,94,163,119,125,123,126,126,121,76
703,product-1880,94,169,132,129,128,134,70,134,133
704,product-1545,94,177,37,162,41,33,37,34,39
705,product-1724,94,183,53,60,142,53,61,58,56
706,product-1630,95,121,149,145,150,149,146,143,52
707,product-242,95,138,29,33,32,35,38,167,36
708,product-1087,95,138,144,144,51,147,146,152,148
709,product-926,95,147,37,33,37,31,164,41,31
710,product-665,95,149,0,0,0,0,0,248,0
711,product-1164,95,160,182,23,14,18,19,13,23
712,product-1028,95,173,47,51,152,50,49,44,49
713,product-334,95,180,172,31,27,29,29,26,31
714,product-1801,96,99,150,152,153,51,148,151,149
715,product-1884,96,109,173,172,176,172,168,28,174
716,product-257,96,115,47,42,41,158,37,44,37
717,product-799,96,115,36,27,34,26,169,33,35
718,product-782,96,129,43,41,43,36,159,44,41
719,product-1159,96,132,102,106,104,106,103,100,97
720,product-1195,96,142,150,155,150,156,45,155,151
721,product-125,96,145,153,153,148,150,151,48,157
722,product-1734,96,145,106,94,111,105,103,108,111
723,product-421,96,146,147,142,145,54,147,149,145
724,product-1536,96,154,110,114,90,115,111,109,108
725,product-1903,96,158,111,103,113,104,110,92,113
726,product-1208,96,169,113,114,113,114,84,114,111
727,product-879,96,178,0,0,221,0,0,0,0
728,product-856,96,181,105,108,101,105,102,94,106
729,product-1960,96,190,143,56,56,60,54,62,55
730,product-1462,96,192,82,80,82,116,86,84,86
731,product-1649,97,113,73,67,130,75,73,75,70
732,product-323,97,128,139,135,134,140,137,65,139
733,product-519,97,129,50,47,46,152,48,43,52
734,product-520,97,130,166,34,163,169,167,168,170
735,product-1161,97,146,22,18,26,23,24,177,21
736,product-290,97,172,124,120,115,122,121,116,81
737,product-1565,97,182,59,143,62,59,61,60,53
738,product-66,97,185,0,0,0,269,0,0,0
739,product-867,97,196,80,80,74,75,125,80,80
740,product-1896,98,105,104,99,103,104,107,101,96
741,product-1792,98,107,15,11,10,185,14,20,20
742,product-281,98,111,172,174,31,172,171,164,166
743,product-850,98,114,71,131,74,68,68,65,67
744,product-976,98,114,44,53,52,46,152,51,53
745,product-1625,98,118,70,128,128,129,132,133,131
746,product-901,98,124,168,177,171,177,27,173,168
747,product-1262,98,140,24,29,174,30,28,24,21
748,product-802,98,153,15,189,190,181,189,187,189
749,product-1874,98,159,194,197,200,1,195,200,200
750,product-1694,98,161,116,85,84,87,83,89,82
751,product-1911,98,165,185,18,12,19,17,10,19
752,product-1519,98,172,39,156,166,164,161,161,163
753,product-1052,98,181,124,75,80,78,79,77,81
754,product-988,98,185,191,197,193,188,8,195,193
755,product-1069,98,188,0,0,0,0,0,0,254
756,product-1854,99,101,135,131,134,133,130,66,135
757,product-716,99,117,9,191,190,194,196,190,194
758,product-1848,99,119,152,155,45,150,150,157,153
759,product-1247,99,129,124,122,80,123,116,122,117
760,product-89,99,136,0,0,0,0,226,0,0
761,product-274,99,145,34,42,162,42,38,34,33
762,product-1073,99,147,188,182,189,191,190,13,189
763,product-147,99,162,81,78,86,117,87,82,83
764,product-1240,99,169,111,118,84,117,115,115,120
765,product-887,99,175,37,37,38,38,45,38,158
766,product-1736,99,177,156,161,154,42,153,162,160
767,product-905,99,184,23,23,30,23,25,23,174
768,product-1949,99,193,61,135,60,68,66,68,63
769,product-559,99,197,86,87,117,79,85,85,81
770,product-270,100,119,46,43,43,51,52,51,152
771,product-1657,100,146,0,0,0,0,0,238,0
772,product-1158,100,161,190,186,183,187,13,188,192
773,product-1007,100,168,103,107,107,104,106,104,93
774,product-1715,100,175,27,30,175,27,29,26,24
775,product-1134,100,180,49,47,151,44,47,45,45
776,product-484,101,108,83,86,87,116,83,88,88
777,product-635,101,116,104,99,98,98,100,97,99
778,product-1861,101,120,121,120,121,128,122,127,76
779,product-486,101,124,126,75,71,76,77,74,74
780,product-244,101,127,57,141,62,56,61,55,63
781,product-90,101,134,0,0,0,0,0,226,0
782,product-1812,101,142,0,233,0,0,0,0,0
783,product-724,101,170,84,86,117,83,80,85,86
784,product-1610,101,170,95,104,102,105,101,102,109
785,product-32,101,176,272,0,0,0,0,0,0
786,product-155,101,184,81,121,76,82,84,74,83
787,product-962,101,184,71,73,78,76,124,81,74
788,product-1599,101,190,168,159,36,167,167,166,159
789,product-300,101,191,0,231,0,0,0,0,0
790,product-1616,102,104,111,89,106,114,111,109,112
791,product-240,102,109,177,20,22,21,23,23,27
792,product-433,102,114,154,153,152,155,156,46,157
793,product-1173,102,131,49,51,54,54,45,45,150
794,product-123,102,149,0,246,0,0,0,0,0
795,product-1037,102,155,102,96,99,103,101,100,99
796,product-159,102,160,15,11,187,10,8,10,15
797,product-548,102,164,71,71,134,65,71,69,71
798,product-304,102,167,99,105,103,96,99,103,102
799,product-120,102,170,46,158,45,44,44,38,46
800,product-679,102,170,22,25,23,30,23,31,174
801,product-678,102,174,109,89,109,107,115,114,115
802,product-1561,103,105,50,54,52,50,49,55,149
803,product-102,103,142,109,104,106,106,94,108,101
804,product-1216,103,143,1,202,3,0,0,1,0
805,product-1983,103,154,118,119,123,119,121,79,119
806,product-1363,103,159,58,49,51,48,48,55,147
807,product-56,103,162,40,40,47,155,48,42,49
808,product-441,103,162,37,37,44,39,45,39,159
809,product-439,103,176,145,139,135,137,141,60,139
810,product-51,103,187,98,104,104,102,103,102,101
811,product-1103,103,188,92,102,98,95,103,100,93
812,product-772,104,105,137,66,65,61,66,65,68
813,product-771,104,122,112,104,106,93,102,108,105
814,product-1650,104,145,148,51,154,150,147,148,145
815,product-420,104,165,96,95,94,92,93,109,89
816,product-489,104,193,76,83,78,79,83,121,79
817,product-1343,104,194,80,72,77,81,123,80,77
818,product-511,105,109,49,45,48,152,52,53,46
819,product-1563,105,124,70,126,79,74,71,70,77
820,product-880,105,126,122,127,126,76,129,127,122
821,product-156,105,133,28,31,167,34,28,30,36
822,product-641,105,149,204,0,0,1,0,0,0
823,product-1743,105,152,0,0,0,227,0,0,0
824,product-254,105,155,29,28,24,30,171,26,25
825,product-387,105,156,121,119,120,114,117,120,83
826,product-1883,105,162,14,15,7,190,10,15,15
827,product-1665,105,167,188,13,17,9,11,16,17
828,product-502,105,170,76,71,77,76,74,72,125
829,product-996,105,170,94,95,103,96,99,93,94
830,product-1410,105,183,142,60,60,57,60,57,55
831,product-384,105,194,122,119,119,115,83,117,122
832,product-1803,106,106,112,112,121,119,118,83,120
833,product-572,106,123,85,87,90,111,93,93,87
834,product-187,106,124,78,123,80,82,82,73,82
835,product-483,106,124,163,36,161,164,160,167,168
836,product-825,106,124,179,19,20,26,20,22,24
837,product-1463,106,160,48,48,43,50,153,47,51
838,product-1976,106,161,81,120,119,114,115,115,122
839,product-98,106,180,0,0,0,0,0,0,217
840,product-1413,106,201,27,35,31,33,30,168,27
841,product-42,107,108,171,168,29,171,167,170,172
842,product-84,107,115,38,44,157,38,44,46,39
843,product-600,107,116,120,79,125,124,123,117,120
844,product-1047,107,116,15,22,183,18,20,16,21
845,product-1621,107,129,81,121,80,75,83,81,74
846,product-430,107,165,7,196,0,3,7,6,0
847,product-295,107,171,157,42,162,161,154,160,156
848,product-1063,107,178,28,168,174,176,173,174,176
849,product-28,107,191,27,25,20,27,177,20,22
850,product-1818,108,122,0,2,202,0,0,0,0
851,product-625,108,127,180,18,24,16,25,22,25
852,product-301,108,129,4,194,4,6,1,10,10
853,product-1135,108,131,115,85,116,112,112,120,114
854,product-994,108,134,138,57,142,144,143,145,142
855,product-1730,108,137,174,181,22,181,180,173,179
856,product-1531,108,145,86,81,78,78,84,119,82
857,product-1559,108,149,0,0,0,0,0,215,0
858,product-680,108,150,122,120,123,120,120,82,120
859,product-623,108,165,136,143,61,140,135,142,139
860,product-1255,108,184,66,136,138,136,132,139,129
861,product-1300,108,193,177,171,178,25,173,174,170
862,product-1187,108,198,49,41,40,47,39,47,156
863,product-1027,109,118,27,171,168,170,168,177,177
864,product-139,109,132,70,132,63,71,70,67,73
865,product-1866,109,139,135,69,133,131,128,136,130
866,product-878,109,144,135,62,137,139,139,136,133
867,product-1261,109,161,151,158,152,152,45,157,160
868,product-1790,109,164,56,142,145,147,148,145,147
869,product-78,109,173,113,107,91,109,104,109,109
870,product-687,109,181,61,60,70,135,66,64,61
871,product-466,109,200,127,126,130,130,132,72,123
872,product-432,110,110,28,19,27,21,176,19,25
873,product-1375,110,139,101,98,102,99,102,102,105
874,product-189,110,147,71,71,70,69,133,63,72
875,product-912,110,149,44,50,153,45,42,50,47
876,product-1312,110,152,202,1,0,0,1,0,0
877,product-22,110,183,133,130,129,132,68,136,136
878,product-1696,110,183,109,89,109,113,106,114,106
879,product-1127,110,189,206,0,0,0,0,0,0
880,product-427,110,199,33,29,35,28,32,27,169
881,product-898,111,115,116,117,112,117,112,84,117
882,product-1370,111,133,2,7,5,1,6,195,1
883,product-269,111,141,15,10,14,9,187,17,8
884,product-1319,111,153,36,167,36,35,33,37,38
885,product-1332,111,156,181,174,175,179,178,24,181
886,product-495,111,157,18,27,17,178,23,22,20
887,product-1353,111,185,141,142,56,147,143,140,140
888,product-784,111,197,135,133,133,134,137,134,67
889,product-1575,111,197,15,7,9,12,7,6,190
890,product-208,112,163,13,10,16,17,11,187,16
891,product-1891,112,181,85,87,112,92,87,84,86
892,product-578,112,182,71,71,73,73,128,71,71
893,product-1268,112,182,169,27,174,169,169,168,169
894,product-1482,113,118,85,81,116,89,88,88,85
895,product-1887,113,125,5,14,190,14,9,5,13
896,product-860,113,152,131,71,64,69,73,68,66
897,product-938,113,157,106,102,106,102,108,107,94
898,product-261,113,161,15,5,14,9,9,190,9
899,product-456,113,162,185,20,19,13,12,15,13
900,product-1839,113,179,115,116,87,115,113,115,109
901,product-342,113,183,1,202,0,0,2,0,0
902,product-1756,113,185,116,116,88,115,107,114,114
903,product-540,113,200,158,45,155,156,152,152,159
904,product-514,114,119,11,192,4,12,3,3,13
905,product-372,114,135,73,131,132,131,127,124,130
906,product-1902,114,140,114,86,84,81,90,88,86
907,product-1510,114,164,199,3,3,4,0,0,6
908,product-1170,114,172,23,24,26,27,21,176,19
909,product-561,114,177,151,141,143,147,142,143,54
910,product-1774,114,181,157,157,44,156,158,158,157
911,product-1765,114,199,157,39,38,39,45,44,44
912,product-916,114,209,100,90,92,92,93,105,96
913,product-1235,115,116,101,104,95,110,105,103,107
914,product-1290,115,131,11,8,8,2,5,8,193
915,product-512,115,132,109,112,114,110,108,87,118
916,product-416,115,143,254,0,0,0,0,0,0
917,product-576,115,154,46,154,44,43,43,48,45
918,product-613,115,167,168,37,27,34,35,35,33
919,product-467,115,168,0,0,0,0,0,252,0
920,product-293,115,172,56,60,140,60,59,57,61
921,product-1039,115,183,0,0,218,0,0,0,0
922,product-1968,115,183,185,178,183,182,183,186,18
923,product-526,115,192,188,188,8,188,192,189,191
924,product-1518,116,120,4,6,195,9,3,1,4
925,product-145,116,121,8,10,6,15,9,189,15
926,product-71,116,138,188,192,13,185,187,190,190
927,product-1292,116,141,59,146,142,145,143,139,139
928,product-1941,116,143,36,32,169,30,34,34,27
929,product-1973,116,146,96,93,108,95,91,88,91
930,product-533,116,156,0,0,248,0,0,0,0
931,product-669,116,161,54,49,51,49,56,146,57
932,product-1660,116,178,124,79,120,122,118,125,117
933,product-1136,116,186,0,0,0,0,0,205,0
934,product-1770,116,193,72,78,127,71,70,69,78
935,product-1141,116,201,15,12,5,10,11,190,7
936,product-646,116,208,159,162,163,160,157,38,166
937,product-1045,117,129,63,61,63,139,60,58,64
938,product-695,117,142,46,43,47,40,156,41,41
939,product-1517,117,160,0,0,0,0,0,0,226
940,product-906,117,163,142,57,138,138,142,143,144
941,product-1944,117,163,59,56,140,65,64,59,65
942,product-1595,117,170,0,0,221,0,0,0,0
943,product-1346,117,178,0,207,0,0,0,0,0
944,product-82,117,187,72,65,66,74,131,65,74
945,product-712,118,118,153,156,156,155,150,49,155
946,product-1202,118,127,87,83,82,114,81,84,84
947,product-995,118,128,84,93,89,92,92,84,112
948,product-400,118,130,91,93,93,112,84,87,90
949,product-1500,118,141,155,153,155,44,158,152,153
950,product-246,118,151,95,90,94,95,108,88,92
951,product-1245,118,183,117,110,117,110,119,116,85
952,product-1978,118,183,136,67,59,63,61,66,61
953,product-1700,118,193,159,38,159,157,161,159,163
954,product-1587,118,209,90,112,105,106,115,105,111
955,product-1564,119,127,10,18,10,16,15,187,16
956,product-1583,119,142,196,6,3,0,5,0,0
957,product-1010,119,200,79,125,79,76,76,70,76
958,product-581,119,203,72,66,131,70,65,71,72
959,product-1793,119,211,33,32,26,172,29,27,31
960,product-1038,120,122,25,19,23,24,20,23,177
961,product-1943,120,131,0,0,0,0,0,0,218
962,product-649,120,142,1,2,200,4,0,2,0
963,product-1876,120,146,28,27,24,25,174,31,27
964,product-165,120,147,57,139,66,65,63,58,63
965,product-46,120,154,0,0,0,0,257,0,0
966,product-1348,120,160,195,191,191,4,193,200,193
967,product-1755,120,161,235,0,0,0,0,0,0
968,product-1726,120,163,146,59,55,50,59,58,53
969,product-736,120,174,0,0,0,0,0,0,220
970,product-468,120,179,19,29,26,24,176,20,25
971,product-668,120,190,31,35,31,31,31,27,169
972,product-1947,120,190,131,131,134,126,133,126,70
973,product-1190,120,216,50,52,58,49,146,59,59
974,product-1645,121,126,131,129,124,130,126,72,128
975,product-113,121,140,121,123,82,113,117,113,116
976,product-1706,121,140,182,179,185,183,183,17,179
977,product-1201,121,141,21,22,20,21,175,28,22
978,product-231,121,153,170,167,169,168,28,171,168
979,product-1228,121,153,97,104,99,94,98,95,100
980,product-172,121,154,180,183,181,22,176,179,174
981,product-67,121,158,138,132,137,132,64,139,139
982,product-327,121,169,175,178,170,175,178,174,26
983,product-333,121,186,106,102,110,107,93,105,111
984,product-1663,121,188,8,6,14,15,14,13,189
985,product-1072,121,191,144,59,57,58,58,59,60
986,product-72,121,195,20,23,24,22,25,21,178
987,product-606,121,201,40,39,44,157,46,38,40
988,product-405,121,210,160,160,163,164,167,37,165
989,product-332,121,214,65,64,59,136,64,61,68
990,product-947,122,131,60,142,141,135,139,135,139
991,product-547,122,135,48,50,155,45,45,41,46
992,product-1083,122,153,114,118,118,110,112,114,87
993,product-1881,122,161,64,66,69,64,134,61,64
994,product-1355,122,199,55,56,58,51,52,56,147
995,product-97,122,206,20,21,18,22,183,18,20
996,product-945,123,131,75,80,82,122,75,79,74
997,product-1297,123,136,56,53,50,54,147,49,56
998,product-95,123,154,186,188,192,187,12,192,185
999,product-1864,123,171,0,0,0,0,216,0,0
1000,product-1492,123,176,35,39,42,42,162,36,36
1001,product-688,123,182,0,0,0,0,0,244,0
1002,product-1383,123,193,98,100,96,105,100,97,91
1003,product-1869,123,195,109,108,102,102,95,106,106
1004,product-968,123,211,133,69,69,64,66,68,67
1005,product-768,124,152,156,151,151,150,159,155,46
1006,product-1099,124,158,133,134,134,132,138,63,132
1007,product-1327,124,167,164,168,169,165,36,161,159
1008,product-1379,124,185,104,102,98,107,98,107,103
1009,product-83,124,203,83,84,118,83,80,81,81
1010,product-590,124,209,114,107,114,111,90,115,112
1011,product-1858,125,134,153,153,154,45,158,159,155
1012,product-236,125,148,123,72,128,132,132,126,126
1013,product-1899,125,148,112,108,111,91,113,112,108
1014,product-1886,125,155,10,190,186,193,189,191,189
1015,product-412,125,156,9,3,2,6,4,193,4
1016,product-379,125,176,136,140,136,138,63,136,140
1017,product-1416,125,188,0,0,0,0,0,209,0
1018,product-670,125,189,126,118,126,118,122,77,125
1019,product-349,125,215,4,0,0,5,0,200,3
1020,product-298,125,221,40,163,162,160,158,159,162
1021,product-452,126,126,4,195,8,2,0,7,8
1022,product-733,126,126,73,128,67,75,67,70,71
1023,product-54,126,127,81,76,85,82,77,119,84
1024,product-88,126,134,180,180,15,189,190,185,182
1025,product-953,126,146,25,26,23,22,176,19,27
1026,product-1335,126,152,161,36,35,38,37,42,44
1027,product-413,126,201,161,160,39,166,166,157,156
1028,product-1110,126,205,52,56,144,55,55,53,52
1029,product-503,126,224,48,41,48,46,156,42,48
1030,product-1474,127,128,0,0,0,210,0,0,0
1031,product-1821,127,139,87,96,94,88,92,87,108
1032,product-1758,127,146,136,69,60,66,62,64,63
1033,product-543,127,151,46,48,51,54,47,151,44
1034,product-1597,127,158,142,139,139,58,141,141,144
1035,product-488,127,166,198,0,6,6,7,1,0
1036,product-1167,127,181,157,158,157,44,158,154,160
1037,product-847,127,189,0,1,0,6,4,197,0
1038,product-1425,127,190,126,70,72,69,70,76,75
1039,product-1471,127,191,147,152,143,149,145,150,53
1040,product-443,128,143,145,145,137,137,59,144,144
1041,product-835,128,151,46,36,159,40,45,37,36
1042,product-114,128,156,38,38,34,36,36,33,167
1043,product-212,128,167,0,0,0,0,0,0,216
1044,product-1459,128,168,93,100,98,97,101,102,97
1045,product-1426,128,173,124,75,121,120,121,129,126
1046,product-1166,128,175,61,63,59,66,137,67,61
1047,product-1211,128,178,176,26,169,173,178,176,177
1048,product-1602,128,183,18,25,21,17,180,16,22
1049,product-33,128,188,15,10,189,6,16,9,10
1050,product-1424,128,201,137,144,61,142,141,136,139
1051,product-1432,128,209,125,76,79,76,70,77,76
1052,product-251,128,211,156,165,159,165,156,161,39
1053,product-1232,128,214,103,100,102,103,99,100,93
1054,product-482,129,130,0,0,0,0,0,219,0
1055,product-666,129,137,116,118,108,111,109,111,87
1056,product-423,129,159,111,89,107,116,111,115,116
1057,product-1528,129,165,95,95,95,85,110,88,88
1058,product-1642,129,165,160,38,39,45,41,37,44
1059,product-1643,129,174,91,89,109,93,88,95,90
1060,product-562,129,179,70,67,67,63,66,135,65
1061,product-1281,129,197,189,193,9,188,187,193,192
1062,product-1360,129,202,101,104,99,100,104,101,106
1063,product-1144,130,142,74,80,78,72,125,74,73
1064,product-213,130,152,65,62,63,63,137,65,66
1065,product-843,130,159,139,58,66,62,62,58,61
1066,product-1024,130,169,8,13,191,14,6,9,4
1067,product-354,130,181,0,0,0,0,0,217,0
1068,product-917,130,184,26,22,23,24,179,25,26
1069,product-577,130,186,0,0,217,0,0,0,0
1070,product-15,130,190,49,44,51,51,151,44,51
1071,product-1824,130,191,0,243,0,0,0,0,0
1072,product-1330,130,209,61,57,60,139,64,65,60
1073,product-1558,130,210,43,162,162,156,155,155,162
1074,product-25,130,216,79,75,78,126,75,73,70
1075,product-1964,131,132,0,0,0,230,0,0,0
1076,product-1091,131,134,160,161,157,164,40,162,163
1077,product-422,131,147,89,109,96,90,86,86,93
1078,product-1648,131,162,23,14,14,17,14,182,19
1079,product-1333,131,182,34,37,37,37,168,30,37
1080,product-1572,131,191,22,28,26,27,29,29,174
1081,product-1721,131,198,93,92,95,96,97,100,104
1082,product-808,131,207,0,0,0,209,0,0,0
1083,product-1511,131,219,46,41,46,41,158,37,45
1084,product-1336,132,136,83,91,113,90,89,90,84
1085,product-770,132,145,79,79,77,77,84,76,119
1086,product-1393,132,150,85,86,88,81,114,87,86
1087,product-761,132,160,5,6,10,8,5,190,13
1088,product-1814,132,166,0,0,0,1,203,0,0
1089,product-1697,132,168,152,155,154,150,48,156,157
1090,product-1813,132,174,26,26,32,30,35,29,169
1091,product-1435,132,178,156,146,147,49,155,152,147
1092,product-465,132,193,27,21,27,23,175,21,21
1093,product-393,132,194,12,13,5,9,12,9,192
1094,product-1676,132,220,56,60,60,55,55,52,144
1095,product-425,132,223,184,178,179,18,186,177,184
1096,product-447,132,224,164,164,160,162,157,164,38
1097,product-1102,133,137,160,44,41,45,40,39,45
1098,product-218,133,152,167,29,173,169,168,176,173
1099,product-138,133,156,5,1,1,3,2,0,197
1100,product-132,133,164,156,153,149,49,146,147,148
1101,product-1701,133,164,48,150,48,47,54,53,49
1102,product-722,133,165,143,60,55,56,57,62,56
1103,product-112,133,169,1,2,3,197,5,0,2
1104,product-1579,133,180,114,113,121,116,82,120,113
1105,product-1460,133,182,166,38,31,34,39,35,29
1106,product-693,133,199,34,34,166,34,33,36,38
1107,product-1927,133,201,167,28,32,37,28,38,35
1108,product-1753,133,204,92,108,111,107,106,109,112
1109,product-44,133,207,64,61,137,66,62,65,67
1110,product-1306,133,211,40,34,161,42,38,41,35
1111,product-1288,133,212,175,169,175,28,176,174,175
1112,product-1092,133,214,59,57,57,57,62,141,61
1113,product-11,133,216,109,108,106,96,100,99,109
1114,product-516,133,223,168,160,167,170,168,168,35
1115,product-1686,133,226,54,51,54,49,54,150,52
1116,product-87,134,136,124,80,124,119,123,121,124
1117,product-1126,134,145,44,41,38,37,161,44,39
1118,product-1023,134,158,138,135,130,129,137,66,135
1119,product-494,134,177,67,66,66,72,68,70,133
1120,product-1043,134,204,123,124,124,73,127,122,128
1121,product-735,134,214,5,3,5,8,0,196,8
1122,product-1408,134,220,0,202,0,2,0,0,0
1123,product-1524,135,159,46,47,49,44,43,42,155
1124,product-1154,135,160,111,108,111,105,93,109,105
1125,product-1111,135,170,25,29,22,22,175,28,21
1126,product-846,135,173,187,190,9,186,193,192,193
1127,product-627,135,203,195,10,186,186,190,195,186
1128,product-178,135,220,98,100,106,99,106,106,96
1129,product-1118,135,225,121,122,120,117,123,79,120
1130,product-1323,136,137,100,99,105,99,99,104,97
1131,product-1107,136,173,49,56,51,51,55,51,148
1132,product-904,136,195,97,102,100,105,96,104,98
1133,product-1122,136,205,0,0,0,0,0,0,211
1134,product-1246,136,214,71,76,73,77,72,128,77
1135,product-821,137,142,147,145,146,143,53,142,145
1136,product-437,137,147,76,125,129,123,129,126,125
1137,product-1322,137,159,74,69,69,74,70,127,77
1138,product-1624,137,162,180,182,181,15,184,183,180
1139,product-896,137,173,68,71,67,62,65,63,133
1140,product-1723,137,178,6,7,7,196,5,4,2
1141,product-1997,137,182,46,39,158,43,47,40,38
1142,product-80,137,185,24,29,26,22,20,30,175
1143,product-682,137,194,108,111,109,111,107,109,89
1144,product-1130,137,198,46,53,47,151,49,45,51
1145,product-1005,137,210,121,78,123,121,125,122,125
1146,product-1789,137,213,156,43,156,154,156,161,152
1147,product-1149,137,220,90,83,89,80,115,84,90
1148,product-824,137,222,87,111,113,118,116,116,110
1149,product-262,138,152,77,123,119,123,127,128,127
1150,product-302,138,162,0,0,200,4,2,5,2
1151,product-1341,138,171,104,100,96,93,92,101,91
1152,product-224,138,172,93,109,108,109,111,108,112
1153,product-1077,138,176,0,0,0,0,0,0,225
1154,product-1560,138,177,138,142,58,142,140,147,142
1155,product-1008,138,185,100,99,105,99,100,94,97
1156,product-614,138,196,65,74,67,72,65,67,130
1157,product-691,138,197,160,41,35,44,37,42,35
1158,product-927,138,205,132,126,128,125,125,70,131
1159,product-267,138,211,97,93,99,96,92,97,104
1160,product-237,139,139,106,91,106,112,113,113,108
1161,product-249,139,147,76,125,126,129,123,123,127
1162,product-1210,139,157,85,116,119,114,115,113,118
1163,product-1937,139,188,71,79,72,74,79,126,74
1164,product-1716,139,199,131,70,68,74,74,65,71
1165,product-1501,139,224,84,87,94,111,88,84,89
1166,product-902,139,236,132,138,140,130,131,139,65
1167,product-1337,140,157,144,58,54,59,53,59,60
1168,product-1241,140,158,69,68,68,134,65,69,61
1169,product-73,140,159,61,60,66,66,137,59,60
1170,product-93,140,165,43,157,158,159,152,152,154
1171,product-1049,140,174,123,76,75,73,73,79,72
1172,product-1454,140,187,35,41,39,35,161,41,34
1173,product-1748,140,196,112,114,89,112,106,107,108
1174,product-1541,140,198,65,58,56,66,139,63,63
1175,product-1293,140,212,159,41,38,36,44,37,38
1176,product-1060,140,215,124,122,121,121,79,117,125
1177,product-356,140,231,178,21,17,25,22,27,17
1178,product-870,141,144,88,94,95,110,89,94,90
1179,product-185,141,149,154,151,147,49,146,156,151
1180,product-1835,141,152,108,117,87,117,109,112,116
1181,product-1407,141,154,133,126,71,125,133,127,133
1182,product-1969,141,175,54,55,55,146,51,52,52
1183,product-749,141,186,205,0,0,0,0,0,0
1184,product-1475,141,190,103,97,108,105,99,108,101
1185,product-1219,141,194,47,44,49,43,47,153,44
1186,product-1598,141,216,20,17,178,17,19,22,17
1187,product-1895,141,234,143,138,138,62,135,138,143
1188,product-1566,141,236,35,33,31,37,168,28,33
1189,product-1933,142,145,38,159,36,39,40,40,44
1190,product-1400,142,149,147,52,58,49,51,48,48
1191,product-1781,142,152,22,19,24,18,19,179,20
1192,product-243,142,158,0,0,207,0,0,0,0
1193,product-1071,142,170,21,179,181,180,179,184,181
1194,product-1113,142,171,161,41,154,158,154,159,162
1195,product-177,142,177,0,221,0,0,0,0,0
1196,product-1654,142,184,84,92,91,89,84,112,83
1197,product-1855,142,199,41,46,47,49,155,41,47
1198,product-661,142,219,144,145,143,147,53,149,149
1199,product-141,143,146,22,31,22,30,23,173,29
1200,product-740,143,146,13,10,14,12,12,188,13
1201,product-719,143,154,56,148,144,148,144,139,146
1202,product-1026,143,155,63,132,141,134,136,139,142
1203,product-1177,143,162,174,31,21,30,27,22,29
1204,product-816,143,168,173,167,170,164,32,173,163
1205,product-1223,143,188,103,95,97,102,102,102,100
1206,product-1878,143,196,149,147,147,144,54,145,146
1207,product-599,143,208,70,73,73,75,74,127,73
1208,product-1487,143,211,43,41,45,43,159,45,39
1209,product-315,143,225,182,186,178,177,187,177,18
1210,product-833,143,231,77,81,73,123,78,79,75
1211,product-1916,144,161,63,135,137,132,133,137,132
1212,product-1461,144,176,99,101,96,98,100,100,98
1213,product-1671,144,179,0,0,262,0,0,0,0
1214,product-907,144,204,161,164,169,162,35,164,170
1215,product-1446,144,210,177,28,28,22,28,20,25
1216,product-1777,144,213,5,0,5,3,3,199,5
1217,product-271,144,216,155,44,43,46,49,40,46
1218,product-620,144,221,0,0,0,2,200,0,0
1219,product-580,144,235,21,16,15,20,17,13,182
1220,product-1140,145,154,108,91,106,104,104,105,114
1221,product-1530,145,168,74,80,74,78,78,78,124
1222,product-960,145,202,0,0,0,241,0,0,0
1223,product-721,145,205,215,0,0,0,0,0,0
1224,product-1276,145,210,152,156,45,159,150,159,150
1225,product-1626,145,211,11,14,11,14,15,11,187
1226,product-634,145,214,99,105,98,100,98,90,94
1227,product-1181,145,220,57,55,57,56,50,57,145
1228,product-63,145,223,53,61,60,55,59,52,143
1229,product-1405,145,236,117,118,115,114,112,110,87
1230,product-971,146,147,205,0,0,0,0,0,0
1231,product-1438,146,147,180,21,183,179,181,179,182
1232,product-822,146,165,59,136,59,63,62,62,68
1233,product-1238,146,169,180,21,16,22,17,21,25
1234,product-1301,146,180,122,75,122,120,128,127,120
1235,product-644,146,181,77,79,85,84,80,118,81
1236,product-43,146,194,0,0,0,0,0,230,0
1237,product-1709,146,218,95,96,106,97,99,93,92
1238,product-1772,146,227,147,147,143,57,140,142,142
1239,product-1212,147,147,50,59,55,146,56,56,55
1240,product-10,147,153,0,0,7,198,0,1,1
1241,product-568,147,158,56,57,144,51,53,59,61
1242,product-609,147,164,89,115,114,113,114,107,111
1243,product-250,147,218,124,122,80,120,123,124,118
1244,product-1605,147,220,110,103,107,94,103,105,107
1245,product-1303,148,159,0,0,0,211,0,0,0
1246,product-958,148,176,153,156,155,155,152,48,149
1247,product-1817,148,176,61,58,55,140,57,60,64
1248,product-1295,148,188,91,87,92,89,87,111,88
1249,product-1846,148,189,23,174,21,24,28,22,22
1250,product-1904,148,195,0,0,0,0,277,0,0
1251,product-1283,148,198,62,57,61,64,139,61,60
1252,product-258,148,200,71,126,76,74,73,75,71
1253,product-479,148,203,149,142,147,144,140,56,141
1254,product-462,148,215,22,16,18,20,19,182,15
1255,product-1369,148,236,89,84,83,86,89,116,86
1256,product-798,149,170,119,80,81,77,79,85,83
1257,product-914,149,177,127,135,129,134,137,135,68
1258,product-164,149,180,161,40,163,158,164,155,161
1259,product-1905,149,211,0,0,0,206,0,0,0
1260,product-1340,149,231,28,27,26,29,29,175,21
1261,product-1680,150,155,111,112,108,106,90,105,108
1262,product-781,150,157,130,128,133,125,135,70,135
1263,product-618,150,158,19,25,19,23,19,17,179
1264,product-1639,150,171,136,67,128,134,130,132,137
1265,product-37,150,174,189,186,189,11,188,187,192
1266,product-1196,150,179,68,127,137,134,130,131,137
1267,product-1915,150,179,75,71,65,66,66,130,70
1268,product-378,150,186,146,151,146,146,153,146,51
1269,product-5,150,188,66,65,134,69,71,68,64
1270,product-551,150,190,113,105,105,109,111,111,92
1271,product-1351,150,192,114,85,119,115,110,114,119
1272,product-1951,150,200,28,170,170,172,172,168,171
1273,product-453,150,228,102,100,93,99,94,101,95
1274,product-1311,150,228,175,25,180,173,176,173,172
1275,product-369,150,230,44,39,37,39,45,159,46
1276,product-1032,150,238,212,0,0,0,0,0,0
1277,product-1948,150,240,5,0,1,3,5,9,195
1278,product-555,151,154,0,0,228,0,0,0,0
1279,product-840,151,155,84,115,112,119,119,118,112
1280,product-1784,151,162,46,46,158,46,44,42,43
1281,product-601,151,186,185,188,13,185,187,183,189
1282,product-1453,151,202,109,112,115,106,115,90,111
1283,product-1364,151,207,1,0,0,0,0,0,202
1284,product-756,151,231,155,154,157,156,157,154,41
1285,product-504,151,235,95,103,93,102,100,96,102
1286,product-1344,151,236,112,108,116,117,117,109,88
1287,product-1672,151,238,168,164,159,167,167,37,165
1288,product-1473,151,251,76,77,120,84,76,77,77
1289,product-383,152,155,118,86,87,85,77,85,85
1290,product-391,152,162,168,35,164,165,165,165,170
1291,product-1495,152,165,13,15,184,18,17,14,20
1292,product-1822,152,173,146,144,143,58,145,137,140
1293,product-881,152,178,1,2,11,10,4,11,194
1294,product-928,152,183,105,102,96,99,102,101,101
1295,product-128,152,194,116,118,80,117,119,121,124
1296,product-570,152,203,52,54,48,47,149,46,49
1297,product-1557,152,212,40,158,37,40,43,38,44
1298,product-1990,152,215,5,190,8,8,10,15,13
1299,product-1931,152,218,22,23,17,25,15,18,180
1300,product-211,153,167,95,109,109,103,107,107,106
1301,product-434,153,169,178,171,173,26,173,176,171
1302,product-919,153,172,0,0,0,0,0,0,248
1303,product-944,153,174,188,186,188,190,191,192,9
1304,product-1466,153,186,18,18,18,15,13,16,183
1305,product-1165,153,192,96,100,95,101,97,98,99
1306,product-1710,153,205,59,53,145,59,50,52,57
1307,product-111,153,219,130,74,127,129,124,126,128
1308,product-1396,154,155,14,187,185,183,189,190,183
1309,product-497,154,156,0,0,0,0,0,0,260
1310,product-1550,154,163,21,29,174,21,29,21,25
1311,product-1953,154,165,123,124,123,77,125,120,128
1312,product-1907,154,171,4,3,0,201,0,0,0
1313,product-1080,154,174,151,149,53,147,152,142,146
1314,product-1638,154,182,95,95,105,97,94,91,90
1315,product-672,154,197,172,173,173,171,181,180,24
1316,product-700,154,199,110,111,110,113,86,110,111
1317,product-713,154,202,145,55,53,56,51,58,57
1318,product-1296,154,213,64,58,57,56,56,65,140
1319,product-265,154,225,26,30,27,33,169,31,35
1320,product-760,154,228,120,118,123,78,119,127,123
1321,product-1207,154,232,88,109,88,96,93,90,92
1322,product-1850,154,235,85,93,86,84,111,93,89
1323,product-371,154,240,52,46,46,49,150,48,50
1324,product-1844,154,242,46,43,48,152,46,43,49
1325,product-96,155,162,19,184,16,11,15,11,13
1326,product-1991,155,163,104,102,105,100,95,105,99
1327,product-1832,155,168,193,12,6,12,12,6,4
1328,product-1520,155,169,190,186,183,190,12,186,191
1329,product-1230,155,170,75,129,66,70,74,73,75
1330,product-1980,155,186,14,9,12,5,191,11,5
1331,product-891,155,190,13,182,20,22,23,20,19
1332,product-121,155,211,31,34,31,31,26,171,28
1333,product-993,155,220,122,76,129,123,128,123,128
1334,product-1046,155,237,35,39,161,38,44,40,39
1335,product-859,155,240,48,47,41,46,42,155,50
1336,product-1834,155,254,123,129,126,126,126,72,124
1337,product-1433,156,173,112,114,83,117,115,118,119
1338,product-173,156,176,131,129,123,74,131,127,123
1339,product-1217,156,196,44,43,40,159,41,36,40
1340,product-1607,156,197,171,31,29,32,31,25,28
1341,product-410,156,204,51,44,45,43,49,152,43
1342,product-1900,156,230,111,94,91,91,88,87,91
1343,product-392,156,231,180,175,174,176,179,173,23
1344,product-476,157,169,186,11,188,187,192,193,191
1345,product-1395,157,197,27,26,29,28,173,25,29
1346,product-852,157,200,79,79,86,85,85,80,119
1347,product-376,157,204,60,63,63,67,57,64,138
1348,product-1162,157,207,55,56,53,46,149,54,47
1349,product-734,157,230,94,103,102,111,111,106,107
1350,product-276,157,249,129,72,125,125,131,125,131
1351,product-1751,158,160,58,147,48,55,55,55,58
1352,product-361,158,190,88,92,89,83,86,92,112
1353,product-382,158,193,38,44,158,44,40,40,44
1354,product-1182,158,199,141,135,132,141,138,64,135
1355,product-181,158,201,71,68,64,132,65,73,71
1356,product-6,158,205,128,132,133,126,71,133,132
1357,product-884,158,206,112,110,110,112,88,109,114
1358,product-328,158,213,0,1,5,2,7,198,0
1359,product-1226,158,232,128,128,132,127,133,128,68
1360,product-579,158,235,97,97,98,97,106,104,102
1361,product-1760,159,162,57,67,67,65,57,138,62
1362,product-116,159,165,163,33,169,163,172,169,164
1363,product-431,159,172,6,2,6,195,3,0,1
1364,product-1590,159,188,0,0,212,0,0,0,0
1365,product-1431,159,200,104,109,110,104,105,100,95
1366,product-1634,159,217,21,22,178,26,20,23,23
1367,product-1498,159,228,76,68,76,74,68,127,74
1368,product-1767,159,244,68,135,65,67,64,70,67
1369,product-1088,160,164,172,164,170,31,169,168,167
1370,product-459,160,169,0,0,0,0,218,0,0
1371,product-1585,160,169,113,117,115,88,109,111,112
1372,product-778,160,170,125,116,116,121,124,79,123
1373,product-1418,160,173,187,9,12,8,16,14,10
1374,product-544,160,178,8,3,6,0,197,5,3
1375,product-885,160,182,5,1,5,0,2,0,200
1376,product-1750,160,188,0,251,0,0,0,0,0
1377,product-1746,160,201,4,0,0,198,0,6,4
1378,product-1703,160,217,154,146,152,153,149,51,149
1379,product-792,160,226,172,171,175,172,25,177,171
1380,product-310,160,231,39,38,35,35,32,30,166
1381,product-362,160,239,169,26,35,32,27,36,30
1382,product-1452,161,168,61,58,56,143,59,58,53
1383,product-1958,161,209,10,15,14,17,10,12,187
1384,product-401,161,219,51,150,154,154,151,151,144
1385,product-1646,161,239,120,111,116,120,113,84,121
1386,product-1986,161,248,35,38,37,38,33,166,29
1387,product-1925,162,179,80,89,86,115,87,84,89
1388,product-1385,162,180,20,20,18,18,17,185,19
1389,product-564,162,185,0,0,0,0,0,207,0
1390,product-1020,162,199,178,174,173,178,176,27,177
1391,product-1945,162,200,50,57,146,53,55,54,57
1392,product-920,162,211,0,0,0,0,204,0,0
1393,product-1236,162,243,211,0,0,0,0,0,0
1394,product-981,162,260,81,84,80,83,83,75,120
1395,product-370,163,175,6,192,13,5,3,10,5
1396,product-491,163,179,0,255,0,0,0,0,0
1397,product-1538,163,179,75,72,128,72,71,70,71
1398,product-180,163,185,91,107,107,107,105,110,113
1399,product-1357,163,199,73,124,81,77,76,80,72
1400,product-827,163,201,54,53,149,48,48,54,51
1401,product-1699,163,205,36,166,161,167,169,159,168
1402,product-294,163,213,64,62,59,64,56,141,58
1403,product-1614,163,215,73,72,67,67,72,73,132
1404,product-219,163,217,81,122,73,80,75,80,81
1405,product-708,163,220,84,89,84,89,84,113,85
1406,product-202,163,230,19,22,17,22,183,19,15
1407,product-188,163,245,97,98,100,102,105,105,105
1408,product-622,163,255,163,162,157,161,166,38,161
1409,product-1578,164,166,72,74,66,67,65,130,74
1410,product-1689,164,166,16,15,25,21,15,180,22
1411,product-176,164,177,141,137,64,141,136,133,131
1412,product-1569,164,180,139,132,130,133,136,132,66
1413,product-1872,164,185,143,148,145,54,151,151,144
1414,product-1898,164,191,42,159,160,159,155,159,156
1415,product-151,164,195,50,57,51,52,60,58,145
1416,product-774,164,201,66,65,62,62,138,57,60
1417,product-1059,164,203,107,106,104,105,107,102,98
1418,product-1970,164,248,17,22,15,15,182,18,22
1419,product-1131,164,250,107,103,105,105,94,101,107
1420,product-1014,164,262,0,0,210,0,0,0,0
1421,product-436,165,173,128,130,127,135,137,68,128
1422,product-1515,165,183,69,74,65,67,67,131,67
1423,product-440,165,200,94,103,96,95,98,92,92
1424,product-987,165,209,94,106,101,101,108,102,108
1425,product-1920,165,220,4,192,196,200,199,197,195
1426,product-1388,165,224,187,185,15,181,181,183,185
1427,product-62,165,233,8,15,189,7,12,10,15
1428,product-1055,165,239,108,93,104,108,104,103,109
1429,product-1484,166,214,96,99,99,94,106,99,98
1430,product-694,166,220,104,97,92,98,98,95,95
1431,product-205,166,229,177,178,177,26,169,177,173
1432,product-739,166,252,199,6,0,0,1,3,0
1433,product-1265,166,254,149,56,48,53,56,47,46
1434,product-536,166,257,11,186,11,17,19,17,17
1435,product-472,167,186,89,89,94,111,86,91,89
1436,product-77,167,189,98,98,97,101,108,100,99
1437,product-597,167,226,120,126,128,127,118,77,126
1438,product-727,167,230,160,154,154,164,41,154,156
1439,product-345,167,241,0,0,0,0,0,222,0
1440,product-1804,167,257,0,0,0,0,201,0,2
1441,product-1957,167,265,129,129,125,122,122,130,75
1442,product-1294,168,168,93,111,92,89,88,87,86
1443,product-493,168,173,200,200,4,195,200,197,200
1444,product-234,168,184,133,64,137,131,138,132,141
1445,product-745,168,184,132,70,127,125,133,128,126
1446,product-1539,168,185,1,9,2,2,2,195,8
1447,product-967,168,194,104,108,99,96,108,105,103
1448,product-1651,168,199,100,105,99,99,100,99,99
1449,product-935,168,203,28,24,29,30,22,174,22
1450,product-336,168,256,174,176,181,23,173,173,175
1451,product-1151,169,178,125,125,126,125,72,131,133
1452,product-1688,169,184,135,136,66,132,131,134,137
1453,product-1525,169,187,194,11,190,188,191,190,185
1454,product-1508,169,205,188,16,14,14,11,12,13
1455,product-855,169,210,15,11,11,12,185,17,17
1456,product-1946,169,215,51,48,50,150,54,48,52
1457,product-1194,169,238,187,10,11,12,14,12,16
1458,product-135,169,243,1,1,198,1,6,1,0
1459,product-1794,169,243,0,0,222,0,0,0,0
1460,product-1174,169,257,19,13,184,18,16,12,14
1461,product-417,170,171,33,27,28,27,168,34,27
1462,product-1249,170,202,175,20,175,181,179,178,184
1463,product-1142,170,223,87,89,86,94,89,93,111
1464,product-1030,170,226,180,21,19,18,18,17,16
1465,product-796,170,250,78,77,79,73,81,71,124
1466,product-1683,170,257,0,0,0,204,1,0,0
1467,product-34,171,177,101,99,106,106,99,99,96
1468,product-1613,171,207,112,91,113,106,108,104,108
1469,product-448,171,216,84,84,86,88,116,79,83
1470,product-638,171,218,190,189,195,9,194,186,186
1471,product-1719,171,222,150,157,154,153,158,156,46
1472,product-1994,171,222,182,183,183,21,183,178,177
1473,product-707,171,224,161,163,39,158,161,163,160
1474,product-1815,171,226,178,19,177,186,177,185,179
1475,product-1058,171,251,145,139,141,143,141,59,141
1476,product-862,172,185,90,109,110,112,114,106,107
1477,product-1754,172,198,30,168,166,172,166,175,173
1478,product-209,172,204,102,99,101,102,99,103,97
1479,product-1788,172,207,0,223,0,0,0,0,0
1480,product-368,172,210,134,134,137,135,133,67,132
1481,product-766,172,229,103,98,104,106,100,102,104
1482,product-652,172,238,66,61,67,57,138,64,64
1483,product-1012,173,178,18,27,177,25,22,18,19
1484,product-1269,173,183,120,123,115,115,113,82,121
1485,product-764,173,192,30,170,34,32,27,31,32
1486,product-1919,173,211,55,149,49,50,54,50,50
1487,product-1056,173,235,122,123,121,131,74,121,127
1488,product-285,173,237,18,23,18,26,28,25,177
1489,product-1381,173,242,6,7,5,0,198,7,5
1490,product-1278,173,245,85,110,87,89,86,93,87
1491,product-103,174,182,98,103,104,104,98,97,98
1492,product-1959,174,185,35,31,33,170,31,34,28
1493,product-106,174,197,85,88,86,112,83,89,86
1494,product-1962,174,212,28,23,31,24,173,31,30
1495,product-946,174,213,155,42,48,48,48,50,43
1496,product-779,174,220,127,129,133,130,127,123,72
1497,product-501,174,224,174,23,23,29,31,30,25
1498,product-528,174,250,0,0,0,0,206,0,0
1499,product-659,174,261,170,167,170,32,173,163,170
1500,product-232,174,265,61,55,62,56,141,58,58
1501,product-748,175,191,10,11,188,11,15,8,8
1502,product-17,175,193,121,76,120,121,125,120,121
1503,product-320,175,211,79,119,76,85,77,81,79
1504,product-1172,175,211,85,80,87,115,88,89,82
1505,product-1384,175,248,76,71,74,127,76,75,73
1506,product-1877,175,250,90,112,90,83,84,93,83
1507,product-1114,175,258,138,137,144,136,137,137,61
1508,product-1993,175,260,77,119,82,79,80,85,77
1509,product-206,175,261,189,186,188,192,194,10,189
1510,product-1391,176,176,161,162,41,156,154,154,155
1511,product-1376,176,177,157,164,165,163,160,40,159
1512,product-195,176,183,17,22,23,179,22,22,17
1513,product-1439,176,201,76,84,77,80,80,120,83
1514,product-140,176,204,116,81,86,87,80,81,86
1515,product-1798,176,207,0,251,0,0,0,0,0
1516,product-1675,176,215,107,90,91,89,96,91,91
1517,product-1921,176,222,139,62,141,133,143,139,142
1518,product-908,176,239,89,91,90,93,92,109,86
1519,product-523,176,260,14,15,185,19,14,12,15
1520,product-790,177,179,29,22,32,25,29,31,173
1521,product-167,177,209,6,6,2,199,0,3,6
1522,product-650,177,231,71,131,66,74,67,67,66
1523,product-1070,177,244,165,37,164,158,161,166,167
1524,product-1641,177,250,165,157,165,159,159,165,39
1525,product-475,177,262,172,169,28,169,172,169,171
1526,product-673,177,262,57,139,65,61,63,58,62
1527,product-1870,177,263,17,15,16,12,18,16,187
1528,product-1231,177,264,64,62,141,62,57,58,59
1529,product-41,178,183,99,96,102,102,99,93,101
1530,product-157,178,189,174,168,31,165,168,167,167
1531,product-538,178,194,125,120,127,118,119,123,77
1532,product-317,178,249,106,93,102,109,105,110,112
1533,product-1258,178,253,20,25,175,29,29,25,21
1534,product-801,178,270,59,65,64,64,68,62,137
1535,product-854,179,182,118,82,119,122,121,115,114
1536,product-1809,179,192,134,63,61,71,63,64,62
1537,product-531,179,193,162,37,41,38,34,36,42
1538,product-1938,179,207,35,27,34,26,34,170,35
1539,product-527,179,215,31,31,171,25,27,33,24
1540,product-1768,179,215,91,95,92,92,97,92,104
1541,product-1580,179,219,191,190,194,192,192,7,192
1542,product-546,179,224,106,107,100,108,95,103,103
1543,product-1225,179,228,85,116,88,86,81,86,88
1544,product-130,179,229,83,82,80,85,82,83,119
1545,product-1243,179,236,117,111,110,85,113,118,117
1546,product-1738,179,240,192,188,186,192,11,190,184
1547,product-1653,179,259,43,43,42,39,36,160,38
1548,product-1253,179,271,0,1,0,199,0,1,4
1549,product-890,180,182,124,74,74,78,72,81,73
1550,product-1761,180,190,28,22,23,26,20,19,176
1551,product-923,180,194,106,112,92,105,105,109,107
1552,product-110,180,210,137,59,63,58,67,68,63
1553,product-1739,180,245,0,0,224,0,0,0,0
1554,product-1365,180,251,169,31,29,26,33,27,26
1555,product-1604,180,261,55,60,63,61,58,61,141
1556,product-1702,180,266,19,25,26,18,16,17,179
1557,product-1050,180,272,129,132,71,131,130,125,126
1558,product-245,181,195,78,122,124,125,126,120,120
1559,product-746,181,209,92,90,98,90,90,96,106
1560,product-478,181,220,0,217,0,0,0,0,0
1561,product-311,181,226,93,93,88,90,85,110,95
1562,product-1412,181,229,125,127,123,122,124,73,123
1563,product-640,181,237,12,10,5,4,4,193,10
1564,product-280,181,239,3,0,200,0,4,0,4
1565,product-596,181,243,124,120,117,118,124,78,122
1566,product-1352,181,244,34,39,36,39,41,35,163
1567,product-709,181,265,159,161,155,160,41,157,158
1568,product-248,181,269,0,1,0,0,0,201,4
1569,product-252,182,203,50,55,50,46,149,52,51
1570,product-1011,182,215,143,136,59,143,145,139,143
1571,product-657,182,242,79,82,79,117,82,87,85
1572,product-1280,182,257,107,101,100,109,110,95,100
1573,product-1001,182,259,248,0,0,0,0,0,0
1574,product-871,182,270,81,119,116,123,121,116,117
1575,product-1095,182,279,144,141,60,144,137,136,135
1576,product-107,183,183,154,155,50,152,146,149,150
1577,product-807,183,188,0,202,0,0,0,0,0
1578,product-1398,183,191,137,139,139,135,141,137,60
1579,product-1967,183,217,0,1,2,0,0,201,0
1580,product-1609,183,220,29,23,175,30,27,26,26
1581,product-68,183,223,33,169,29,31,27,31,29
1582,product-341,183,233,152,153,52,148,151,150,151
1583,product-1831,183,248,52,45,150,51,49,47,47
1584,product-374,183,265,40,45,44,157,44,45,48
1585,product-1647,184,185,0,0,238,0,0,0,0
1586,product-1284,184,186,40,44,44,43,44,160,42
1587,product-507,184,188,99,106,96,96,98,96,99
1588,product-1523,184,190,179,189,185,16,182,182,181
1589,product-617,184,193,0,0,0,0,0,209,0
1590,product-1389,184,194,187,15,181,188,188,180,188
1591,product-39,184,199,61,143,52,60,52,62,60
1592,product-767,184,203,17,19,19,12,12,183,21
1593,product-1347,184,214,181,180,176,19,186,185,185
1594,product-1540,184,215,184,184,189,189,194,189,11
1595,product-1387,184,230,0,0,0,0,0,235,0
1596,product-91,184,244,154,50,145,151,145,152,145
1597,product-319,184,250,38,33,40,165,34,32,38
1598,product-1421,184,261,93,93,95,97,90,93,107
1599,product-1057,184,280,46,151,47,52,52,44,51
1600,product-1882,185,200,123,123,119,116,82,117,113
1601,product-656,185,204,46,47,50,46,48,46,151
1602,product-1185,185,222,2,0,0,0,0,199,6
1603,product-742,185,224,166,29,171,166,167,166,166
1604,product-1667,185,226,59,60,139,62,60,58,60
1605,product-1996,185,237,66,65,66,64,138,57,66
1606,product-1299,185,238,69,73,67,74,66,129,74
1607,product-1220,185,245,193,189,190,188,11,187,189
1608,product-1596,185,266,71,77,73,74,125,74,71
1609,product-1128,185,272,66,137,64,58,61,59,66
1610,product-1315,185,277,97,101,103,98,104,94,101
1611,product-1932,185,280,133,140,139,141,138,138,64
1612,product-1272,186,204,26,169,29,31,32,27,33
1613,product-1505,186,204,57,58,65,66,139,63,59
1614,product-1705,186,216,170,168,30,169,170,170,168
1615,product-747,186,220,118,115,81,122,117,120,116
1616,product-1259,186,225,52,46,51,47,43,46,152
1617,product-1811,186,246,0,0,242,0,0,0,0
1618,product-757,186,250,101,98,101,98,99,99,98
1619,product-1264,186,250,15,19,12,184,18,11,17
1620,product-1189,186,255,111,113,116,88,112,115,107
1621,product-207,186,264,111,90,114,114,111,112,113
1622,product-358,186,264,26,170,171,178,170,172,173
1623,product-1350,186,267,24,25,24,19,29,176,27
1624,product-1456,186,271,63,132,140,134,132,141,138
1625,product-1677,186,274,75,129,122,120,120,121,125
1626,product-1447,186,275,76,82,86,119,77,77,85
1627,product-1552,186,275,147,138,58,141,138,147,142
1628,product-266,187,187,0,0,0,208,0,0,0
1629,product-1779,187,195,122,75,128,123,121,126,120
1630,product-305,187,198,87,96,88,90,93,108,88
1631,product-1745,187,199,100,101,101,96,104,108,103
1632,product-999,187,213,147,145,147,147,140,147,56
1633,product-1799,187,239,32,34,38,163,38,40,40
1634,product-592,187,243,58,63,62,137,65,66,62
1635,product-1031,187,246,60,56,63,62,62,64,139
1636,product-1543,187,262,128,73,126,128,124,122,129
1637,product-492,187,264,39,35,37,162,38,34,41
1638,product-1841,187,268,31,164,173,172,174,173,164
1639,product-357,187,272,17,188,188,185,188,183,186
1640,product-1542,187,284,8,9,3,193,12,9,7
1641,product-1066,188,189,0,0,0,246,0,0,0
1642,product-229,188,199,103,100,101,105,100,101,100
1643,product-1090,188,211,129,128,69,131,135,128,132
1644,product-272,188,213,134,67,67,70,66,70,61
1645,product-359,188,213,0,0,196,8,0,1,1
1646,product-137,188,216,162,33,43,33,40,34,33
1647,product-1988,188,227,146,55,148,144,144,147,150
1648,product-1133,188,229,162,159,37,167,163,158,168
1649,product-1894,188,234,8,1,4,3,196,5,7
1650,product-1521,188,242,129,76,67,66,69,71,75
1651,product-1488,188,243,45,39,43,40,46,46,159
1652,product-1635,188,251,18,179,16,25,21,21,19
1653,product-1840,188,261,0,0,0,0,0,0,205
1654,product-1455,189,204,118,115,115,83,120,120,117
1655,product-76,189,224,92,94,91,98,104,97,96
1656,product-639,189,228,78,75,84,77,81,120,82
1657,product-1627,189,237,63,58,62,64,59,67,137
1658,product-776,189,253,172,168,167,171,30,165,170
1659,product-1802,189,254,2,0,0,202,0,0,0
1660,product-1722,189,261,54,56,48,51,51,54,148
1661,product-144,189,272,0,0,0,0,249,0,0
1662,product-888,189,276,108,107,104,100,97,104,104
1663,product-1808,190,191,78,79,124,73,74,80,80
1664,product-997,190,192,45,52,43,45,46,152,47
1665,product-1533,190,198,13,184,20,18,18,19,11
1666,product-588,190,213,127,76,121,119,120,129,123
1667,product-654,190,224,0,247,0,0,0,0,0
1668,product-1744,190,228,82,79,120,77,75,78,83
1669,product-1924,190,230,45,40,41,44,36,160,45
1670,product-954,190,247,16,11,14,12,15,12,188
1671,product-409,190,258,147,58,139,139,147,142,138
1672,product-628,190,260,91,89,91,90,83,112,90
1673,product-306,190,279,130,130,129,131,129,129,73
1674,product-1952,191,199,178,177,178,175,170,27,175
1675,product-1120,191,251,124,129,72,129,126,127,133
1676,product-714,191,278,14,14,22,16,182,20,15
1677,product-795,191,291,0,0,0,226,0,0,0
1678,product-419,192,197,179,180,20,181,183,177,175
1679,product-869,192,197,51,149,54,48,48,49,52
1680,product-53,192,199,62,59,60,52,61,57,143
1681,product-615,192,200,28,29,23,22,173,27,28
1682,product-331,192,217,0,0,0,0,216,0,0
1683,product-974,192,236,57,51,58,58,52,145,52
1684,product-814,192,240,120,124,123,125,128,123,75
1685,product-643,192,244,165,164,166,165,166,36,167
1686,product-1137,192,251,168,172,171,170,173,31,165
1687,product-347,192,253,96,109,87,93,86,87,96
1688,product-1985,192,257,66,58,58,64,68,137,59
1689,product-314,192,261,161,42,153,158,155,158,153
1690,product-134,192,270,158,37,46,37,46,45,41
1691,product-936,192,272,177,184,18,177,178,181,185
1692,product-1554,192,275,30,27,26,171,26,31,32
1693,product-150,192,279,105,97,99,100,100,100,102
1694,product-1972,192,284,0,0,0,205,0,0,0
1695,product-800,193,211,168,172,165,172,165,31,173
1696,product-197,193,230,140,63,55,65,64,58,61
1697,product-299,193,231,169,33,162,166,167,165,164
1698,product-385,193,232,168,166,169,167,29,176,170
1699,product-169,193,238,88,112,88,92,87,88,83
1700,product-882,193,245,81,115,117,114,119,124,117
1701,product-584,193,247,108,90,111,109,111,113,114
1702,product-1470,194,206,37,163,42,39,36,32,38
1703,product-1415,194,242,43,161,160,155,152,154,160
1704,product-1534,194,256,193,193,197,192,8,191,196
1705,product-978,194,266,0,214,0,0,0,0,0
1706,product-351,194,276,153,44,44,45,44,48,43
1707,product-477,194,286,90,94,91,95,97,105,90
1708,product-861,195,214,82,118,122,118,116,122,123
1709,product-582,195,215,171,28,28,34,32,26,31
1710,product-839,195,218,35,37,160,39,35,42,41
1711,product-698,195,220,42,45,39,157,44,44,47
1712,product-1942,195,220,41,38,41,43,162,40,40
1713,product-203,195,227,14,188,12,16,15,10,8
1714,product-389,195,227,139,58,59,61,65,62,59
1715,product-1637,195,241,136,145,145,138,146,145,59
1716,product-921,195,245,146,151,51,148,154,154,150
1717,product-31,195,248,47,48,43,50,155,47,44
1718,product-253,195,254,0,0,0,0,0,0,206
1719,product-1497,195,262,148,146,147,54,149,141,150
1720,product-1406,195,266,0,0,0,0,215,0,0
1721,product-21,195,271,154,155,156,157,149,147,48
1722,product-897,195,286,103,95,96,101,93,102,92
1723,product-754,196,207,120,115,123,123,118,82,113
1724,product-521,196,212,17,25,19,26,20,18,178
1725,product-567,196,224,109,110,89,112,107,113,115
1726,product-720,196,232,129,122,125,124,127,75,120
1727,product-1823,196,232,0,234,0,0,0,0,0
1728,product-982,196,256,0,217,0,0,0,0,0
1729,product-1954,196,275,0,0,226,0,0,0,0
1730,product-1873,196,277,152,43,43,49,52,48,51
1731,product-1687,196,283,7,0,198,0,2,2,2
1732,product-12,196,286,122,130,124,130,130,73,122
1733,product-1440,197,211,156,157,148,48,155,152,154
1734,product-1773,197,231,88,90,86,115,82,84,87
1735,product-1021,197,238,39,43,162,39,34,42,38
1736,product-894,197,245,151,155,151,44,160,154,153
1737,product-1183,197,248,51,153,149,154,148,152,146
1738,product-101,197,260,0,0,0,0,0,205,0
1739,product-1567,197,261,139,139,135,132,66,129,138
1740,product-1310,197,275,69,66,69,133,62,68,66
1741,product-1720,197,280,191,7,9,8,13,8,13
1742,product-983,198,222,96,107,103,106,103,99,105
1743,product-1769,198,265,30,33,169,28,31,29,35
1744,product-429,198,272,55,144,140,142,142,145,148
1745,product-407,198,280,174,175,22,174,178,179,182
1746,product-1386,198,284,114,115,115,114,119,120,85
1747,product-118,198,291,119,117,81,123,115,114,124
1748,product-1780,198,291,184,11,13,14,15,21,14
1749,product-1766,199,199,130,71,68,66,71,72,68
1750,product-461,199,212,112,109,115,115,111,106,89
1751,product-957,199,215,144,61,135,143,140,140,134
1752,product-47,199,216,0,0,253,0,0,0,0
1753,product-1732,199,224,126,130,74,126,127,127,126
1754,product-230,199,226,0,0,0,230,0,0,0
1755,product-1356,199,226,55,150,150,144,144,141,145
1756,product-1000,199,229,194,6,9,6,2,11,8
1757,product-220,199,241,78,77,78,78,83,118,87
1758,product-256,199,243,0,0,0,220,0,0,0
1759,product-696,199,245,176,172,176,171,170,167,28
1760,product-812,199,253,0,0,0,0,0,212,0
1761,product-1658,199,275,75,123,127,126,125,129,125
1762,product-1117,199,284,205,0,0,0,0,0,0
1763,product-1436,199,284,88,93,84,86,89,111,85
1764,product-1239,200,217,40,37,162,35,35,37,33
1765,product-1499,200,223,22,26,29,23,173,31,26
1766,product-990,200,231,100,100,106,103,103,100,96
1767,product-381,200,235,145,151,54,147,149,141,144
1768,product-1358,200,239,192,7,7,3,4,8,12
1769,product-1956,200,241,88,83,87,85,81,85,117
1770,product-1600,200,257,58,53,50,59,50,55,145
1771,product-848,200,260,57,53,59,56,144,58,53
1772,product-81,200,268,46,150,55,55,49,49,52
1773,product-886,200,285,92,86,111,92,89,87,88
1774,product-1074,200,286,115,118,123,81,120,115,123
1775,product-1576,200,286,74,78,126,70,79,74,72
1776,product-518,201,209,31,25,25,170,28,27,32
1777,product-490,201,218,182,190,14,184,182,191,183
1778,product-1483,201,218,145,50,54,53,51,50,50
1779,product-893,201,224,62,60,58,63,58,64,137
1780,product-1084,201,229,173,168,172,173,170,176,28
1781,product-350,201,230,100,100,95,99,105,100,93
1782,product-1380,201,237,112,87,110,113,109,113,117
1783,product-703,201,238,5,10,11,13,191,8,13
1784,product-1119,201,263,146,140,147,146,141,143,58
1785,product-1670,201,267,5,1,1,0,199,0,6
1786,product-1367,201,275,146,140,59,138,139,139,145
1787,product-556,201,289,23,24,23,181,20,22,22
1788,product-1935,201,291,128,119,120,77,128,118,127
1789,product-529,202,212,173,179,181,178,178,173,22
1790,product-1731,202,212,118,126,79,124,116,126,116
1791,product-874,202,225,1,2,0,2,203,0,0
1792,product-1971,202,240,0,229,0,0,0,0,0
1793,product-36,202,241,167,31,167,171,174,165,174
1794,product-1371,202,246,190,14,6,5,6,15,13
1795,product-268,202,247,133,66,136,131,131,132,134
1796,product-1633,202,248,30,31,24,24,174,23,28
1797,product-718,202,250,0,218,0,0,0,0,0
1798,product-1527,202,257,82,119,114,118,115,119,116
1799,product-591,202,263,2,202,1,0,0,0,0
1800,product-1618,202,265,60,67,70,135,62,60,68
1801,product-366,202,267,80,75,77,74,125,71,71
1802,product-1171,202,273,0,0,217,0,0,0,0
1803,product-2000,202,274,0,244,0,0,0,0,0
1804,product-1857,202,275,49,54,149,50,47,54,48
1805,product-530,202,277,53,51,151,53,49,49,49
1806,product-662,203,206,93,110,90,85,95,87,86
1807,product-175,203,210,78,77,121,78,80,78,74
1808,product-48,203,228,85,92,92,91,88,113,83
1809,product-755,203,255,77,71,69,126,75,70,78
1810,product-1213,203,258,3,4,9,10,1,2,195
1811,product-553,203,266,0,0,0,0,240,0,0
1812,product-1399,203,296,172,174,26,169,170,177,179
1813,product-1414,203,303,161,159,43,156,152,153,160
1814,product-653,204,210,0,0,0,0,0,225,0
1815,product-1494,204,210,155,41,162,163,161,164,161
1816,product-424,204,215,115,117,123,80,120,121,120
1817,product-451,204,215,132,137,137,68,137,133,134
1818,product-1392,204,218,60,57,56,57,143,61,53
1819,product-1260,204,224,159,150,45,153,151,160,158
1820,product-1729,204,229,0,0,0,0,240,0,0
1821,product-1512,204,234,117,121,113,120,84,119,111
1822,product-952,204,261,18,17,184,19,16,16,17
1823,product-932,204,270,105,108,102,101,100,104,96
1824,product-992,204,275,241,0,0,0,0,0,0
1825,product-941,204,286,31,31,40,165,38,32,35
1826,product-1843,204,293,60,136,135,144,137,141,135
1827,product-1157,205,236,40,41,158,41,38,43,44
1828,product-1169,205,238,0,0,0,0,243,0,0
1829,product-58,205,279,100,97,101,100,102,95,94
1830,product-1271,205,289,120,121,79,116,116,121,125
1831,product-506,205,296,0,0,0,0,0,223,0
1832,product-1885,206,208,111,110,88,117,116,112,113
1833,product-525,206,229,189,11,16,7,13,16,11
1834,product-959,206,263,22,181,20,14,24,17,18
1835,product-1191,206,263,195,191,194,193,4,193,195
1836,product-751,206,267,124,129,129,125,76,128,129
1837,product-1998,206,269,0,0,0,0,0,242,0
1838,product-1041,206,279,165,161,169,161,161,35,169
1839,product-857,206,289,162,169,168,166,162,33,169
1840,product-1851,206,298,141,60,136,143,143,145,144
1841,product-1229,207,210,120,113,117,83,121,117,116
1842,product-1664,207,255,166,167,168,165,35,166,168
1843,product-344,207,261,0,0,0,225,0,0,0
1844,product-1691,207,281,165,169,171,34,167,171,161
1845,product-1427,207,282,188,9,196,186,195,191,188
1846,product-85,207,296,15,12,13,187,15,17,9
1847,product-1532,208,212,33,38,39,162,37,38,38
1848,product-743,208,236,0,0,0,212,0,0,0
1849,product-1757,208,294,56,60,62,143,59,59,57
1850,product-1555,209,210,22,29,23,26,24,173,30
1851,product-99,209,234,153,147,148,48,156,153,155
1852,product-148,209,243,127,133,131,135,136,69,131
1853,product-335,209,262,117,83,86,83,83,78,87
1854,product-587,209,295,26,176,19,23,27,27,23
1855,product-1065,209,299,141,141,141,147,56,149,139
1856,product-1053,210,232,0,0,0,0,0,0,220
1857,product-1546,210,257,6,10,4,193,10,2,6
1858,product-216,210,261,0,0,0,0,0,213,0
1859,product-765,210,286,99,95,102,102,102,96,102
1860,product-149,210,290,132,66,136,137,137,136,131
1861,product-27,210,300,140,63,58,56,58,58,56
1862,product-57,211,223,163,159,167,36,162,168,162
1863,product-1354,211,228,140,137,140,135,61,143,141
1864,product-200,211,229,63,69,133,68,69,67,67
1865,product-1209,211,264,90,81,86,88,115,84,82
1866,product-1939,211,287,0,245,0,0,0,0,0
1867,product-1200,211,297,73,131,68,71,68,70,70
1868,product-1787,211,308,155,148,149,150,48,157,155
1869,product-1458,212,219,0,0,202,0,3,0,0
1870,product-1273,212,261,110,107,108,104,111,106,91
1871,product-1221,212,270,148,48,157,147,149,149,152
1872,product-235,212,271,114,115,108,110,116,113,89
1873,product-566,213,257,139,60,138,135,137,135,145
1874,product-1094,213,264,142,148,149,146,56,148,147
1875,product-1491,213,305,93,95,92,106,97,93,97
1876,product-8,214,220,144,147,58,141,147,137,143
1877,product-1089,214,242,215,0,0,0,0,0,0
1878,product-1975,214,250,0,0,0,0,0,0,217
1879,product-889,214,280,200,0,0,2,0,5,5
1880,product-1451,214,291,98,106,97,104,97,97,97
1881,product-1147,215,281,90,94,108,94,87,93,87
1882,product-532,215,309,120,119,76,119,124,127,126
1883,product-1307,216,217,0,0,0,0,0,210,0
1884,product-1504,216,223,41,162,161,164,160,157,155
1885,product-16,216,230,179,183,176,174,179,182,22
1886,product-943,216,312,101,93,100,97,101,91,104
1887,product-731,217,279,0,214,0,0,0,0,0
1888,product-124,217,280,2,0,2,0,2,202,2
1889,product-1806,218,219,28,170,31,26,25,26,28
1890,product-406,218,262,43,39,43,156,41,41,45
1891,product-537,218,262,86,91,83,93,112,93,87
1892,product-154,218,286,155,161,155,163,164,154,41
1893,product-380,218,289,176,181,181,178,183,19,177
1894,product-979,218,295,91,107,107,113,108,107,112
1895,product-866,219,226,64,68,71,70,66,61,134
1896,product-463,219,259,180,19,21,15,23,20,18
1897,product-1019,219,283,127,123,124,122,127,119,78
1898,product-60,219,287,172,176,170,176,168,27,171
1899,product-1013,220,232,161,163,36,165,164,168,167
1900,product-1795,220,264,120,119,116,115,115,82,118
1901,product-1620,220,270,78,78,77,87,118,77,82
1902,product-1002,220,290,134,126,130,131,127,70,134
1903,product-1570,220,291,45,151,44,51,53,52,48
1904,product-675,220,303,0,0,0,206,0,0,0
1905,product-316,220,308,94,106,99,89,99,93,98
1906,product-133,221,286,171,26,173,176,170,177,175
1907,product-872,221,286,73,124,126,122,122,130,130
1908,product-307,221,321,0,213,0,0,0,0,0
1909,product-1430,222,249,79,78,83,119,83,79,82
1910,product-1197,222,276,0,0,0,224,0,0,0
1911,product-1437,223,234,59,63,62,60,63,61,142
1912,product-49,223,237,105,93,99,97,98,99,94
1913,product-1485,223,246,116,79,79,89,85,85,87
1914,product-1098,223,272,104,98,98,103,103,99,104
1915,product-717,223,306,118,85,116,118,113,111,114
1916,product-934,223,315,20,16,17,183,15,15,21
1917,product-1929,224,235,118,86,87,82,86,81,87
1918,product-1740,224,255,79,119,83,79,80,80,85
1919,product-1068,224,310,159,43,41,38,46,44,43
1920,product-496,225,229,55,145,58,58,50,50,60
1921,product-104,225,320,84,87,79,118,79,77,78
1922,product-105,226,260,35,40,39,38,164,38,31
1923,product-1875,226,264,129,136,130,69,127,136,129
1924,product-1222,226,265,28,32,168,34,32,32,36
1925,product-330,226,267,159,36,161,169,169,164,168
1926,product-604,226,288,3,197,1,5,4,5,1
1927,product-367,226,325,0,0,0,227,0,0,0
1928,product-973,227,303,29,37,168,29,28,33,32
1929,product-1086,227,308,37,165,31,36,40,37,34
1930,product-645,227,319,38,36,28,167,37,30,34
1931,product-30,228,244,123,128,123,118,77,119,123
1932,product-805,228,253,136,62,66,69,61,61,64
1933,product-136,228,289,94,91,90,95,93,108,91
1934,product-1516,228,299,151,148,53,144,149,150,150
1935,product-338,228,301,70,132,132,135,126,127,133
1936,product-1669,229,235,0,0,0,0,0,223,0
1937,product-1179,229,263,74,129,129,126,130,125,129
1938,product-1914,230,274,21,176,28,19,24,28,24
1939,product-763,230,303,26,177,21,23,21,24,18
1940,product-1897,231,266,30,31,32,37,32,166,35
1941,product-955,231,289,54,62,54,61,55,56,141
1942,product-386,231,301,13,23,21,23,22,22,182
1943,product-655,232,263,64,134,133,131,135,134,138
1944,product-1040,232,311,24,19,24,24,24,25,178
1945,product-449,233,235,0,0,0,0,0,0,220
1946,product-789,233,238,0,212,0,0,0,0,0
1947,product-626,233,287,186,14,11,9,14,14,12
1948,product-1178,233,304,1,0,203,0,0,0,1
1949,product-1378,234,284,151,155,151,151,48,154,151
1950,product-1304,235,287,99,92,105,97,99,93,100
1951,product-1443,235,298,175,20,20,28,28,23,28
1952,product-1735,236,265,53,55,53,55,60,144,61
1953,product-786,236,277,40,48,155,47,50,49,46
1954,product-1999,236,280,55,54,59,145,52,54,56
1955,product-1912,236,298,48,49,47,47,153,51,49
1956,product-1018,237,252,0,0,0,0,0,0,227
1957,product-1188,237,281,77,123,77,74,79,79,80
1958,product-55,237,297,0,0,203,2,0,2,0
1959,product-810,237,306,125,74,70,75,73,74,70
1960,product-161,238,270,82,122,79,78,77,80,76
1961,product-108,240,308,0,0,0,0,0,213,0
1962,product-918,240,318,111,90,111,114,111,110,112
1963,product-1562,241,299,73,130,72,73,73,74,66
1964,product-1064,242,323,160,156,43,155,162,157,155
1965,product-806,243,293,134,140,141,134,140,63,136
1966,product-1101,243,304,118,82,80,85,77,79,78
1967,product-1044,243,321,150,147,147,149,48,156,147
1968,product-873,244,274,108,109,96,99,105,99,103
1969,product-1309,244,283,158,162,41,161,160,157,160
1970,product-984,244,307,96,100,94,91,105,97,97
1971,product-210,245,265,164,164,33,168,164,169,172
1972,product-1828,245,310,11,187,9,16,14,18,16
1973,product-769,246,288,145,148,144,145,142,141,57
1974,product-1274,247,300,37,29,31,168,37,30,29
1975,product-785,249,263,51,148,50,50,55,50,55
1976,product-408,249,269,49,52,48,56,49,51,147
1977,product-1892,249,275,0,0,0,0,0,0,218
1978,product-524,249,279,43,40,43,159,40,42,39
1979,product-706,250,324,154,161,162,41,160,157,162
1980,product-1015,250,328,77,120,128,122,121,124,121
1981,product-1321,251,345,122,73,83,76,76,80,75
1982,product-1104,254,294,43,41,38,41,39,47,157
1983,product-939,254,297,7,1,195,7,1,10,8
1984,product-937,254,301,15,19,20,182,19,18,21
1985,product-318,254,309,74,128,71,67,77,76,68
1986,product-883,255,332,96,105,102,102,105,109,102
1987,product-1368,258,294,138,139,144,138,146,138,57
1988,product-1785,258,309,133,70,125,126,131,127,133
1989,product-377,260,266,59,59,54,53,144,56,53
1990,product-1666,260,326,26,24,28,172,31,28,32
1991,product-435,261,264,0,0,0,0,201,0,4
1992,product-122,263,340,23,172,179,182,180,173,182
1993,product-834,265,293,92,93,99,92,94,104,98
1994,product-1537,266,271,201,1,0,0,0,0,0
1995,product-1486,268,290,185,12,20,17,16,17,16
1996,product-1786,274,350,184,179,19,181,183,180,185
1997,product-171,276,305,150,153,155,154,151,157,47
1998,product-818,278,375,172,172,169,165,165,166,31
1999,product-660,280,288,71,67,70,68,129,71,72
2000,product-1611,281,346,31,24,28,29,174,25,26
