ID,Label,Slope,Aspect,Elevation,Horizontal_Distance_To_Hydrology,Vertical_Distance_To_Hydrology,Horizontal_Distance_To_Roadways,Hillshade_9am,Hillshade_Noon,Hillshade_3pm
1,product-104645,0,12,55,3,22,75,86,93,61
2,product-221106,0,12,61,17,25,40,86,93,61
3,product-205693,0,12,56,9,26,30,86,93,61
4,product-67270,0,12,50,28,30,38,86,93,61
5,product-128014,0,12,61,30,26,47,86,93,61
6,product-142994,0,12,71,38,45,61,86,93,61
7,product-114220,0,12,56,15,22,40,86,93,61
8,product-207481,0,12,59,21,22,47,86,93,61
9,product-123967,0,12,63,0,22,77,86,93,61
10,product-41708,0,12,54,14,25,55,86,93,61
11,product-104924,0,12,59,43,33,63,86,93,61
12,product-78654,0,12,43,22,28,15,86,93,61
13,product-42117,0,12,51,24,25,41,86,93,61
14,product-11062,0,12,38,0,22,16,86,93,61
15,product-167040,0,12,59,18,34,18,86,93,61
16,product-335185,0,12,67,4,23,20,86,93,61
17,product-311014,0,12,66,10,25,37,86,93,61
18,product-277055,0,12,61,3,22,18,86,93,61
19,product-37268,0,12,57,43,32,76,86,93,61
20,product-256793,0,12,35,30,25,16,86,93,61
21,product-299321,0,12,53,19,22,27,86,93,61
22,product-40549,0,12,54,17,27,52,86,93,61
23,product-149931,0,12,59,11,24,14,86,93,61
24,product-320407,0,12,61,54,25,4,86,93,61
25,product-320424,0,12,49,6,23,8,86,93,61
26,product-215302,0,12,61,0,22,51,86,93,61
27,product-110374,0,12,57,6,25,75,86,93,61
28,product-245256,0,12,63,4,22,26,86,93,61
29,product-134093,0,12,58,4,22,48,86,93,61
30,product-323321,0,12,62,2,22,14,86,93,61
31,product-183286,0,12,66,3,22,47,86,93,61
32,product-21145,0,12,46,20,26,38,86,93,61
33,product-113881,0,12,55,11,24,29,86,93,61
34,product-388603,0,12,31,0,22,15,86,93,61
35,product-11406,0,12,35,5,23,7,86,93,61
36,product-294778,0,12,45,0,22,12,86,93,61
37,product-82498,0,12,52,30,32,34,86,93,61
38,product-63744,0,12,43,33,22,18,86,93,61
39,product-22010,0,12,55,31,39,69,86,93,61
40,product-85817,0,12,45,0,22,27,86,93,61
41,product-218310,0,12,61,21,26,42,86,93,61
42,product-127295,0,12,68,34,27,81,86,93,61
43,product-326818,0,12,62,28,24,18,86,93,61
44,product-12989,0,12,47,23,34,42,86,93,61
45,product-162576,0,12,49,46,59,19,86,93,61
46,product-202371,0,12,31,22,28,10,86,93,61
47,product-120086,0,12,60,22,22,39,86,93,61
48,product-13665,0,12,41,24,25,22,86,93,61
49,product-98485,0,12,50,0,22,43,86,93,61
50,product-100622,0,12,58,2,22,60,86,93,61
51,product-74877,0,12,38,0,22,7,86,93,61
52,product-101111,0,12,58,6,22,62,86,93,61
53,product-145919,0,12,70,0,22,88,86,93,61
54,product-28866,0,12,42,15,22,28,86,93,61
55,product-202557,0,12,58,32,33,40,86,93,61
56,product-122406,0,12,55,0,22,34,86,93,61
57,product-120979,0,12,64,18,26,58,86,93,61
58,product-146248,0,12,68,2,22,72,86,93,61
59,product-94994,0,12,49,7,24,37,86,93,61
60,product-29379,0,12,43,13,23,33,86,93,61
61,product-331370,0,25,53,14,25,5,86,93,61
62,product-204988,0,25,31,10,24,8,86,93,61
63,product-41698,0,25,54,0,22,59,86,93,61
64,product-314676,0,25,51,12,29,12,86,93,61
65,product-10001,0,25,37,17,22,7,86,93,61
66,product-239668,0,25,63,23,24,29,86,93,61
67,product-334542,0,25,73,46,39,15,86,93,61
68,product-16180,0,25,44,2,23,38,86,93,61
69,product-332826,0,25,53,17,25,6,86,93,61
70,product-204208,0,25,58,0,22,33,86,93,61
71,product-372414,0,25,75,38,40,27,86,93,61
72,product-132460,0,25,60,0,22,53,86,93,61
73,product-138889,0,25,69,27,25,78,86,93,61
74,product-109408,0,25,65,24,24,82,86,93,61
75,product-380669,0,25,58,23,36,37,86,93,61
76,product-141288,0,25,72,6,24,66,86,93,61
77,product-141378,0,25,72,27,48,58,86,93,61
78,product-244046,0,25,67,55,25,15,86,93,61
79,product-62267,0,25,36,12,24,5,86,93,61
80,product-48998,0,25,55,24,26,60,86,93,61
81,product-32333,0,25,52,2,23,61,86,93,61
82,product-359557,0,25,63,13,22,9,86,93,61
83,product-350577,0,25,71,36,34,7,86,93,61
84,product-208090,0,25,24,2,22,5,86,93,61
85,product-33594,0,25,40,0,22,19,86,93,61
86,product-293553,0,25,53,2,22,32,86,93,61
87,product-376353,0,25,76,23,29,25,86,93,61
88,product-242682,0,25,68,59,27,17,86,93,61
89,product-242628,0,25,63,4,23,33,86,93,61
90,product-112492,0,25,58,0,22,65,86,93,61
91,product-218311,0,25,61,23,26,42,86,93,61
92,product-242235,0,25,63,5,22,33,86,93,61
93,product-144344,0,25,68,2,22,74,86,93,61
94,product-101357,0,25,58,3,22,62,86,93,61
95,product-344364,0,25,68,15,24,3,86,93,61
96,product-226817,0,25,62,26,25,38,86,93,61
97,product-99991,0,25,44,3,23,25,86,93,61
98,product-16653,0,25,45,24,26,33,86,93,61
99,product-100831,0,25,63,2,22,75,86,93,61
100,product-10895,0,25,41,13,27,23,86,93,61
101,product-344415,0,25,64,48,20,10,86,93,61
102,product-306219,0,25,48,2,23,20,86,93,61
103,product-266055,0,25,66,10,22,29,86,93,61
104,product-51296,0,25,46,6,23,37,86,93,61
105,product-363588,0,25,66,30,18,8,86,93,61
106,product-229534,0,25,63,48,31,30,86,93,61
107,product-335543,0,25,58,4,22,35,86,93,61
108,product-304459,0,25,63,0,22,8,86,93,61
109,product-366661,0,25,78,21,23,14,86,93,61
110,product-227254,0,25,62,27,24,38,86,93,61
111,product-345510,0,25,60,2,22,12,86,93,61
112,product-366979,0,25,78,20,23,14,86,93,61
113,product-335471,0,25,67,3,23,20,86,93,61
114,product-54052,0,25,52,31,25,51,86,93,61
115,product-367044,0,25,65,0,22,21,86,93,61
116,product-66566,0,38,35,2,23,5,86,94,61
117,product-236436,0,38,40,0,22,26,86,94,61
118,product-312931,0,38,67,0,22,61,86,94,61
119,product-88649,0,38,46,16,24,31,86,94,61
120,product-56993,0,38,53,11,22,57,86,94,61
121,product-65575,0,38,50,44,36,36,86,94,61
122,product-42116,0,38,51,22,25,41,86,94,61
123,product-206748,0,38,59,24,22,46,86,94,61
124,product-206164,0,38,22,0,22,14,86,94,61
125,product-122799,0,38,64,3,22,58,86,94,61
126,product-300418,0,38,58,2,22,43,86,94,61
127,product-122778,0,38,67,29,25,67,86,94,61
128,product-102172,0,38,53,14,33,40,86,94,61
129,product-117981,0,38,56,13,25,28,86,94,61
130,product-147277,0,38,72,14,28,87,86,94,61
131,product-42456,0,38,54,14,25,57,86,94,61
132,product-54495,0,38,52,34,25,52,86,94,61
133,product-39804,0,38,53,24,30,47,86,94,61
134,product-353617,0,38,67,17,27,16,86,94,61
135,product-17546,0,38,47,22,25,43,86,94,61
136,product-376805,0,38,66,9,23,62,86,94,61
137,product-357026,0,38,64,14,23,4,86,94,61
138,product-287956,0,38,72,0,22,20,86,94,61
139,product-83429,0,38,45,6,24,23,86,94,61
140,product-211858,0,38,51,29,31,16,86,94,61
141,product-214223,0,38,56,39,18,25,86,94,61
142,product-241620,0,38,50,37,33,28,86,94,61
143,product-186712,0,38,54,8,24,16,86,94,61
144,product-106020,0,38,55,2,22,74,86,94,61
145,product-296041,0,38,59,38,35,38,86,94,61
146,product-63474,0,38,53,11,22,62,86,94,61
147,product-177077,0,38,69,12,25,59,86,94,61
148,product-133694,0,38,68,29,23,82,86,94,61
149,product-142214,0,38,71,35,26,85,86,94,61
150,product-236700,0,38,62,8,24,19,86,94,61
151,product-129479,0,38,62,2,22,60,86,94,61
152,product-120629,0,38,59,17,22,36,86,94,61
153,product-15095,0,38,51,2,22,73,86,94,61
154,product-100386,0,38,58,0,22,59,86,94,61
155,product-144665,0,38,68,0,22,75,86,94,61
156,product-122348,0,38,64,4,22,57,86,94,61
157,product-397356,0,38,39,28,50,29,86,94,61
158,product-43155,0,38,55,24,25,57,86,94,61
159,product-100623,0,38,58,0,22,60,86,94,61
160,product-264963,0,38,66,4,22,30,86,94,61
161,product-44540,0,38,56,33,29,60,86,94,61
162,product-202486,0,38,55,12,23,18,86,94,61
163,product-51721,0,38,46,8,22,38,86,94,61
164,product-51218,0,38,54,2,22,64,86,94,61
165,product-121755,0,38,59,5,22,40,86,94,61
166,product-145351,0,38,68,0,22,82,86,94,61
167,product-139409,0,50,71,21,27,69,86,94,62
168,product-189164,0,50,69,6,22,48,86,94,62
169,product-390175,0,50,36,2,22,11,86,94,62
170,product-220198,0,50,58,28,27,26,86,94,62
171,product-104774,0,50,53,24,32,45,86,94,62
172,product-206224,0,50,31,35,39,12,86,94,62
173,product-258024,0,50,75,0,22,39,86,94,62
174,product-203412,0,50,55,12,22,18,86,94,62
175,product-122777,0,50,67,27,25,67,86,94,62
176,product-42649,0,50,54,21,24,56,86,94,62
177,product-36817,0,50,54,0,22,68,86,94,62
178,product-54105,0,50,43,8,23,27,86,94,62
179,product-202799,0,50,55,11,23,17,86,94,62
180,product-232869,0,50,63,38,29,28,86,94,62
181,product-1219,0,50,76,13,27,38,86,94,62
182,product-92794,0,50,55,20,29,46,86,94,62
183,product-103327,0,50,47,13,24,31,86,94,62
184,product-135807,0,50,68,0,22,83,86,94,62
185,product-257529,0,50,75,0,22,39,86,94,62
186,product-122552,0,50,67,28,25,67,86,94,62
187,product-148441,0,50,70,17,26,62,86,94,62
188,product-57303,0,50,53,20,30,56,86,94,62
189,product-134021,0,50,68,25,23,83,86,94,62
190,product-62825,0,50,46,0,22,50,86,94,62
191,product-111483,0,50,51,0,22,27,86,94,62
192,product-141495,0,50,67,2,22,78,86,94,62
193,product-84271,0,50,42,0,22,13,86,94,62
194,product-133858,0,50,68,27,23,82,86,94,62
195,product-86645,0,50,42,13,23,12,86,94,62
196,product-38808,0,50,54,14,26,50,86,94,62
197,product-282344,0,50,47,0,22,27,86,94,62
198,product-127680,0,50,69,38,30,64,86,94,62
199,product-187101,0,50,54,19,24,16,86,94,62
200,product-88080,0,50,54,34,29,46,86,94,62
201,product-88403,0,50,47,19,28,31,86,94,62
202,product-176863,0,50,57,28,26,19,86,94,62
203,product-81978,0,50,36,13,22,4,86,94,62
204,product-133693,0,50,68,29,26,83,86,94,62
205,product-160032,0,50,56,23,30,24,86,94,62
206,product-138004,0,50,71,33,28,71,86,94,62
207,product-138232,0,50,71,33,28,71,86,94,62
208,product-34963,0,50,48,9,24,39,86,94,62
209,product-73991,0,50,46,6,24,25,86,94,62
210,product-129908,0,50,68,31,26,83,86,94,62
211,product-130697,0,50,51,0,22,9,86,94,62
212,product-10803,0,50,32,0,22,12,86,94,62
213,product-44971,0,50,55,31,28,55,86,94,62
214,product-198821,0,50,54,4,22,21,86,94,62
215,product-398967,0,50,29,24,34,14,86,94,62
216,product-232501,0,50,63,29,27,24,86,94,62
217,product-101651,0,50,53,2,23,49,86,94,62
218,product-144195,0,50,70,30,36,65,86,94,62
219,product-314246,0,62,55,0,22,2,86,94,62
220,product-11235,0,62,38,2,22,9,86,94,62
221,product-55786,0,62,45,3,22,41,86,94,62
222,product-37540,0,62,56,37,26,60,86,94,62
223,product-114058,0,62,56,14,23,34,86,94,62
224,product-127798,0,62,61,32,25,46,86,94,62
225,product-359787,0,62,69,0,22,17,86,94,62
226,product-123761,0,62,63,3,22,77,86,94,62
227,product-142828,0,62,71,38,45,61,86,94,62
228,product-104923,0,62,59,44,33,64,86,94,62
229,product-56762,0,62,53,10,22,58,86,94,62
230,product-277232,0,62,75,23,26,13,86,94,62
231,product-122766,0,62,66,6,22,72,86,94,62
232,product-202873,0,62,58,35,33,39,86,94,62
233,product-67649,0,62,48,24,27,33,86,94,62
234,product-10072,0,62,37,17,32,9,86,94,62
235,product-50518,0,62,52,9,24,53,86,94,62
236,product-122987,0,62,66,10,22,71,86,94,62
237,product-32611,0,62,43,9,23,28,86,94,62
238,product-109361,0,62,56,5,22,75,86,94,62
239,product-182710,0,62,46,14,30,33,86,94,62
240,product-82842,0,62,46,24,28,24,86,94,62
241,product-318656,0,62,49,4,24,9,86,94,62
242,product-83970,0,62,45,10,26,25,86,94,62
243,product-109788,0,62,63,29,25,74,86,94,62
244,product-126540,0,62,66,4,22,71,86,94,62
245,product-47430,0,62,53,27,20,59,86,94,62
246,product-127459,0,62,69,35,30,64,86,94,62
247,product-106683,0,62,64,13,27,76,86,94,62
248,product-108334,0,62,51,18,29,33,86,94,62
249,product-142036,0,62,71,37,26,85,86,94,62
250,product-294535,0,62,44,30,25,15,86,94,62
251,product-44757,0,62,55,28,28,54,86,94,62
252,product-122323,0,62,67,29,25,67,86,94,62
253,product-137767,0,62,71,34,28,71,86,94,62
254,product-227443,0,62,48,13,25,15,86,94,62
255,product-137926,0,62,62,11,26,28,86,94,62
256,product-201884,0,62,54,2,22,28,86,94,62
257,product-201238,0,62,55,8,23,29,86,94,62
258,product-194079,0,62,30,14,28,12,86,94,62
259,product-226456,0,62,65,6,22,24,86,94,62
260,product-272290,0,62,74,39,28,13,86,94,62
261,product-163626,0,62,55,18,24,26,86,94,62
262,product-98915,0,62,56,8,21,61,86,94,62
263,product-72502,0,75,43,34,30,15,85,94,62
264,product-254945,0,75,69,25,22,2,85,94,62
265,product-169945,0,75,51,20,28,18,85,94,62
266,product-31090,0,75,44,14,25,32,85,94,62
267,product-361576,0,75,76,63,48,17,85,94,62
268,product-105690,0,75,61,15,27,69,85,94,62
269,product-360198,0,75,64,17,22,8,85,94,62
270,product-23569,0,75,66,12,23,65,85,94,62
271,product-276625,0,75,61,7,23,26,85,94,62
272,product-54700,0,75,52,24,22,57,85,94,62
273,product-213631,0,75,52,26,36,15,85,94,62
274,product-84986,0,75,52,29,28,38,85,94,62
275,product-244591,0,75,63,4,23,33,85,94,62
276,product-244589,0,75,63,6,23,34,85,94,62
277,product-47573,0,75,48,15,24,33,85,94,62
278,product-355026,0,75,74,57,37,12,85,94,62
279,product-180368,0,75,24,24,37,11,85,94,62
280,product-245284,0,75,67,41,33,17,85,94,62
281,product-59467,0,75,39,17,32,16,85,94,62
282,product-106333,0,75,57,22,29,59,85,94,62
283,product-127431,0,75,55,3,22,17,85,94,62
284,product-376232,0,75,71,4,23,21,85,94,62
285,product-218320,0,75,60,40,31,38,85,94,62
286,product-93870,0,75,39,4,23,19,85,94,62
287,product-340005,0,75,68,24,28,12,85,94,62
288,product-121420,0,75,55,11,27,21,85,94,62
289,product-302393,0,75,56,32,31,26,85,94,62
290,product-78424,0,88,40,45,26,8,85,93,62
291,product-37757,0,88,55,34,25,61,85,93,62
292,product-78381,0,88,45,11,25,19,85,93,62
293,product-104301,0,88,60,32,26,64,85,93,62
294,product-221311,0,88,25,0,22,8,85,93,62
295,product-205270,0,88,32,9,25,8,85,93,62
296,product-139439,0,88,68,26,24,86,85,93,62
297,product-296880,0,88,80,46,33,36,85,93,62
298,product-122801,0,88,64,0,22,57,85,93,62
299,product-129053,0,88,57,0,22,40,85,93,62
300,product-300419,0,88,58,3,22,43,85,93,62
301,product-300738,0,88,60,50,26,31,85,93,62
302,product-146425,0,88,68,14,21,65,85,93,62
303,product-257756,0,88,36,24,25,20,85,93,62
304,product-256791,0,88,35,28,24,17,85,93,62
305,product-204296,0,88,55,6,22,18,85,93,62
306,product-123023,0,88,64,19,22,53,85,93,62
307,product-67681,0,88,43,6,24,18,85,93,62
308,product-276397,0,88,71,70,44,26,85,93,62
309,product-141637,0,88,67,11,24,75,85,93,62
310,product-133927,0,88,58,5,22,48,85,93,62
311,product-376806,0,88,66,8,23,62,85,93,62
312,product-111511,0,88,58,4,22,72,85,93,62
313,product-85067,0,88,41,0,22,9,85,93,62
314,product-15553,0,88,42,17,25,24,85,93,62
315,product-11989,0,88,38,2,22,13,85,93,62
316,product-40176,0,88,50,15,25,40,85,93,62
317,product-181381,0,88,23,26,46,15,85,93,62
318,product-214228,0,88,56,24,26,28,85,93,62
319,product-27443,0,88,43,13,23,29,85,93,62
320,product-87389,0,88,44,0,22,23,85,93,62
321,product-107586,0,88,56,2,22,77,85,93,62
322,product-87974,0,88,52,0,22,69,85,93,62
323,product-127239,0,88,69,32,30,64,85,93,62
324,product-138001,0,88,71,27,27,70,85,93,62
325,product-138229,0,88,71,27,27,70,85,93,62
326,product-201781,0,88,76,8,23,61,85,93,62
327,product-35723,0,88,42,23,27,16,85,93,62
328,product-163336,0,88,55,16,25,28,85,93,62
329,product-306265,0,88,63,46,33,26,85,93,62
330,product-99905,0,88,58,2,22,59,85,93,62
331,product-305785,0,88,62,0,22,9,85,93,62
332,product-101316,0,88,62,6,22,76,85,93,62
333,product-70309,0,88,40,14,23,7,85,93,62
334,product-122356,0,88,64,20,22,53,85,93,62
335,product-98792,0,88,44,2,22,26,85,93,62
336,product-335750,0,88,66,15,22,18,85,93,62
337,product-94506,0,88,52,5,22,46,85,93,62
338,product-192619,0,88,56,2,22,20,85,93,62
339,product-266839,0,88,68,42,32,8,85,93,62
340,product-100146,0,88,58,2,22,59,85,93,62
341,product-71290,2,3,40,16,23,9,85,93,61
342,product-64330,2,3,38,21,26,6,85,93,61
343,product-124469,2,3,59,6,22,44,85,93,61
344,product-218699,2,3,61,30,26,41,85,93,61
345,product-126008,2,3,60,14,24,46,85,93,61
346,product-217466,2,3,57,16,24,29,85,93,61
347,product-69498,2,3,39,7,22,7,85,93,61
348,product-123021,2,3,64,15,22,54,85,93,61
349,product-312919,2,3,71,0,22,62,85,93,61
350,product-122803,2,3,64,4,22,56,85,93,61
351,product-123870,2,3,59,6,22,42,85,93,61
352,product-124274,2,3,59,10,22,43,85,93,61
353,product-309702,2,3,62,2,22,13,85,93,61
354,product-123426,2,3,64,11,23,55,85,93,61
355,product-4442,2,3,40,34,35,10,85,93,61
356,product-129054,2,3,57,2,22,40,85,93,61
357,product-201293,2,3,58,37,37,36,85,93,61
358,product-53178,2,3,52,17,24,53,85,93,61
359,product-127098,2,3,66,2,22,73,85,93,61
360,product-326225,2,3,62,30,24,17,85,93,61
361,product-323722,2,3,61,20,28,18,85,93,61
362,product-213087,2,3,56,30,29,27,85,93,61
363,product-21162,2,3,44,14,26,33,85,93,61
364,product-327107,2,3,62,26,24,18,85,93,61
365,product-279234,2,3,75,43,35,16,85,93,61
366,product-88596,2,3,54,30,28,46,85,93,61
367,product-108372,2,3,55,6,21,74,85,93,61
368,product-247133,2,3,41,4,23,27,85,93,61
369,product-85328,2,3,42,2,22,12,85,93,61
370,product-86370,2,3,44,8,23,19,85,93,61
371,product-100214,2,3,48,0,22,38,85,93,61
372,product-96455,2,3,51,22,30,35,85,93,61
373,product-98533,2,3,46,2,22,31,85,93,61
374,product-101354,2,3,58,9,23,62,85,93,61
375,product-316146,2,5,48,4,23,12,86,93,61
376,product-309378,2,5,48,4,23,17,86,93,61
377,product-318372,2,5,68,20,28,35,86,93,61
378,product-221993,2,5,60,2,22,40,86,93,61
379,product-124076,2,5,59,9,22,42,86,93,61
380,product-309921,2,5,65,3,22,60,86,93,61
381,product-123661,2,5,59,2,22,43,86,93,61
382,product-220553,2,5,83,23,36,41,86,93,61
383,product-55119,2,5,53,14,23,59,86,93,61
384,product-334106,2,5,67,6,23,14,86,93,61
385,product-129675,2,5,68,27,26,82,86,93,61
386,product-53588,2,5,53,2,22,62,86,93,61
387,product-211539,2,5,51,29,30,16,86,93,61
388,product-325395,2,5,48,0,22,7,86,93,61
389,product-214604,2,5,56,35,22,26,86,93,61
390,product-208191,2,5,55,5,24,24,86,93,61
391,product-328394,2,5,61,41,27,9,86,93,61
392,product-57521,2,5,58,11,28,71,86,93,61
393,product-280593,2,5,66,17,25,21,86,93,61
394,product-105805,2,5,44,36,30,19,86,93,61
395,product-255235,2,5,35,23,25,17,86,93,61
396,product-285094,2,5,76,34,27,19,86,93,61
397,product-284543,2,5,66,37,25,25,86,93,61
398,product-281521,2,5,60,40,30,41,86,93,61
399,product-107083,2,5,61,15,23,71,86,93,61
400,product-107775,2,5,56,2,22,77,86,93,61
401,product-283047,2,5,66,28,26,23,86,93,61
402,product-269870,2,5,68,32,29,10,86,93,61
403,product-92755,2,5,57,22,28,57,86,93,61
404,product-276009,2,5,36,0,22,23,86,93,61
405,product-277054,2,5,61,4,23,18,86,93,61
406,product-274590,2,5,75,30,29,12,86,93,61
407,product-7296,2,5,33,11,25,10,86,93,61
408,product-228190,2,8,63,49,30,31,86,93,61
409,product-312853,2,8,71,20,32,41,86,93,61
410,product-223077,2,8,52,18,30,12,86,93,61
411,product-123868,2,8,59,3,22,44,86,93,61
412,product-336484,2,8,56,9,23,1,86,93,61
413,product-52731,2,8,49,11,25,45,86,93,61
414,product-20265,2,8,46,21,24,38,86,93,61
415,product-212383,2,8,54,3,22,34,86,93,61
416,product-56641,2,8,45,14,24,41,86,93,61
417,product-205731,2,8,59,32,23,47,86,93,61
418,product-56180,2,8,51,26,31,49,86,93,61
419,product-12433,2,8,40,7,25,21,86,93,61
420,product-207855,2,8,59,19,22,47,86,93,61
421,product-90701,2,8,43,32,35,16,86,93,61
422,product-278145,2,8,65,9,24,20,86,93,61
423,product-104504,2,8,60,42,26,63,86,93,61
424,product-250462,2,8,59,17,32,12,86,93,61
425,product-273251,2,8,60,5,22,21,86,93,61
426,product-102331,2,8,58,2,22,63,86,93,61
427,product-101355,2,8,58,7,23,62,86,93,61
428,product-217910,2,9,61,26,26,42,86,93,61
429,product-218152,2,9,61,0,22,54,86,93,61
430,product-124471,2,9,59,12,22,43,86,93,61
431,product-126007,2,9,60,12,23,46,86,93,61
432,product-29246,2,9,57,46,33,81,86,93,61
433,product-228646,2,9,63,35,30,32,86,93,61
434,product-71552,2,9,55,29,28,73,86,93,61
435,product-63319,2,9,42,43,20,14,86,93,61
436,product-217738,2,9,33,17,24,11,86,93,61
437,product-67496,2,9,42,6,24,19,86,93,61
438,product-124272,2,9,59,5,22,44,86,93,61
439,product-123631,2,9,64,11,23,55,86,93,61
440,product-202803,2,9,55,17,22,19,86,93,61
441,product-331812,2,9,53,13,25,5,86,93,61
442,product-204493,2,9,58,0,22,34,86,93,61
443,product-197998,2,9,30,32,46,12,86,93,61
444,product-53605,2,9,51,24,23,52,86,93,61
445,product-53181,2,9,51,19,23,52,86,93,61
446,product-59010,2,9,38,28,30,12,86,93,61
447,product-126904,2,9,66,0,22,73,86,93,61
448,product-323720,2,9,61,24,29,17,86,93,61
449,product-126723,2,9,66,0,22,72,86,93,61
450,product-213367,2,9,60,0,22,47,86,93,61
451,product-209192,2,9,59,0,22,41,86,93,61
452,product-57546,2,9,52,28,30,54,86,93,61
453,product-88660,2,9,45,2,23,25,86,93,61
454,product-103897,2,9,59,45,25,61,86,93,61
455,product-104647,2,9,55,7,23,76,86,93,61
456,product-108458,2,9,56,4,23,65,86,93,61
457,product-108724,2,9,51,21,29,33,86,93,61
458,product-92278,2,9,57,22,29,57,86,93,61
459,product-91629,2,9,52,0,22,46,86,93,61
460,product-91434,2,9,47,16,23,32,86,93,61
461,product-93454,2,9,52,4,24,70,86,93,61
462,product-121567,2,12,59,6,22,40,86,93,61
463,product-218638,2,12,58,20,23,19,86,93,61
464,product-218652,2,12,57,26,25,26,86,93,60
465,product-124468,2,12,59,2,22,45,86,93,61
466,product-64137,2,12,42,34,20,15,86,93,61
467,product-316534,2,12,56,4,23,18,86,93,60
468,product-62298,2,12,54,2,23,56,86,93,61
469,product-125867,2,12,55,22,22,18,86,93,61
470,product-125866,2,12,55,24,22,19,86,93,60
471,product-72142,2,12,53,33,23,68,86,93,61
472,product-307789,2,12,48,4,23,19,86,93,61
473,product-61768,2,12,61,34,32,77,86,93,61
474,product-121169,2,12,64,19,26,58,86,93,60
475,product-321034,2,12,60,10,29,2,86,93,60
476,product-71931,2,12,54,44,25,77,86,93,61
477,product-10847,2,12,48,12,27,52,86,93,61
478,product-217468,2,12,57,12,25,30,86,93,61
479,product-21954,2,12,61,20,28,93,86,93,61
480,product-29315,2,12,57,42,33,73,86,93,61
481,product-63175,2,12,53,35,23,62,86,93,60
482,product-62956,2,12,53,32,24,64,86,93,60
483,product-125364,2,12,66,11,23,75,86,93,60
484,product-63174,2,12,53,32,23,61,86,93,60
485,product-124361,2,12,71,28,34,66,86,93,60
486,product-123179,2,12,68,24,25,82,86,93,60
487,product-29633,2,12,42,15,24,29,86,93,60
488,product-313078,2,12,59,20,15,10,86,93,61
489,product-69919,2,12,65,15,29,47,86,93,61
490,product-310140,2,12,59,56,26,17,86,93,61
491,product-122358,2,12,64,23,29,52,86,93,60
492,product-22565,2,12,52,15,26,58,86,93,61
493,product-122584,2,12,64,24,29,52,86,93,60
494,product-122578,2,12,64,7,22,56,86,93,60
495,product-122802,2,12,64,2,22,57,86,93,61
496,product-122352,2,12,64,10,22,55,86,93,60
497,product-123966,2,12,63,0,22,76,86,93,60
498,product-315399,2,12,66,32,40,15,86,93,61
499,product-65765,2,12,50,43,33,36,86,93,61
500,product-121814,2,12,53,23,32,14,86,93,61
501,product-315971,2,12,72,4,21,65,86,93,60
502,product-314072,2,12,67,0,22,63,86,93,60
503,product-29711,2,12,54,0,22,74,86,93,61
504,product-29808,2,12,58,39,44,78,86,93,61
505,product-4443,2,12,40,25,38,7,86,93,61
506,product-129430,2,12,68,26,26,81,86,93,60
507,product-12988,2,12,47,21,35,43,86,93,61
508,product-12992,2,12,46,28,37,40,86,93,61
509,product-12997,2,12,46,28,29,38,86,93,60
510,product-202652,2,12,33,7,24,6,86,93,61
511,product-332286,2,12,53,15,25,5,86,93,61
512,product-128621,2,12,59,17,26,43,86,93,60
513,product-128312,2,12,69,47,30,65,86,93,60
514,product-331591,2,12,53,14,25,5,86,93,60
515,product-31269,2,12,58,57,35,76,86,93,61
516,product-12832,2,12,46,26,37,41,86,93,61
517,product-204130,2,12,30,4,24,12,86,93,61
518,product-52725,2,12,51,22,25,48,86,93,60
519,product-199262,2,12,58,39,37,36,86,93,61
520,product-199261,2,12,58,41,37,36,86,93,61
521,product-52341,2,12,46,5,22,37,86,93,61
522,product-20162,2,12,59,9,24,91,86,93,60
523,product-13147,2,12,46,30,37,40,86,93,61
524,product-200906,2,12,55,12,25,31,86,93,61
525,product-129921,2,12,67,18,26,74,86,93,61
526,product-53214,2,12,46,18,24,40,86,93,61
527,product-200556,2,12,54,12,23,21,86,93,60
528,product-128311,2,12,69,46,30,65,86,93,60
529,product-128310,2,12,69,44,30,64,86,93,60
530,product-210376,2,12,57,19,29,25,86,93,61
531,product-210279,2,12,59,0,22,43,86,93,60
532,product-326819,2,12,62,26,24,18,86,93,60
533,product-58352,2,12,52,27,23,66,86,93,61
534,product-58819,2,12,53,28,23,65,86,93,61
535,product-325972,2,12,49,0,22,9,86,93,60
536,product-21523,2,12,35,16,24,18,86,93,60
537,product-126605,2,12,59,23,28,38,86,93,60
538,product-60931,2,12,61,31,32,76,86,93,60
539,product-214592,2,12,58,9,23,19,86,93,61
540,product-214520,2,12,61,0,22,50,86,93,60
541,product-323379,2,12,61,30,29,15,86,93,61
542,product-21437,2,12,47,0,22,48,86,93,61
543,product-323393,2,12,60,0,22,14,86,93,60
544,product-60438,2,12,53,31,25,64,86,93,61
545,product-206680,2,12,55,11,24,15,86,93,61
546,product-56984,2,12,55,17,24,50,86,93,61
547,product-128278,2,12,55,5,22,17,86,93,60
548,product-128279,2,12,55,6,22,17,86,93,60
549,product-58304,2,12,32,2,22,1,86,93,61
550,product-58303,2,12,32,4,23,2,86,93,60
551,product-105116,2,12,59,38,32,62,86,93,61
552,product-254534,2,12,78,55,45,44,86,93,60
553,product-88556,2,12,57,0,22,60,86,93,61
554,product-252513,2,12,69,17,24,4,86,93,61
555,product-90451,2,12,44,43,24,16,86,93,61
556,product-90933,2,12,47,9,23,24,86,93,60
557,product-103894,2,12,59,40,26,62,86,93,61
558,product-90007,2,12,52,3,22,66,86,93,61
559,product-104605,2,12,44,27,19,21,86,93,61
560,product-278855,2,12,68,27,25,35,86,93,61
561,product-89580,2,12,55,21,29,47,86,93,60
562,product-281157,2,12,76,32,26,16,86,93,60
563,product-108320,2,12,50,0,22,40,86,93,60
564,product-284617,2,12,76,35,27,19,86,93,60
565,product-284125,2,12,76,34,27,19,86,93,60
566,product-286016,2,12,76,34,27,20,86,93,61
567,product-85064,2,12,42,0,22,10,86,93,61
568,product-85289,2,12,45,6,22,27,86,93,61
569,product-285451,2,12,60,38,34,41,86,93,60
570,product-27664,2,12,52,27,27,58,86,93,60
571,product-107393,2,12,55,4,22,73,86,93,61
572,product-96755,2,12,45,17,23,26,86,93,61
573,product-101030,2,12,55,11,24,76,86,93,61
574,product-263352,2,12,59,81,54,42,86,93,60
575,product-100785,2,12,55,12,23,76,86,93,60
576,product-262841,2,12,59,82,49,42,86,93,60
577,product-100621,2,12,58,4,22,60,86,93,61
578,product-99493,2,12,46,0,22,34,86,93,61
579,product-7570,2,12,64,7,22,57,86,93,60
580,product-7599,2,12,67,41,24,75,86,93,60
581,product-98863,2,12,54,0,22,79,86,93,60
582,product-7514,2,12,57,18,29,62,86,93,61
583,product-271610,2,12,58,4,24,31,86,93,61
584,product-99661,2,12,58,4,22,58,86,93,60
585,product-258261,2,12,36,26,25,19,86,93,60
586,product-102549,2,12,58,2,22,63,86,93,60
587,product-102343,2,12,58,31,27,60,86,93,60
588,product-275863,2,12,71,73,43,27,86,93,60
589,product-91688,2,12,43,31,33,18,86,93,60
590,product-25492,2,12,43,15,27,36,86,93,61
591,product-91755,2,12,52,7,24,69,86,93,60
592,product-26882,2,12,43,6,24,24,86,93,60
593,product-101623,2,12,58,5,22,61,86,93,61
594,product-26631,2,12,68,35,29,61,86,93,61
595,product-101356,2,12,58,5,22,62,86,93,61
596,product-101615,2,12,58,9,22,63,86,93,60
597,product-101616,2,12,58,6,23,62,86,93,61
598,product-259840,2,12,35,41,25,15,86,93,60
599,product-259839,2,12,35,40,25,15,86,93,60
600,product-102160,2,12,49,3,21,43,86,93,61
601,product-316104,2,16,57,6,23,10,87,93,60
602,product-64816,2,16,43,20,24,18,87,93,60
603,product-316843,2,16,64,16,32,9,87,93,60
604,product-64156,2,16,38,20,26,6,87,93,60
605,product-125230,2,16,60,2,22,48,87,93,60
606,product-122583,2,16,64,22,22,53,87,93,60
607,product-4695,2,16,40,3,22,27,87,93,60
608,product-222545,2,16,51,0,22,24,87,93,60
609,product-123867,2,16,59,2,22,44,87,93,60
610,product-309766,2,16,48,11,23,17,87,93,60
611,product-124271,2,16,59,2,22,45,87,93,60
612,product-129240,2,16,62,2,22,59,87,93,60
613,product-128457,2,16,59,13,25,30,87,93,60
614,product-55551,2,16,52,21,25,57,87,93,60
615,product-340352,2,16,69,5,23,9,87,93,60
616,product-197745,2,16,72,25,32,16,87,93,60
617,product-127132,2,16,62,15,23,59,87,93,60
618,product-323731,2,16,60,0,22,14,87,93,60
619,product-126792,2,16,59,21,27,38,87,93,60
620,product-207575,2,16,64,27,37,7,87,93,60
621,product-279713,2,16,75,44,35,16,87,93,60
622,product-254423,2,16,69,18,23,2,87,93,60
623,product-281093,2,16,66,17,25,21,87,93,60
624,product-255076,2,16,72,28,33,42,87,93,60
625,product-254949,2,16,69,17,22,2,87,93,60
626,product-255471,2,16,69,13,22,1,87,93,60
627,product-89655,2,16,43,41,36,15,87,93,60
628,product-282464,2,16,44,0,22,28,87,93,60
629,product-282031,2,16,61,21,23,33,87,93,60
630,product-249421,2,16,68,35,26,8,87,93,60
631,product-249147,2,16,68,36,26,8,87,93,60
632,product-249963,2,16,67,4,24,10,87,93,60
633,product-107577,2,16,55,4,23,73,87,93,60
634,product-86575,2,16,49,0,22,36,87,93,60
635,product-263864,2,16,58,62,50,40,87,93,60
636,product-95765,2,16,46,26,24,25,87,93,60
637,product-96230,2,16,50,30,29,32,87,93,60
638,product-98505,2,16,51,17,30,37,87,93,60
639,product-275871,2,16,54,2,22,29,87,93,60
640,product-257439,2,16,60,12,22,24,87,93,60
641,product-260564,2,16,70,24,26,3,87,93,60
642,product-259314,2,16,35,38,25,16,87,93,60
643,product-316505,2,18,49,9,23,12,87,93,60
644,product-317826,2,18,63,9,24,12,87,93,60
645,product-30155,2,18,43,17,24,31,87,93,60
646,product-124275,2,18,59,11,22,42,87,93,60
647,product-22369,2,18,38,0,22,27,87,93,60
648,product-313135,2,18,48,6,23,15,87,93,60
649,product-123226,2,18,64,15,22,54,87,93,60
650,product-312985,2,18,63,0,22,29,87,93,60
651,product-123956,2,18,71,29,34,67,87,93,60
652,product-227256,2,18,62,23,25,37,87,93,60
653,product-124169,2,18,63,0,22,77,87,93,60
654,product-124163,2,18,71,29,34,67,87,93,60
655,product-129190,2,18,68,28,26,82,87,93,60
656,product-129189,2,18,68,30,26,82,87,93,60
657,product-203182,2,18,58,34,33,40,87,93,60
658,product-203440,2,18,54,0,22,30,87,93,60
659,product-129428,2,18,68,30,26,82,87,93,60
660,product-129429,2,18,68,28,26,82,87,93,60
661,product-12723,2,18,40,13,24,19,87,93,60
662,product-130682,2,18,53,0,22,15,87,93,60
663,product-130413,2,18,57,2,22,44,87,93,60
664,product-199887,2,18,54,0,22,17,87,93,60
665,product-198543,2,18,58,43,37,37,87,93,60
666,product-198436,2,18,72,21,32,17,87,93,60
667,product-129674,2,18,68,29,26,82,87,93,60
668,product-201540,2,18,55,0,22,16,87,93,60
669,product-129622,2,18,68,34,25,67,87,93,60
670,product-53012,2,18,43,3,22,28,87,93,60
671,product-127294,2,18,68,36,27,81,87,93,60
672,product-3959,2,18,76,24,36,30,87,93,60
673,product-22935,2,18,42,14,28,30,87,93,60
674,product-12002,2,18,37,2,23,8,87,93,60
675,product-56394,2,18,52,40,33,53,87,93,60
676,product-12565,2,18,43,14,26,30,87,93,60
677,product-89343,2,18,55,26,29,47,87,93,60
678,product-103766,2,18,47,11,23,33,87,93,60
679,product-87330,2,18,54,35,28,45,87,93,60
680,product-86387,2,18,42,9,23,13,87,93,60
681,product-282837,2,18,47,2,22,27,87,93,60
682,product-86889,2,18,44,0,22,16,87,93,60
683,product-256785,2,18,36,23,26,19,87,93,60
684,product-25997,2,18,43,15,25,37,87,93,60
685,product-271704,2,18,74,41,28,13,87,93,60
686,product-97237,2,18,50,21,29,33,87,93,60
687,product-100478,2,18,45,6,23,26,87,93,60
688,product-100862,2,18,58,4,22,61,87,93,60
689,product-101010,2,18,55,9,24,68,87,93,60
690,product-102912,2,18,55,24,23,71,87,93,60
691,product-25663,2,18,49,0,22,81,87,93,60
692,product-258289,2,18,70,6,23,39,87,93,60
693,product-101617,2,18,58,4,23,62,87,93,60
694,product-275561,2,18,57,15,25,38,87,93,60
695,product-258787,2,18,35,36,25,16,87,93,60
696,product-72053,2,20,44,14,30,19,86,93,61
697,product-216910,2,20,34,12,25,13,86,93,61
698,product-313077,2,20,59,17,15,10,86,93,61
699,product-122577,2,20,64,5,22,56,86,93,61
700,product-29388,2,20,42,18,24,29,86,93,61
701,product-202872,2,20,58,33,33,40,86,93,61
702,product-202487,2,20,55,14,24,18,86,93,61
703,product-203999,2,20,55,13,22,19,86,93,61
704,product-197526,2,20,28,22,27,15,86,93,61
705,product-129673,2,20,68,31,26,82,86,93,61
706,product-53672,2,20,43,2,22,27,86,93,61
707,product-129909,2,20,68,29,26,82,86,93,61
708,product-323082,2,20,61,37,25,6,86,93,61
709,product-206383,2,20,59,26,22,46,86,93,61
710,product-207359,2,20,59,0,22,39,86,93,61
711,product-57459,2,20,52,6,22,58,86,93,61
712,product-8620,2,20,24,0,22,6,86,93,61
713,product-280053,2,20,60,37,30,41,86,93,61
714,product-88658,2,20,45,2,22,26,86,93,61
715,product-89538,2,20,59,14,25,64,86,93,61
716,product-264429,2,20,39,32,35,22,86,93,61
717,product-95781,2,20,41,11,27,18,86,93,61
718,product-264629,2,20,68,45,34,9,86,93,61
719,product-270495,2,20,74,46,28,13,86,93,61
720,product-103148,2,20,55,27,25,70,86,93,61
721,product-95023,2,20,50,29,29,27,86,93,61
722,product-101864,2,20,58,6,22,63,86,93,61
723,product-95254,2,20,50,32,30,31,86,93,61
724,product-102240,2,20,55,18,24,68,86,93,61
725,product-64139,2,22,42,34,20,14,87,93,60
726,product-125632,2,22,58,26,28,35,87,93,60
727,product-221958,2,22,58,19,25,28,87,93,60
728,product-65778,2,22,47,21,25,30,87,93,60
729,product-220554,2,22,83,24,34,40,87,93,60
730,product-203483,2,22,58,37,33,40,87,93,60
731,product-205388,2,22,54,2,23,25,87,93,60
732,product-54901,2,22,53,15,25,60,87,93,60
733,product-130555,2,22,67,20,25,75,87,93,60
734,product-201568,2,22,55,10,23,30,87,93,60
735,product-53678,2,22,42,7,22,24,87,93,60
736,product-52999,2,22,45,4,22,34,87,93,60
737,product-200888,2,22,54,14,22,21,87,93,60
738,product-200561,2,22,55,10,24,27,87,93,60
739,product-324531,2,22,69,31,30,42,87,93,60
740,product-127133,2,22,62,14,23,59,87,93,60
741,product-279221,2,22,76,34,26,14,87,93,60
742,product-105691,2,22,61,17,27,69,87,93,60
743,product-103979,2,22,46,0,22,29,87,93,60
744,product-104592,2,22,46,0,22,30,87,93,60
745,product-278736,2,22,75,45,35,16,87,93,60
746,product-285095,2,22,76,36,27,19,87,93,60
747,product-108378,2,22,56,3,21,76,87,93,60
748,product-106825,2,22,55,0,22,77,87,93,60
749,product-266054,2,22,66,9,21,29,87,93,60
750,product-265499,2,22,66,6,22,29,87,93,60
751,product-92515,2,22,57,22,29,56,87,93,60
752,product-274591,2,22,75,30,29,11,87,93,60
753,product-93377,2,22,44,43,36,21,87,93,60
754,product-102103,2,22,58,5,22,63,87,93,60
755,product-317176,2,25,66,35,40,13,87,93,59
756,product-64329,2,25,38,23,26,6,87,93,60
757,product-121566,2,25,59,8,22,41,87,93,60
758,product-29958,2,25,68,53,28,56,87,93,59
759,product-316862,2,25,48,12,22,12,87,93,60
760,product-319663,2,25,55,0,22,4,87,93,59
761,product-121152,2,25,67,32,29,65,87,93,60
762,product-61922,2,25,53,22,24,76,87,93,59
763,product-121190,2,25,59,10,22,40,87,93,60
764,product-21654,2,25,61,26,20,92,87,93,59
765,product-63183,2,25,53,20,24,76,87,93,59
766,product-121439,2,25,53,19,34,14,87,93,60
767,product-29314,2,25,57,44,33,73,87,93,59
768,product-317822,2,25,63,0,22,14,87,93,60
769,product-21976,2,25,57,24,21,89,87,93,59
770,product-71924,2,25,53,32,23,69,87,93,59
771,product-121382,2,25,59,8,22,40,87,93,60
772,product-29446,2,25,68,50,28,57,87,93,59
773,product-312548,2,25,71,2,22,61,87,93,60
774,product-123024,2,25,64,21,22,53,87,93,60
775,product-225512,2,25,63,45,29,33,87,93,59
776,product-123054,2,25,59,0,22,41,87,93,59
777,product-22390,2,25,66,5,22,67,87,93,59
778,product-123227,2,25,64,21,22,53,87,93,60
779,product-311534,2,25,73,9,22,25,87,93,60
780,product-122576,2,25,64,3,22,56,87,93,60
781,product-311116,2,25,69,26,35,34,87,93,59
782,product-29568,2,25,57,43,33,73,87,93,59
783,product-122349,2,25,64,5,22,56,87,93,60
784,product-67768,2,25,56,31,30,76,87,93,59
785,product-122350,2,25,64,6,22,56,87,93,60
786,product-122809,2,25,64,24,22,53,87,93,60
787,product-122808,2,25,64,21,22,53,87,93,60
788,product-22776,2,25,60,32,27,91,87,93,59
789,product-22773,2,25,61,34,19,91,87,93,59
790,product-123866,2,25,59,0,22,44,87,93,60
791,product-121884,2,25,67,6,23,77,87,93,60
792,product-315722,2,25,57,10,25,6,87,93,59
793,product-61716,2,25,53,13,23,58,87,93,59
794,product-70311,2,25,40,20,23,6,87,93,60
795,product-29817,2,25,57,50,44,75,87,93,59
796,product-203183,2,25,58,35,33,40,87,93,60
797,product-129379,2,25,68,36,25,67,87,93,60
798,product-55453,2,25,56,9,24,46,87,93,59
799,product-128957,2,25,68,30,26,82,87,93,60
800,product-128958,2,25,68,28,26,82,87,93,60
801,product-333378,2,25,57,24,26,25,87,93,60
802,product-53743,2,25,53,6,23,54,87,93,59
803,product-31682,2,25,70,56,32,60,87,93,59
804,product-52674,2,25,60,30,31,81,87,93,59
805,product-197797,2,25,49,0,22,34,87,93,59
806,product-52265,2,25,57,2,22,74,87,93,59
807,product-131044,2,25,59,11,27,43,87,93,60
808,product-52547,2,25,46,8,22,38,87,93,59
809,product-20148,2,25,63,15,24,93,87,93,59
810,product-341458,2,25,64,0,22,21,87,93,60
811,product-130978,2,25,67,20,25,77,87,93,60
812,product-52429,2,25,54,0,22,52,87,93,59
813,product-201545,2,25,55,7,25,18,87,93,59
814,product-201230,2,25,55,10,24,26,87,93,60
815,product-53125,2,25,56,2,22,75,87,93,59
816,product-53177,2,25,52,17,23,54,87,93,59
817,product-130060,2,25,54,0,22,14,87,93,60
818,product-59257,2,25,57,20,24,45,87,93,59
819,product-59029,2,25,57,20,25,45,87,93,59
820,product-21330,2,25,62,24,22,91,87,93,59
821,product-126937,2,25,62,13,21,59,87,93,60
822,product-126938,2,25,62,12,23,59,87,93,60
823,product-12142,2,25,40,4,23,18,87,93,60
824,product-210323,2,25,76,24,36,30,87,93,60
825,product-127296,2,25,68,32,27,80,87,93,60
826,product-209970,2,25,76,24,36,30,87,93,60
827,product-58742,2,25,37,0,22,22,87,93,59
828,product-60886,2,25,53,24,24,66,87,93,59
829,product-322697,2,25,60,2,22,10,87,93,59
830,product-126757,2,25,62,11,21,59,87,93,60
831,product-12526,2,25,51,21,37,55,87,93,59
832,product-56311,2,25,53,15,22,57,87,93,60
833,product-55883,2,25,53,19,22,57,87,93,59
834,product-128115,2,25,69,43,30,64,87,93,60
835,product-128116,2,25,69,44,30,65,87,93,60
836,product-128117,2,25,69,46,30,65,87,93,60
837,product-127809,2,25,59,15,26,40,87,93,60
838,product-12363,2,25,49,2,22,66,87,93,59
839,product-127432,2,25,55,5,23,17,87,93,60
840,product-57232,2,25,53,9,22,57,87,93,60
841,product-57281,2,25,57,22,27,75,87,93,59
842,product-57284,2,25,57,16,26,74,87,93,59
843,product-207865,2,25,59,20,23,43,87,93,59
844,product-279698,2,25,76,33,26,15,87,93,60
845,product-254309,2,25,60,19,20,14,87,93,60
846,product-279318,2,25,72,24,36,47,87,93,59
847,product-277641,2,25,64,11,25,21,87,93,60
848,product-103764,2,25,47,12,23,34,87,93,60
849,product-247742,2,25,40,0,22,28,87,93,60
850,product-285566,2,25,76,35,27,20,87,93,60
851,product-27663,2,25,52,28,26,58,87,93,59
852,product-8798,2,25,30,0,22,0,87,93,59
853,product-250797,2,25,59,18,32,12,87,93,60
854,product-251954,2,25,53,27,34,17,87,93,59
855,product-107649,2,25,62,11,23,73,87,93,59
856,product-91297,2,25,52,14,23,68,87,93,59
857,product-97005,2,25,45,15,23,27,87,93,59
858,product-100147,2,25,58,2,22,59,87,93,60
859,product-100863,2,25,58,2,22,61,87,93,60
860,product-101112,2,25,58,3,22,61,87,93,60
861,product-99060,2,25,65,26,30,38,87,93,59
862,product-266857,2,25,71,40,29,7,87,93,60
863,product-266056,2,25,66,11,22,28,87,93,59
864,product-99906,2,25,58,3,22,58,87,93,60
865,product-100022,2,25,66,32,35,42,87,93,59
866,product-265690,2,25,69,43,34,9,87,93,59
867,product-265501,2,25,66,8,22,29,87,93,60
868,product-7535,2,25,65,12,25,80,87,93,59
869,product-276111,2,25,61,8,23,26,87,93,60
870,product-93008,2,25,57,20,28,57,87,93,59
871,product-102461,2,25,55,21,24,69,87,93,60
872,product-91414,2,25,50,2,22,41,87,93,60
873,product-109036,2,25,55,6,22,65,87,93,59
874,product-101622,2,25,58,3,22,61,87,93,60
875,product-101703,2,25,45,3,22,25,87,93,59
876,product-94808,2,25,46,35,24,24,87,93,59
877,product-101865,2,25,58,4,23,63,87,93,60
878,product-101618,2,25,58,2,22,62,87,93,59
879,product-102104,2,25,58,3,22,63,87,93,60
880,product-102107,2,25,58,2,22,62,87,93,60
881,product-218639,2,28,58,21,23,20,87,93,60
882,product-124507,2,28,56,11,25,28,87,93,60
883,product-218312,2,28,61,25,26,42,87,93,60
884,product-317750,2,28,75,3,22,64,87,93,60
885,product-123025,2,28,64,24,22,53,87,93,60
886,product-311930,2,28,64,13,22,17,87,93,60
887,product-315692,2,28,62,2,22,16,87,93,60
888,product-124170,2,28,63,0,22,77,87,93,60
889,product-121904,2,28,67,33,25,66,87,93,60
890,product-66492,2,28,51,26,27,41,87,93,60
891,product-66491,2,28,51,24,27,41,87,93,60
892,product-70492,2,28,42,27,22,12,87,93,60
893,product-128622,2,28,59,15,26,43,87,93,60
894,product-54770,2,28,42,17,25,23,87,93,60
895,product-198896,2,28,58,40,37,36,87,93,60
896,product-199543,2,28,54,0,22,18,87,93,60
897,product-211097,2,28,59,9,21,44,87,93,60
898,product-58775,2,28,32,6,22,2,87,93,60
899,product-126572,2,28,62,9,22,58,87,93,60
900,product-207060,2,28,54,4,23,26,87,93,60
901,product-207059,2,28,54,5,23,25,87,93,60
902,product-206043,2,28,59,28,22,44,87,93,60
903,product-25275,2,28,33,27,26,9,87,93,60
904,product-105591,2,28,47,0,22,35,87,93,60
905,product-86127,2,28,42,6,23,13,87,93,60
906,product-86115,2,28,44,11,24,17,87,93,60
907,product-86095,2,28,46,17,28,26,87,93,60
908,product-86308,2,28,52,24,28,39,87,93,60
909,product-263941,2,28,66,2,22,30,87,93,60
910,product-98283,2,28,46,4,22,31,87,93,60
911,product-93082,2,28,48,9,25,35,87,93,60
912,product-258288,2,28,70,4,22,40,87,93,60
913,product-101362,2,28,58,4,22,61,87,93,60
914,product-121340,2,30,67,31,28,66,87,93,61
915,product-216041,2,30,39,0,22,0,87,93,61
916,product-123055,2,30,59,0,22,41,87,93,61
917,product-29635,2,30,42,14,24,28,87,93,61
918,product-121988,2,30,54,21,26,23,87,93,61
919,product-224617,2,30,63,43,30,34,87,93,61
920,product-122553,2,30,67,30,25,67,87,93,61
921,product-313458,2,30,59,17,21,10,87,93,61
922,product-123968,2,30,63,2,22,77,87,93,61
923,product-215105,2,30,56,0,22,15,87,93,61
924,product-336231,2,30,60,23,26,10,87,93,61
925,product-54965,2,30,45,20,25,34,87,93,61
926,product-204295,2,30,55,5,22,17,87,93,61
927,product-337080,2,30,56,11,22,1,87,93,61
928,product-214519,2,30,61,0,22,50,87,93,61
929,product-56420,2,30,45,7,23,40,87,93,61
930,product-127899,2,30,69,40,30,64,87,93,61
931,product-128015,2,30,61,29,26,46,87,93,61
932,product-55751,2,30,52,17,25,58,87,93,61
933,product-128118,2,30,69,47,30,66,87,93,61
934,product-58214,2,30,52,35,30,51,87,93,61
935,product-89363,2,30,51,2,23,41,87,93,61
936,product-90919,2,30,47,7,24,29,87,93,61
937,product-104260,2,30,65,29,29,77,87,93,61
938,product-246960,2,30,61,34,16,33,87,93,61
939,product-282554,2,30,66,26,25,23,87,93,61
940,product-87796,2,30,57,14,25,55,87,93,61
941,product-275692,2,30,75,27,27,12,87,93,61
942,product-4938,2,32,35,30,26,15,87,93,60
943,product-228163,2,32,62,14,24,36,87,93,60
944,product-29636,2,32,42,14,24,27,87,93,60
945,product-122102,2,32,67,32,25,66,87,93,60
946,product-122324,2,32,67,31,25,66,87,93,60
947,product-226988,2,32,48,15,25,15,87,93,60
948,product-309920,2,32,65,2,22,61,87,93,60
949,product-123660,2,32,59,2,22,43,87,93,60
950,product-205370,2,32,56,14,26,11,87,93,60
951,product-204207,2,32,58,2,22,34,87,93,60
952,product-59821,2,32,59,23,29,73,87,93,60
953,product-127901,2,32,69,43,30,65,87,93,60
954,product-127900,2,32,69,41,30,65,87,93,60
955,product-208587,2,32,59,14,22,47,87,93,60
956,product-127512,2,32,68,35,27,81,87,93,60
957,product-104718,2,32,59,45,33,63,87,93,60
958,product-104716,2,32,59,42,26,64,87,93,60
959,product-104050,2,32,65,33,29,77,87,93,60
960,product-103800,2,32,55,22,22,70,87,93,60
961,product-108833,2,32,62,5,23,77,87,93,60
962,product-85548,2,32,44,5,22,27,87,93,60
963,product-98549,2,32,44,5,22,26,87,93,60
964,product-265500,2,32,66,7,22,29,87,93,60
965,product-92609,2,32,45,44,25,20,87,93,60
966,product-101358,2,32,58,2,22,61,87,93,60
967,product-101361,2,32,58,2,22,61,87,93,60
968,product-101868,2,32,58,2,22,62,87,93,60
969,product-71109,2,34,40,13,22,10,87,93,60
970,product-217047,2,34,57,16,24,29,87,93,60
971,product-122998,2,34,67,30,25,66,87,93,60
972,product-122798,2,34,64,5,22,58,87,93,60
973,product-4481,2,34,79,2,22,45,87,93,60
974,product-66490,2,34,51,22,27,41,87,93,60
975,product-335082,2,34,74,29,37,23,87,93,60
976,product-203410,2,34,55,9,23,17,87,93,60
977,product-129143,2,34,68,38,25,67,87,93,60
978,product-128422,2,34,59,15,25,42,87,93,60
979,product-203907,2,34,58,2,22,33,87,93,60
980,product-198470,2,34,54,2,22,19,87,93,60
981,product-198469,2,34,54,3,22,19,87,93,60
982,product-126571,2,34,62,9,21,59,87,93,60
983,product-329158,2,34,56,18,17,17,87,93,60
984,product-127825,2,34,56,0,22,35,87,93,60
985,product-207107,2,34,59,23,22,47,87,93,60
986,product-55790,2,34,44,0,22,39,87,93,60
987,product-88648,2,34,46,14,25,31,87,93,60
988,product-280096,2,34,65,21,26,23,87,93,60
989,product-247024,2,34,67,27,23,14,87,93,60
990,product-109008,2,34,64,20,23,81,87,93,60
991,product-252209,2,34,67,67,35,43,87,93,60
992,product-6663,2,34,78,17,28,14,87,93,60
993,product-252068,2,34,69,23,25,4,87,93,60
994,product-100387,2,34,58,2,22,59,87,93,60
995,product-96002,2,34,51,32,32,31,87,93,60
996,product-266638,2,34,66,12,21,28,87,93,60
997,product-101114,2,34,58,0,22,61,87,93,60
998,product-257934,2,34,60,14,22,24,87,93,60
999,product-92721,2,34,60,38,44,73,87,93,60
1000,product-256799,2,34,35,37,26,13,87,93,60
1001,product-91759,2,34,52,0,22,71,87,93,60
1002,product-101620,2,34,58,0,22,62,87,93,60
1003,product-101619,2,34,58,0,22,62,87,93,60
1004,product-93455,2,34,52,6,23,70,87,93,60
1005,product-22022,2,38,53,41,27,64,87,94,60
1006,product-63754,2,38,42,39,20,14,87,94,60
1007,product-316889,2,38,56,6,24,17,87,94,60
1008,product-218653,2,38,57,24,25,27,87,94,61
1009,product-124409,2,38,66,19,23,69,87,94,61
1010,product-227442,2,38,48,13,25,15,87,94,61
1011,product-64131,2,38,42,30,21,17,87,94,60
1012,product-72119,2,38,59,9,24,57,87,94,61
1013,product-30218,2,38,68,55,28,56,87,94,61
1014,product-30217,2,38,68,53,28,56,87,94,61
1015,product-62661,2,38,42,40,33,14,87,94,61
1016,product-61961,2,38,61,32,33,76,87,94,60
1017,product-62116,2,38,53,22,25,76,87,94,61
1018,product-21668,2,38,60,15,26,94,87,94,61
1019,product-30153,2,38,43,17,23,32,87,94,61
1020,product-125672,2,38,55,26,22,19,87,94,61
1021,product-62960,2,38,53,21,24,76,87,94,61
1022,product-312702,2,38,59,18,15,10,87,94,61
1023,product-123178,2,38,68,27,25,82,87,94,60
1024,product-69576,2,38,57,30,32,62,87,94,61
1025,product-67376,2,38,54,11,24,66,87,94,61
1026,product-312984,2,38,63,0,22,30,87,94,60
1027,product-123206,2,38,67,29,24,66,87,94,60
1028,product-69393,2,38,54,2,22,55,87,94,61
1029,product-122574,2,38,64,5,22,58,87,94,60
1030,product-122797,2,38,64,7,22,59,87,94,60
1031,product-69119,2,38,53,14,23,68,87,94,61
1032,product-123405,2,38,67,29,24,67,87,94,60
1033,product-123832,2,38,64,4,23,58,87,94,60
1034,product-123431,2,38,64,21,22,53,87,94,60
1035,product-314998,2,38,59,11,24,8,87,94,61
1036,product-123634,2,38,64,17,22,54,87,94,61
1037,product-220750,2,38,56,22,32,22,87,94,61
1038,product-66439,2,38,57,41,32,77,87,94,61
1039,product-203138,2,38,54,5,23,29,87,94,61
1040,product-129258,2,38,63,30,28,52,87,94,60
1041,product-203411,2,38,55,11,23,18,87,94,60
1042,product-31336,2,38,43,13,24,33,87,94,61
1043,product-203184,2,38,58,36,33,39,87,94,61
1044,product-336326,2,38,66,15,22,18,87,94,61
1045,product-54064,2,38,46,2,22,44,87,94,61
1046,product-129000,2,38,63,14,24,61,87,94,60
1047,product-205376,2,38,55,0,22,17,87,94,61
1048,product-55254,2,38,53,4,22,52,87,94,60
1049,product-55253,2,38,53,3,22,51,87,94,61
1050,product-128752,2,38,68,30,26,82,87,94,60
1051,product-128753,2,38,68,28,26,81,87,94,60
1052,product-199180,2,38,54,3,22,18,87,94,60
1053,product-31657,2,38,70,45,31,53,87,94,61
1054,product-198117,2,38,54,3,22,19,87,94,61
1055,product-338286,2,38,57,2,22,2,87,94,60
1056,product-337138,2,38,59,14,25,10,87,94,60
1057,product-53674,2,38,43,4,21,27,87,94,61
1058,product-53080,2,38,53,13,23,55,87,94,61
1059,product-324690,2,38,58,17,28,7,87,94,61
1060,product-59574,2,38,60,27,30,74,87,94,60
1061,product-326523,2,38,62,28,24,18,87,94,61
1062,product-58692,2,38,47,24,32,42,87,94,60
1063,product-12188,2,38,55,23,22,88,87,94,61
1064,product-59716,2,38,39,23,31,15,87,94,61
1065,product-30411,2,38,42,6,24,27,87,94,61
1066,product-126308,2,38,70,43,40,68,87,94,60
1067,product-61355,2,38,60,67,32,83,87,94,60
1068,product-323378,2,38,61,31,29,15,87,94,60
1069,product-212724,2,38,57,19,30,29,87,94,61
1070,product-12038,2,38,55,5,24,81,87,94,61
1071,product-127953,2,38,68,31,26,81,87,94,60
1072,product-127954,2,38,68,29,26,81,87,94,60
1073,product-12476,2,38,34,13,25,10,87,94,61
1074,product-127902,2,38,69,44,30,65,87,94,61
1075,product-329160,2,38,56,14,17,18,87,94,60
1076,product-128166,2,38,68,31,26,81,87,94,60
1077,product-55882,2,38,53,19,23,57,87,94,60
1078,product-128167,2,38,68,29,26,81,87,94,60
1079,product-205732,2,38,59,31,23,47,87,94,61
1080,product-128119,2,38,69,49,29,66,87,94,61
1081,product-128080,2,38,55,3,22,17,87,94,61
1082,product-128081,2,38,55,5,22,17,87,94,60
1083,product-31029,2,38,54,20,29,63,87,94,61
1084,product-205995,2,38,56,10,26,29,87,94,60
1085,product-58090,2,38,58,22,27,39,87,94,61
1086,product-57889,2,38,56,0,22,43,87,94,60
1087,product-127514,2,38,68,31,27,81,87,94,60
1088,product-127513,2,38,68,33,27,81,87,94,61
1089,product-127445,2,38,54,8,22,11,87,94,60
1090,product-127511,2,38,68,37,27,82,87,94,60
1091,product-57556,2,38,52,41,34,50,87,94,60
1092,product-127733,2,38,68,34,27,81,87,94,60
1093,product-127734,2,38,68,32,27,81,87,94,60
1094,product-127735,2,38,68,30,27,81,87,94,60
1095,product-229097,2,38,63,38,30,31,87,94,61
1096,product-254194,2,38,35,16,26,18,87,94,60
1097,product-105308,2,38,59,35,32,62,87,94,60
1098,product-280663,2,38,76,32,26,16,87,94,60
1099,product-252663,2,38,66,87,38,42,87,94,60
1100,product-253611,2,38,66,90,61,42,87,94,61
1101,product-280173,2,38,76,33,26,15,87,94,60
1102,product-104052,2,38,65,30,29,76,87,94,60
1103,product-90273,2,38,52,4,21,66,87,94,60
1104,product-89656,2,38,43,39,36,15,87,94,61
1105,product-104300,2,38,60,30,26,64,87,94,61
1106,product-86126,2,38,42,5,22,13,87,94,61
1107,product-27570,2,38,58,60,36,84,87,94,61
1108,product-246842,2,38,42,17,24,30,87,94,60
1109,product-282343,2,38,47,2,22,28,87,94,60
1110,product-250800,2,38,41,0,22,23,87,94,61
1111,product-106822,2,38,56,2,23,76,87,94,61
1112,product-263862,2,38,58,63,52,40,87,94,60
1113,product-7431,2,38,57,26,33,61,87,94,61
1114,product-271703,2,38,74,41,28,13,87,94,60
1115,product-100864,2,38,58,0,22,60,87,94,61
1116,product-100865,2,38,58,2,22,60,87,94,60
1117,product-273746,2,38,55,51,44,34,87,94,60
1118,product-95766,2,38,45,26,23,25,87,94,61
1119,product-101092,2,38,62,22,33,68,87,94,61
1120,product-96475,2,38,49,26,31,30,87,94,61
1121,product-100624,2,38,58,0,22,60,87,94,61
1122,product-7373,2,38,58,41,30,77,87,94,61
1123,product-268084,2,38,77,65,48,17,87,94,61
1124,product-99031,2,38,44,0,22,26,87,94,60
1125,product-269264,2,38,68,29,31,11,87,94,61
1126,product-98212,2,38,57,19,30,51,87,94,61
1127,product-97662,2,38,61,4,23,69,87,94,61
1128,product-97616,2,38,54,2,23,80,87,94,60
1129,product-264964,2,38,66,5,22,30,87,94,61
1130,product-97790,2,38,46,11,22,29,87,94,61
1131,product-101115,2,38,58,2,22,60,87,94,60
1132,product-92514,2,38,57,23,28,56,87,94,60
1133,product-102907,2,38,55,23,24,69,87,94,60
1134,product-257528,2,38,75,2,22,39,87,94,61
1135,product-25640,2,38,61,47,27,88,87,94,61
1136,product-257290,2,38,35,39,26,13,87,94,60
1137,product-257043,2,38,75,3,22,38,87,94,61
1138,product-25791,2,38,68,28,28,63,87,94,61
1139,product-258788,2,38,35,38,24,15,87,94,61
1140,product-218326,2,41,60,37,33,36,87,94,61
1141,product-71583,2,41,56,22,35,58,87,94,61
1142,product-29896,2,41,42,13,24,29,87,94,61
1143,product-121950,2,41,59,4,22,41,87,94,61
1144,product-313835,2,41,59,15,21,10,87,94,61
1145,product-54241,2,41,53,2,22,64,87,94,61
1146,product-20529,2,41,48,10,24,49,87,94,61
1147,product-54917,2,41,52,37,25,54,87,94,61
1148,product-198895,2,41,58,42,37,36,87,94,61
1149,product-52335,2,41,46,12,23,39,87,94,61
1150,product-197767,2,41,54,6,22,19,87,94,61
1151,product-202251,2,41,58,38,35,37,87,94,61
1152,product-210949,2,41,34,20,32,16,87,94,61
1153,product-209705,2,41,59,11,24,43,87,94,61
1154,product-322995,2,41,61,0,22,15,87,94,61
1155,product-127952,2,41,68,33,27,82,87,94,61
1156,product-57775,2,41,52,27,30,54,87,94,61
1157,product-127681,2,41,69,40,30,65,87,94,61
1158,product-100442,2,41,51,24,27,42,87,94,61
1159,product-96520,2,41,41,16,25,17,87,94,61
1160,product-7390,2,41,53,14,22,57,87,94,61
1161,product-265400,2,41,59,76,53,39,87,94,61
1162,product-265396,2,41,59,80,53,39,87,94,61
1163,product-276008,2,41,36,0,22,24,87,94,61
1164,product-317451,2,42,64,17,24,18,87,94,61
1165,product-124691,2,42,59,27,30,32,87,94,61
1166,product-29747,2,42,57,41,33,80,87,94,61
1167,product-313615,2,42,70,22,31,41,87,94,61
1168,product-202485,2,42,55,11,23,17,87,94,61
1169,product-202800,2,42,55,13,23,18,87,94,61
1170,product-54016,2,42,53,5,23,64,87,94,61
1171,product-52755,2,42,46,13,23,39,87,94,61
1172,product-209704,2,42,59,12,22,43,87,94,61
1173,product-20860,2,42,44,15,26,33,87,94,61
1174,product-30847,2,42,43,6,23,34,87,94,61
1175,product-25229,2,42,43,15,27,35,87,94,61
1176,product-252794,2,42,67,9,23,38,87,94,61
1177,product-253189,2,42,37,2,22,29,87,94,61
1178,product-6944,2,42,27,8,23,0,87,94,61
1179,product-85392,2,42,52,0,22,66,87,94,61
1180,product-27445,2,42,43,9,23,28,87,94,61
1181,product-8763,2,42,60,11,22,33,87,94,61
1182,product-24946,2,42,43,18,27,35,87,94,61
1183,product-264451,2,42,66,3,22,30,87,94,61
1184,product-97661,2,42,61,2,23,69,87,94,61
1185,product-97760,2,42,50,18,29,34,87,94,61
1186,product-101250,2,42,55,5,22,66,87,94,61
1187,product-316138,2,45,63,25,29,9,86,94,61
1188,product-218313,2,45,61,27,26,42,86,94,61
1189,product-70205,2,45,54,3,22,54,86,94,61
1190,product-221511,2,45,58,19,27,28,86,94,61
1191,product-310104,2,45,62,0,22,14,86,94,61
1192,product-121754,2,45,59,6,23,41,86,94,61
1193,product-29390,2,45,42,17,24,28,86,94,61
1194,product-221107,2,45,61,19,25,39,86,94,61
1195,product-123429,2,45,64,17,22,54,86,94,61
1196,product-203110,2,45,55,10,23,17,86,94,61
1197,product-202874,2,45,58,37,33,39,86,94,61
1198,product-54112,2,45,42,12,22,24,86,94,61
1199,product-203242,2,45,32,24,28,0,86,94,61
1200,product-204572,2,45,55,2,23,17,86,94,61
1201,product-334368,2,45,68,4,24,14,86,94,61
1202,product-333899,2,45,59,14,20,30,86,94,61
1203,product-199542,2,45,54,2,22,18,86,94,61
1204,product-202070,2,45,31,24,28,10,86,94,61
1205,product-339075,2,45,64,50,16,8,86,94,61
1206,product-324211,2,45,69,33,31,42,86,94,61
1207,product-213806,2,45,59,12,24,14,86,94,61
1208,product-56994,2,45,53,9,22,58,86,94,61
1209,product-25228,2,45,43,17,27,35,86,94,61
1210,product-277144,2,45,64,9,25,21,86,94,61
1211,product-85093,2,45,34,15,22,7,86,94,61
1212,product-251113,2,45,68,4,22,41,86,94,61
1213,product-251613,2,45,63,11,22,19,86,94,61
1214,product-24947,2,45,43,17,28,35,86,94,61
1215,product-269273,2,45,69,40,31,9,86,94,61
1216,product-265399,2,45,59,77,53,39,86,94,61
1217,product-258023,2,45,75,0,22,39,86,94,61
1218,product-125674,2,47,55,24,22,18,87,94,61
1219,product-222013,2,47,62,45,28,36,87,94,61
1220,product-65195,2,47,45,28,28,24,87,94,61
1221,product-66519,2,47,47,12,24,29,87,94,61
1222,product-203112,2,47,55,14,22,18,87,94,61
1223,product-204921,2,47,64,34,32,3,87,94,61
1224,product-130738,2,47,66,15,25,81,87,94,61
1225,product-130349,2,47,67,20,25,75,87,94,61
1226,product-12187,2,47,55,24,21,88,87,94,61
1227,product-126497,2,47,70,44,40,68,87,94,61
1228,product-127903,2,47,69,46,30,66,87,94,61
1229,product-90593,2,47,58,13,25,61,87,94,61
1230,product-108240,2,47,62,11,23,74,87,94,61
1231,product-284802,2,47,75,74,57,19,87,94,61
1232,product-102651,2,47,44,12,21,21,87,94,61
1233,product-257442,2,47,60,9,23,22,87,94,61
1234,product-26878,2,47,43,0,22,26,87,94,61
1235,product-22822,2,50,48,0,22,75,86,94,62
1236,product-218640,2,50,58,23,23,20,86,94,62
1237,product-64194,2,50,53,41,22,62,86,94,62
1238,product-11772,2,50,48,0,22,64,86,94,62
1239,product-307793,2,50,48,2,23,19,86,94,62
1240,product-125673,2,50,55,25,22,19,86,94,62
1241,product-318183,2,50,63,6,23,12,86,94,62
1242,product-318011,2,50,68,21,28,35,86,94,62
1243,product-216623,2,50,57,21,25,28,86,94,62
1244,product-310254,2,50,66,15,24,37,86,94,62
1245,product-69634,2,50,48,11,26,37,86,94,62
1246,product-29638,2,50,42,13,24,27,86,94,62
1247,product-123205,2,50,67,27,24,67,86,94,62
1248,product-122648,2,50,56,21,28,26,86,94,62
1249,product-122422,2,50,56,23,28,26,86,94,62
1250,product-122540,2,50,66,5,22,72,86,94,62
1251,product-123404,2,50,67,27,24,67,86,94,62
1252,product-122347,2,50,64,5,22,57,86,94,62
1253,product-67767,2,50,56,33,30,77,86,94,62
1254,product-122997,2,50,67,28,25,67,86,94,62
1255,product-122873,2,50,56,20,28,26,86,94,62
1256,product-70546,2,50,53,30,23,68,86,94,62
1257,product-315421,2,50,48,5,23,13,86,94,62
1258,product-315338,2,50,62,3,22,15,86,94,62
1259,product-315061,2,50,48,6,23,13,86,94,62
1260,product-226816,2,50,62,28,25,38,86,94,62
1261,product-121951,2,50,59,4,22,41,86,94,62
1262,product-123430,2,50,64,19,22,54,86,94,62
1263,product-121952,2,50,59,4,22,40,86,94,62
1264,product-123635,2,50,64,19,22,54,86,94,62
1265,product-123605,2,50,67,26,24,67,86,94,62
1266,product-257044,2,50,75,2,22,39,86,94,62
1267,product-202798,2,50,55,9,23,17,86,94,62
1268,product-54036,2,50,52,24,25,56,86,94,62
1269,product-203575,2,50,31,17,28,9,86,94,62
1270,product-332279,2,50,69,19,25,12,86,94,62
1271,product-55033,2,50,56,10,25,47,86,94,62
1272,product-55239,2,50,56,10,24,46,86,94,62
1273,product-128893,2,50,53,9,23,11,86,94,62
1274,product-203698,2,50,55,10,23,18,86,94,62
1275,product-54805,2,50,61,20,27,39,86,94,62
1276,product-197774,2,50,54,3,22,24,86,94,62
1277,product-52264,2,50,56,0,22,75,86,94,62
1278,product-198118,2,50,54,2,22,20,86,94,62
1279,product-202084,2,50,28,24,31,14,86,94,62
1280,product-53153,2,50,53,9,23,63,86,94,62
1281,product-53262,2,50,37,23,30,13,86,94,62
1282,product-55553,2,50,53,24,27,56,86,94,62
1283,product-59530,2,50,52,14,22,68,86,94,62
1284,product-60849,2,50,38,12,24,10,86,94,62
1285,product-60704,2,50,61,46,32,79,86,94,62
1286,product-61103,2,50,53,32,24,65,86,94,62
1287,product-60440,2,50,53,25,24,66,86,94,62
1288,product-126682,2,50,70,46,40,68,86,94,62
1289,product-206711,2,50,52,2,22,33,86,94,62
1290,product-56298,2,50,55,0,22,46,86,94,62
1291,product-12477,2,50,34,13,25,11,86,94,62
1292,product-128165,2,50,68,33,27,82,86,94,62
1293,product-206034,2,50,59,31,23,47,86,94,62
1294,product-58108,2,50,57,14,27,45,86,94,62
1295,product-58137,2,50,52,4,23,72,86,94,62
1296,product-57233,2,50,52,6,22,58,86,94,62
1297,product-127799,2,50,61,31,26,46,86,94,62
1298,product-127732,2,50,68,36,27,82,86,94,62
1299,product-105753,2,50,52,18,29,47,86,94,62
1300,product-105624,2,50,56,13,25,71,86,94,62
1301,product-104717,2,50,59,43,26,63,86,94,62
1302,product-256546,2,50,75,5,23,38,86,94,62
1303,product-248057,2,50,40,2,22,28,86,94,62
1304,product-248871,2,50,68,36,26,8,86,94,62
1305,product-248274,2,50,68,37,28,9,86,94,62
1306,product-249144,2,50,68,36,27,8,86,94,62
1307,product-107048,2,50,65,61,24,88,86,94,62
1308,product-252103,2,50,78,17,32,25,86,94,62
1309,product-27517,2,50,55,0,22,75,86,94,62
1310,product-249420,2,50,68,36,25,8,86,94,62
1311,product-264450,2,50,66,2,22,30,86,94,62
1312,product-264633,2,50,68,47,33,8,86,94,62
1313,product-26109,2,50,58,10,22,80,86,94,62
1314,product-99621,2,50,66,38,31,78,86,94,62
1315,product-266083,2,50,61,0,22,25,86,94,62
1316,product-7604,2,50,66,23,24,61,86,94,62
1317,product-92722,2,50,60,40,42,73,86,94,62
1318,product-276855,2,50,69,21,41,37,86,94,62
1319,product-257291,2,50,35,40,26,13,86,94,62
1320,product-227444,2,53,48,14,25,15,86,94,62
1321,product-67438,2,53,56,21,28,54,86,94,62
1322,product-122996,2,53,67,26,25,67,86,94,62
1323,product-309689,2,53,64,6,23,14,86,94,62
1324,product-314532,2,53,63,41,41,17,86,94,62
1325,product-335369,2,53,74,27,36,24,86,94,62
1326,product-204857,2,53,54,2,23,25,86,94,62
1327,product-53477,2,53,37,20,30,13,86,94,62
1328,product-211118,2,53,58,9,25,34,86,94,62
1329,product-326522,2,53,62,30,24,17,86,94,62
1330,product-12613,2,53,34,11,25,10,86,94,62
1331,product-208239,2,53,59,17,23,44,86,94,62
1332,product-88852,2,53,55,16,29,51,86,94,62
1333,product-90012,2,53,51,0,22,71,86,94,62
1334,product-86151,2,53,34,13,22,9,86,94,62
1335,product-85249,2,53,52,33,28,39,86,94,62
1336,product-27446,2,53,43,7,22,27,86,94,62
1337,product-272450,2,53,70,74,40,29,86,94,62
1338,product-228188,2,55,63,45,30,31,86,94,62
1339,product-319031,2,55,49,8,23,9,86,94,62
1340,product-69800,2,55,54,2,23,55,86,94,62
1341,product-67251,2,55,56,24,27,55,86,94,62
1342,product-315872,2,55,63,2,22,31,86,94,62
1343,product-121757,2,55,60,2,22,40,86,94,62
1344,product-314220,2,55,59,13,22,10,86,94,62
1345,product-203333,2,55,58,0,22,32,86,94,62
1346,product-98981,2,55,52,21,30,39,86,94,62
1347,product-205427,2,55,59,32,30,46,86,94,62
1348,product-55963,2,55,52,38,29,54,86,94,62
1349,product-57053,2,55,58,8,28,70,86,94,62
1350,product-56995,2,55,53,7,22,58,86,94,62
1351,product-74439,2,55,37,5,22,6,86,94,62
1352,product-280662,2,55,76,30,26,16,86,94,62
1353,product-85506,2,55,52,32,28,39,86,94,62
1354,product-285444,2,55,59,32,35,44,86,94,62
1355,product-282458,2,55,47,13,28,24,86,94,62
1356,product-263503,2,55,60,19,22,21,86,94,62
1357,product-7640,2,55,72,14,25,87,86,94,62
1358,product-276726,2,55,75,25,26,12,86,94,62
1359,product-93083,2,55,48,11,24,35,86,94,62
1360,product-228187,2,57,63,43,30,31,86,94,62
1361,product-4696,2,57,39,29,34,22,86,94,62
1362,product-335184,2,57,67,4,23,20,86,94,62
1363,product-54092,2,57,45,13,23,34,86,94,62
1364,product-202559,2,57,58,35,34,39,86,94,62
1365,product-338198,2,57,58,22,21,36,86,94,62
1366,product-53221,2,57,45,12,23,38,86,94,62
1367,product-211538,2,57,51,27,30,15,86,94,62
1368,product-210762,2,57,58,11,21,46,86,94,62
1369,product-209703,2,57,59,11,22,44,86,94,62
1370,product-11990,2,57,38,0,22,12,86,94,62
1371,product-322440,2,57,62,32,26,7,86,94,62
1372,product-284818,2,57,46,0,22,25,86,94,62
1373,product-25914,2,57,49,0,22,81,86,94,62
1374,product-269265,2,57,68,30,30,11,86,94,62
1375,product-95524,2,57,46,28,24,25,86,94,62
1376,product-257282,2,57,35,30,24,16,86,94,62
1377,product-70910,2,59,40,14,23,8,86,94,63
1378,product-121953,2,59,59,2,22,40,86,94,63
1379,product-122541,2,59,66,7,22,71,86,94,63
1380,product-315967,2,59,72,6,22,64,86,94,63
1381,product-202797,2,59,55,8,23,17,86,94,63
1382,product-205683,2,59,54,0,22,25,86,94,63
1383,product-127580,2,59,61,30,25,46,86,94,63
1384,product-105309,2,59,59,35,32,62,86,94,63
1385,product-105559,2,59,52,18,29,47,86,94,63
1386,product-256038,2,59,75,7,23,38,86,94,63
1387,product-108387,2,59,56,3,23,80,86,94,63
1388,product-98778,2,59,46,2,22,31,86,94,63
1389,product-98663,2,59,61,0,22,70,86,94,63
1390,product-264869,2,59,59,77,53,40,86,94,63
1391,product-261041,2,59,63,27,30,17,86,94,63
1392,product-7253,2,59,27,0,22,14,86,94,63
1393,product-21997,2,62,48,0,22,75,85,94,63
1394,product-121525,2,62,67,30,28,66,85,94,63
1395,product-70907,2,62,40,11,22,9,86,94,62
1396,product-218636,2,62,58,18,23,19,86,94,62
1397,product-64218,2,62,59,55,39,81,85,94,63
1398,product-218710,2,62,60,37,33,36,85,94,63
1399,product-316863,2,62,48,14,22,12,85,94,63
1400,product-217448,2,62,59,15,24,19,85,94,63
1401,product-63607,2,62,53,21,23,58,85,94,63
1402,product-29248,2,62,57,48,33,81,85,94,63
1403,product-62457,2,62,42,35,33,13,85,94,63
1404,product-21643,2,62,63,27,22,91,85,94,63
1405,product-62143,2,62,59,60,27,82,85,94,63
1406,product-29265,2,62,59,50,45,85,85,94,63
1407,product-318295,2,62,49,12,23,10,85,94,63
1408,product-29309,2,62,58,44,45,75,85,94,63
1409,product-217644,2,62,55,54,55,7,85,94,63
1410,product-217645,2,62,55,55,39,7,85,94,63
1411,product-318374,2,62,68,23,28,35,85,94,63
1412,product-308550,2,62,59,52,26,19,85,94,63
1413,product-308653,2,62,62,4,23,30,85,94,63
1414,product-125477,2,62,55,29,23,19,85,94,63
1415,product-221510,2,62,58,21,27,27,85,94,63
1416,product-68870,2,62,39,11,21,6,85,94,63
1417,product-122767,2,62,66,9,22,71,85,94,63
1418,product-124010,2,62,66,15,23,69,85,94,63
1419,product-315339,2,62,62,4,22,15,85,94,63
1420,product-315251,2,62,75,30,38,45,85,94,63
1421,product-124212,2,62,66,19,23,69,85,94,63
1422,product-227255,2,62,62,25,25,37,86,94,62
1423,product-227156,2,62,69,35,27,19,85,94,63
1424,product-221098,2,62,60,3,22,41,85,94,63
1425,product-313836,2,62,59,15,21,10,85,94,63
1426,product-226987,2,62,48,15,25,15,85,94,63
1427,product-226986,2,62,48,16,25,15,86,94,62
1428,product-66323,2,62,46,14,24,29,86,94,62
1429,product-220931,2,62,36,22,29,9,85,94,63
1430,product-54438,2,62,60,22,32,81,85,94,63
1431,product-129178,2,62,67,24,26,83,85,94,63
1432,product-336327,2,62,66,13,22,18,85,94,63
1433,product-129417,2,62,67,24,26,83,85,94,63
1434,product-55171,2,62,45,23,27,35,86,94,62
1435,product-128456,2,62,59,15,25,30,85,94,63
1436,product-12833,2,62,46,26,37,40,85,94,63
1437,product-204005,2,62,55,7,24,22,86,94,62
1438,product-13308,2,62,46,32,37,40,85,94,63
1439,product-340756,2,62,59,37,37,42,85,94,63
1440,product-130535,2,62,66,16,25,81,85,94,63
1441,product-52252,2,62,60,37,31,81,85,94,63
1442,product-52388,2,62,37,18,21,14,86,94,62
1443,product-52469,2,62,60,37,31,81,85,94,63
1444,product-341459,2,62,65,0,22,20,86,94,62
1445,product-53778,2,62,60,24,31,80,85,94,63
1446,product-129664,2,62,67,27,26,83,85,94,63
1447,product-338501,2,62,58,24,20,37,85,94,63
1448,product-53529,2,62,53,9,22,54,85,94,63
1449,product-53564,2,62,60,24,31,80,85,94,63
1450,product-53541,2,62,54,22,26,77,85,94,63
1451,product-53118,2,62,60,26,31,80,85,94,63
1452,product-199900,2,62,54,11,23,24,85,94,63
1453,product-53216,2,62,46,17,24,40,85,94,63
1454,product-130133,2,62,68,32,26,83,85,94,63
1455,product-59522,2,62,53,26,23,64,85,94,63
1456,product-59287,2,62,52,11,22,68,85,94,63
1457,product-324437,2,62,49,6,23,8,85,94,63
1458,product-58534,2,62,58,21,27,38,85,94,63
1459,product-58351,2,62,52,24,23,65,85,94,63
1460,product-127171,2,62,59,19,27,39,85,94,63
1461,product-126345,2,62,66,6,23,71,85,94,63
1462,product-56849,2,62,53,18,29,58,85,94,63
1463,product-330037,2,62,55,5,22,20,85,94,63
1464,product-206030,2,62,59,29,30,45,85,94,63
1465,product-57916,2,62,52,24,23,65,85,94,63
1466,product-127460,2,62,69,37,30,64,85,94,63
1467,product-57520,2,62,58,10,28,71,85,94,63
1468,product-57462,2,62,52,6,23,73,85,94,63
1469,product-254730,2,62,37,35,38,9,85,94,63
1470,product-6768,2,62,84,35,33,21,85,94,63
1471,product-252793,2,62,67,7,22,38,86,94,62
1472,product-252792,2,62,67,5,22,38,86,94,62
1473,product-252543,2,62,78,17,32,24,85,94,63
1474,product-280172,2,62,76,31,26,15,85,94,63
1475,product-256037,2,62,75,8,22,38,85,94,63
1476,product-90900,2,62,50,4,22,39,86,94,62
1477,product-90061,2,62,59,13,25,65,86,94,62
1478,product-89393,2,62,47,17,24,31,86,94,62
1479,product-278146,2,62,65,8,24,20,85,94,63
1480,product-89688,2,62,66,18,27,39,85,94,63
1481,product-108304,2,62,53,14,29,46,85,94,63
1482,product-248271,2,62,68,31,28,10,85,94,63
1483,product-246749,2,62,67,32,25,12,85,94,63
1484,product-285449,2,62,60,36,35,42,85,94,63
1485,product-106816,2,62,55,0,22,74,85,94,63
1486,product-86391,2,62,42,11,24,11,85,94,63
1487,product-86603,2,62,44,2,22,28,85,94,63
1488,product-97275,2,62,45,14,24,25,86,94,62
1489,product-100786,2,62,55,10,25,77,86,94,62
1490,product-269871,2,62,68,32,28,10,85,94,63
1491,product-7622,2,62,67,0,22,77,85,94,63
1492,product-270493,2,62,74,47,28,13,85,94,63
1493,product-276214,2,62,75,24,27,12,85,94,63
1494,product-256800,2,62,35,38,27,13,85,94,63
1495,product-26880,2,62,43,3,23,25,85,94,63
1496,product-276727,2,62,75,26,26,12,85,94,63
1497,product-259030,2,62,80,49,38,24,85,94,63
1498,product-259031,2,62,80,47,38,25,85,94,63
1499,product-22009,2,66,55,29,39,69,85,94,63
1500,product-11810,2,66,43,0,22,32,85,94,63
1501,product-63049,2,66,46,0,22,47,85,94,63
1502,product-223500,2,66,52,17,30,13,85,94,63
1503,product-69380,2,66,57,30,29,61,85,94,63
1504,product-123804,2,66,66,15,23,69,85,94,63
1505,product-309688,2,66,64,5,23,14,85,94,63
1506,product-204016,2,66,54,0,22,29,85,94,63
1507,product-130742,2,66,67,23,25,83,85,94,63
1508,product-199911,2,66,54,17,28,31,85,94,63
1509,product-130125,2,66,67,27,25,83,85,94,63
1510,product-127034,2,66,69,32,30,64,85,94,63
1511,product-211091,2,66,58,11,21,46,85,94,63
1512,product-206029,2,66,59,27,30,45,85,94,63
1513,product-208871,2,66,76,24,34,28,85,94,63
1514,product-327648,2,66,61,50,38,12,85,94,63
1515,product-208235,2,66,59,15,23,45,85,94,63
1516,product-256545,2,66,75,6,22,38,85,94,63
1517,product-278219,2,66,75,20,25,14,85,94,63
1518,product-248656,2,66,40,0,22,28,85,94,63
1519,product-248270,2,66,68,29,28,10,85,94,63
1520,product-249689,2,66,68,31,27,7,85,94,63
1521,product-283497,2,66,60,44,36,40,85,94,63
1522,product-103599,2,66,55,8,25,74,85,94,63
1523,product-97377,2,66,66,45,31,76,85,94,63
1524,product-7585,2,66,61,29,25,46,85,94,63
1525,product-264881,2,66,58,67,50,39,85,94,63
1526,product-102430,2,66,45,0,22,25,85,94,63
1527,product-121712,2,68,67,31,28,67,85,94,63
1528,product-227736,2,68,63,44,30,31,85,94,63
1529,product-218674,2,68,60,22,35,37,85,94,63
1530,product-218654,2,68,57,22,25,27,85,94,63
1531,product-21949,2,68,61,28,20,92,85,94,63
1532,product-216658,2,68,61,24,27,44,85,94,63
1533,product-310913,2,68,63,28,35,20,85,94,63
1534,product-122872,2,68,56,21,27,27,85,94,63
1535,product-315424,2,68,48,10,23,13,85,94,63
1536,product-121903,2,68,67,31,25,67,85,94,63
1537,product-203414,2,68,55,14,23,19,85,94,63
1538,product-54336,2,68,42,14,21,24,85,94,63
1539,product-53892,2,68,42,10,22,24,85,94,63
1540,product-52754,2,68,46,14,23,39,85,94,63
1541,product-201240,2,68,55,11,23,30,85,94,63
1542,product-200236,2,68,55,12,24,27,85,94,63
1543,product-130124,2,68,67,25,25,83,85,94,63
1544,product-210763,2,68,58,9,21,46,85,94,63
1545,product-126344,2,68,66,6,22,71,85,94,63
1546,product-247425,2,68,40,2,22,28,85,94,63
1547,product-27444,2,68,43,11,23,28,85,94,63
1548,product-27447,2,68,43,5,22,27,85,94,63
1549,product-107718,2,68,50,0,22,39,85,94,63
1550,product-7591,2,68,67,26,26,83,85,94,63
1551,product-102679,2,68,55,26,24,70,85,94,63
1552,product-102395,2,68,52,17,32,40,85,94,63
1553,product-103151,2,68,55,21,24,71,85,94,63
1554,product-260287,2,68,59,85,55,44,85,94,63
1555,product-122101,2,70,67,30,25,67,85,94,63
1556,product-122575,2,70,64,3,22,57,85,94,63
1557,product-313837,2,70,59,16,22,10,85,94,63
1558,product-53893,2,70,42,11,23,23,85,94,63
1559,product-202558,2,70,58,34,33,39,85,94,63
1560,product-54911,2,70,52,24,24,57,85,94,63
1561,product-52985,2,70,46,17,23,40,85,94,63
1562,product-326817,2,70,62,30,24,18,85,94,63
1563,product-127240,2,70,69,34,30,64,85,94,63
1564,product-323716,2,70,61,33,29,15,85,94,63
1565,product-56421,2,70,45,6,23,39,85,94,63
1566,product-88946,2,70,44,15,23,17,85,94,63
1567,product-277724,2,70,75,21,25,13,85,94,63
1568,product-256288,2,70,35,37,26,13,85,94,63
1569,product-88078,2,70,54,30,27,47,85,94,63
1570,product-252102,2,70,78,18,32,24,85,94,63
1571,product-96712,2,70,51,26,30,33,85,94,63
1572,product-269279,2,70,70,45,32,9,85,94,63
1573,product-258385,2,70,51,20,26,24,85,94,63
1574,product-276728,2,70,75,27,25,12,85,94,63
1575,product-320048,2,72,61,15,23,7,85,94,63
1576,product-307768,2,72,62,24,32,22,85,94,63
1577,product-121191,2,72,59,9,22,39,85,94,63
1578,product-68664,2,72,39,11,22,7,85,94,63
1579,product-123995,2,72,68,28,25,82,85,94,63
1580,product-124210,2,72,66,15,23,69,85,94,63
1581,product-321830,2,72,51,4,24,10,85,94,63
1582,product-53809,2,72,53,12,25,59,85,94,63
1583,product-130743,2,72,67,24,25,83,85,94,63
1584,product-130343,2,72,68,31,26,83,85,94,63
1585,product-339711,2,72,66,24,21,10,85,94,63
1586,product-211090,2,72,58,13,21,45,85,94,63
1587,product-207863,2,72,59,18,23,44,85,94,63
1588,product-88945,2,72,44,13,23,17,85,94,63
1589,product-89360,2,72,50,0,22,42,85,94,63
1590,product-27166,2,72,43,5,22,23,85,94,63
1591,product-89362,2,72,50,0,22,41,85,94,63
1592,product-108530,2,72,51,20,29,33,85,94,63
1593,product-106225,2,72,55,6,23,72,85,94,63
1594,product-264366,2,72,58,65,50,40,85,94,63
1595,product-97421,2,72,58,18,24,59,85,94,63
1596,product-267474,2,72,77,67,48,17,85,94,63
1597,product-270494,2,72,74,46,28,13,85,94,63
1598,product-276725,2,72,75,24,26,12,85,94,63
1599,product-94472,2,72,55,0,22,56,85,94,63
1600,product-71156,2,75,53,31,23,69,85,94,63
1601,product-63643,2,75,58,54,36,83,85,94,63
1602,product-121339,2,75,67,29,28,66,85,94,63
1603,product-320388,2,75,61,18,24,6,85,94,63
1604,product-62479,2,75,35,9,24,5,85,94,63
1605,product-228189,2,75,63,47,30,31,85,94,63
1606,product-62117,2,75,53,24,24,76,85,94,63
1607,product-72151,2,75,54,44,24,77,85,94,63
1608,product-121194,2,75,60,9,23,38,85,94,63
1609,product-63608,2,75,53,25,23,59,85,94,63
1610,product-71743,2,75,55,31,28,73,85,94,63
1611,product-121383,2,75,59,7,22,40,85,94,63
1612,product-122090,2,75,66,9,23,71,85,94,63
1613,product-68716,2,75,55,37,28,78,85,94,63
1614,product-122800,2,75,64,2,22,57,85,94,63
1615,product-29397,2,75,43,14,21,25,85,94,63
1616,product-124197,2,75,68,29,25,83,85,94,63
1617,product-121756,2,75,59,3,22,40,85,94,63
1618,product-70749,2,75,53,34,23,68,85,94,63
1619,product-335751,2,75,66,13,22,19,85,94,63
1620,product-332036,2,75,53,11,25,4,85,94,63
1621,product-332285,2,75,53,13,25,5,85,94,63
1622,product-55238,2,75,56,11,24,46,85,94,63
1623,product-203617,2,75,58,0,22,33,85,94,63
1624,product-13309,2,75,46,32,37,40,85,94,63
1625,product-130539,2,75,67,24,25,83,85,94,63
1626,product-130540,2,75,67,26,25,83,85,94,63
1627,product-52270,2,75,56,13,24,71,85,94,63
1628,product-341630,2,75,69,0,22,10,85,94,63
1629,product-202250,2,75,58,39,35,38,85,94,63
1630,product-202005,2,75,32,20,29,2,85,94,63
1631,product-53308,2,75,52,9,23,74,85,94,63
1632,product-130333,2,75,67,24,25,83,85,94,63
1633,product-130334,2,75,67,27,25,83,85,94,63
1634,product-199894,2,75,54,11,22,21,85,94,63
1635,product-127033,2,75,69,30,30,64,85,94,63
1636,product-324766,2,75,49,4,23,9,85,94,63
1637,product-59059,2,75,52,13,22,68,85,94,63
1638,product-58861,2,75,60,43,30,82,85,94,63
1639,product-126972,2,75,59,21,27,39,85,94,63
1640,product-324462,2,75,58,39,32,17,85,94,63
1641,product-325115,2,75,60,32,50,15,85,94,63
1642,product-58776,2,75,32,4,22,2,85,94,63
1643,product-210758,2,75,58,19,20,44,85,94,63
1644,product-126539,2,75,66,4,22,71,85,94,63
1645,product-214908,2,75,61,2,22,50,85,94,63
1646,product-212272,2,75,35,17,33,16,85,94,63
1647,product-126850,2,75,69,27,30,63,85,94,63
1648,product-126640,2,75,57,7,23,24,85,94,63
1649,product-323443,2,75,49,0,22,6,85,94,63
1650,product-58321,2,75,56,11,24,44,85,94,63
1651,product-56538,2,75,53,11,22,58,85,94,63
1652,product-128038,2,75,56,0,22,35,85,94,63
1653,product-327649,2,75,61,52,37,12,85,94,63
1654,product-127369,2,75,61,31,25,45,85,94,63
1655,product-127395,2,75,56,0,22,34,85,94,63
1656,product-58167,2,75,60,40,30,83,85,94,63
1657,product-57697,2,75,52,6,23,73,85,94,63
1658,product-254214,2,75,37,33,38,9,85,94,63
1659,product-279697,2,75,76,31,26,15,85,94,63
1660,product-279220,2,75,76,32,26,14,85,94,63
1661,product-280111,2,75,66,12,24,19,85,94,63
1662,product-277653,2,75,65,4,23,18,85,94,63
1663,product-277725,2,75,75,23,25,13,85,94,63
1664,product-277233,2,75,75,24,25,13,85,94,63
1665,product-278720,2,75,76,33,26,14,85,94,63
1666,product-278220,2,75,75,21,25,13,85,94,63
1667,product-25321,2,75,56,3,22,76,85,94,63
1668,product-108239,2,75,62,9,22,74,85,94,63
1669,product-9022,2,75,64,35,31,17,85,94,63
1670,product-248870,2,75,68,38,26,8,85,94,63
1671,product-246750,2,75,67,33,25,12,85,94,63
1672,product-108444,2,75,62,17,24,74,85,94,63
1673,product-251639,2,75,67,10,24,7,85,94,63
1674,product-251638,2,75,67,8,24,8,85,94,63
1675,product-6522,2,75,73,58,39,12,85,94,63
1676,product-249690,2,75,68,35,27,7,85,94,63
1677,product-250254,2,75,65,4,24,13,85,94,63
1678,product-264062,2,75,55,9,24,33,85,94,63
1679,product-261984,2,75,61,13,23,18,85,94,63
1680,product-273835,2,75,33,2,22,15,85,94,63
1681,product-265119,2,75,62,22,31,20,85,94,63
1682,product-92513,2,75,57,24,28,56,85,94,63
1683,product-276624,2,75,61,5,22,27,85,94,63
1684,product-71469,2,78,44,9,26,16,85,94,63
1685,product-11842,2,78,38,2,22,12,85,94,63
1686,product-228130,2,78,59,14,24,28,85,94,63
1687,product-122581,2,78,64,17,22,54,85,94,63
1688,product-203287,2,78,31,18,28,9,85,94,63
1689,product-335466,2,78,66,13,22,18,85,94,63
1690,product-204290,2,78,55,0,22,15,85,94,63
1691,product-199550,2,78,54,10,23,22,85,94,63
1692,product-213452,2,78,56,34,22,26,85,94,63
1693,product-127368,2,78,61,29,25,46,85,94,63
1694,product-126726,2,78,66,2,22,71,85,94,63
1695,product-88907,2,78,46,10,25,32,85,94,63
1696,product-277234,2,78,75,26,25,13,85,94,63
1697,product-278896,2,78,70,50,41,25,85,94,63
1698,product-247775,2,78,32,0,22,18,85,94,63
1699,product-91433,2,78,48,15,25,33,85,94,63
1700,product-124395,2,80,68,30,25,83,85,94,63
1701,product-124567,2,80,63,2,22,77,85,94,63
1702,product-64481,2,80,42,30,22,13,85,94,63
1703,product-10784,2,80,38,11,23,10,85,94,63
1704,product-69437,2,80,48,12,26,37,85,94,63
1705,product-122582,2,80,64,19,22,53,85,94,63
1706,product-122807,2,80,64,19,22,53,85,94,63
1707,product-29888,2,80,43,17,23,32,85,94,63
1708,product-203113,2,80,55,14,23,19,85,94,63
1709,product-54050,2,80,52,29,25,52,85,94,63
1710,product-55155,2,80,45,2,24,41,85,94,63
1711,product-53796,2,80,54,9,23,65,85,94,63
1712,product-52951,2,80,52,17,24,51,85,94,63
1713,product-324194,2,80,64,0,22,35,85,94,63
1714,product-126309,2,80,70,41,40,68,85,94,63
1715,product-55953,2,80,53,15,26,58,85,94,63
1716,product-207108,2,80,59,22,22,47,85,94,63
1717,product-127797,2,80,61,30,25,47,85,94,63
1718,product-207734,2,80,59,2,22,39,85,94,63
1719,product-253607,2,80,66,88,43,42,85,94,63
1720,product-255570,2,80,78,51,46,42,85,94,63
1721,product-103845,2,80,65,29,29,78,85,94,63
1722,product-104584,2,80,47,3,22,33,85,94,63
1723,product-285491,2,80,66,24,26,28,85,94,63
1724,product-27453,2,80,43,3,22,24,85,94,63
1725,product-96504,2,80,45,19,24,26,85,94,63
1726,product-262619,2,80,70,20,26,4,85,94,63
1727,product-99858,2,80,66,39,30,79,85,94,63
1728,product-276741,2,80,75,49,35,15,85,94,63
1729,product-276909,2,80,71,69,44,26,85,94,63
1730,product-228621,2,82,62,20,25,36,85,94,63
1731,product-69591,2,82,54,2,22,55,85,94,63
1732,product-219277,2,82,31,0,22,8,85,94,63
1733,product-4778,2,82,44,25,34,38,85,94,63
1734,product-31767,2,82,51,0,22,87,85,94,63
1735,product-130348,2,82,67,18,25,75,85,94,63
1736,product-126888,2,82,68,44,28,83,85,94,63
1737,product-208232,2,82,59,16,22,47,85,94,63
1738,product-207864,2,82,59,19,23,44,85,94,63
1739,product-280466,2,82,39,0,22,33,85,94,63
1740,product-108242,2,82,62,14,24,74,85,94,63
1741,product-27689,2,82,47,9,23,44,85,94,63
1742,product-87664,2,82,42,21,23,13,85,94,63
1743,product-249753,2,82,44,17,31,39,85,94,63
1744,product-7424,2,82,57,52,35,79,85,94,63
1745,product-264367,2,82,58,65,50,40,85,94,63
1746,product-276729,2,82,75,29,25,12,85,94,63
1747,product-26871,2,82,43,15,27,29,85,94,63
1748,product-94993,2,82,49,9,24,38,85,94,63
1749,product-70974,2,84,54,32,24,76,85,94,63
1750,product-316859,2,84,49,6,24,11,85,94,63
1751,product-312724,2,84,61,60,27,14,85,94,63
1752,product-312725,2,84,61,58,27,15,85,94,63
1753,product-310635,2,84,66,11,22,38,85,94,63
1754,product-219795,2,84,58,30,27,25,85,94,63
1755,product-123554,2,84,63,4,22,77,85,94,63
1756,product-70498,2,84,39,6,22,10,85,94,63
1757,product-202508,2,84,55,2,23,28,85,94,63
1758,product-205102,2,84,55,2,22,17,85,94,63
1759,product-199549,2,84,54,10,23,22,85,94,63
1760,product-324210,2,84,69,31,32,41,85,94,63
1761,product-323088,2,84,62,32,27,6,85,94,63
1762,product-126791,2,84,59,23,27,39,85,94,63
1763,product-213629,2,84,52,26,35,16,85,94,63
1764,product-56312,2,84,52,14,22,58,85,94,63
1765,product-207482,2,84,59,20,22,47,85,94,63
1766,product-207857,2,84,59,18,22,46,85,94,63
1767,product-279095,2,84,60,38,33,42,85,94,63
1768,product-88650,2,84,46,18,24,31,85,94,63
1769,product-91127,2,84,56,30,31,52,85,94,63
1770,product-108263,2,84,55,2,22,65,85,94,63
1771,product-286346,2,84,59,31,34,43,85,94,63
1772,product-284053,2,84,66,33,25,24,85,94,63
1773,product-107396,2,84,55,5,23,75,85,94,63
1774,product-283059,2,84,67,16,24,21,85,94,63
1775,product-100165,2,84,57,15,24,55,85,94,63
1776,product-264577,2,84,56,6,24,31,85,94,63
1777,product-269283,2,84,71,48,29,9,85,94,63
1778,product-91641,2,84,50,2,22,41,85,94,63
1779,product-275571,2,84,58,12,26,34,85,94,63
1780,product-63810,2,88,55,8,24,55,85,93,63
1781,product-218272,2,88,57,22,25,27,85,93,62
1782,product-63610,2,88,54,29,24,60,85,93,63
1783,product-316122,2,88,66,34,40,14,85,93,63
1784,product-308916,2,88,60,20,18,10,85,93,63
1785,product-316150,2,88,48,13,23,12,85,93,62
1786,product-227546,2,88,66,0,22,63,85,93,63
1787,product-29979,2,88,54,2,22,74,85,93,63
1788,product-121568,2,88,59,5,22,40,85,93,63
1789,product-215798,2,88,56,35,23,25,85,93,63
1790,product-62309,2,88,53,14,24,74,85,93,63
1791,product-61767,2,88,61,37,33,77,85,93,63
1792,product-21647,2,88,62,26,22,91,85,93,63
1793,product-21667,2,88,60,15,25,95,85,93,63
1794,product-317934,2,88,49,14,23,11,85,93,63
1795,product-124908,2,88,56,11,25,22,85,93,63
1796,product-217858,2,88,58,23,23,21,85,93,63
1797,product-63182,2,88,53,18,24,75,85,93,63
1798,product-308521,2,88,60,18,17,10,85,93,63
1799,product-217048,2,88,57,14,25,29,85,93,63
1800,product-125447,2,88,58,26,29,34,85,93,62
1801,product-310245,2,88,65,10,26,34,85,93,63
1802,product-122580,2,88,64,15,22,54,85,93,63
1803,product-122806,2,88,64,17,22,54,85,93,63
1804,product-22639,2,88,42,14,28,29,85,93,62
1805,product-313838,2,88,59,17,23,9,85,93,63
1806,product-313513,2,88,50,14,28,13,85,93,63
1807,product-315052,2,88,63,18,30,11,85,93,63
1808,product-121892,2,88,66,11,22,71,85,93,63
1809,product-123582,2,88,68,26,25,82,85,93,63
1810,product-203109,2,88,55,6,23,16,85,93,62
1811,product-54214,2,88,60,28,31,81,85,93,63
1812,product-54439,2,88,60,20,32,80,85,93,63
1813,product-336027,2,88,66,13,22,19,85,93,62
1814,product-202556,2,88,58,30,33,40,85,93,63
1815,product-53810,2,88,53,14,25,59,85,93,62
1816,product-335465,2,88,66,15,22,18,85,93,63
1817,product-204844,2,88,55,2,22,17,85,93,63
1818,product-204619,2,88,59,27,29,44,85,93,62
1819,product-331811,2,88,53,11,25,4,85,93,63
1820,product-331369,2,88,53,13,25,5,85,93,63
1821,product-54489,2,88,52,30,24,55,85,93,62
1822,product-128657,2,88,59,13,25,30,85,93,63
1823,product-203694,2,88,55,4,23,16,85,93,63
1824,product-340686,2,88,69,32,29,13,85,93,63
1825,product-340331,2,88,68,24,27,10,85,93,62
1826,product-199860,2,88,72,15,33,19,85,93,63
1827,product-13287,2,88,44,2,21,51,85,93,63
1828,product-52638,2,88,53,12,23,55,85,93,63
1829,product-52336,2,88,46,11,23,38,85,93,63
1830,product-52290,2,88,52,0,22,58,85,93,63
1831,product-337393,2,88,56,13,23,1,85,93,63
1832,product-59024,2,88,57,8,25,43,85,93,63
1833,product-127032,2,88,69,29,30,63,85,93,63
1834,product-58545,2,88,56,13,24,45,85,93,63
1835,product-326224,2,88,62,32,24,17,85,93,63
1836,product-126604,2,88,59,24,27,38,85,93,63
1837,product-214603,2,88,56,37,22,25,85,93,62
1838,product-60659,2,88,53,32,24,64,85,93,63
1839,product-60476,2,88,60,53,34,81,85,93,63
1840,product-60475,2,88,60,55,34,82,85,93,63
1841,product-328647,2,88,62,35,25,17,85,93,63
1842,product-328648,2,88,62,32,25,17,85,93,63
1843,product-328649,2,88,62,30,25,18,85,93,63
1844,product-56761,2,88,53,12,22,57,85,93,63
1845,product-56749,2,88,55,15,24,50,85,93,63
1846,product-57919,2,88,52,4,23,72,85,93,63
1847,product-327106,2,88,62,30,24,18,85,93,63
1848,product-57235,2,88,52,4,23,73,85,93,63
1849,product-207483,2,88,59,20,22,46,85,93,63
1850,product-30849,2,88,43,11,23,33,85,93,62
1851,product-207109,2,88,59,22,22,46,85,93,63
1852,product-61715,2,88,53,11,23,58,85,93,63
1853,product-25222,2,88,44,16,25,36,85,93,63
1854,product-89162,2,88,47,17,24,32,85,93,63
1855,product-254421,2,88,69,22,23,2,85,93,63
1856,product-88597,2,88,54,29,30,45,85,93,62
1857,product-88659,2,88,45,0,22,25,85,93,62
1858,product-255988,2,88,69,28,29,4,85,93,63
1859,product-89457,2,88,59,20,33,57,85,93,63
1860,product-104299,2,88,60,29,26,64,85,93,62
1861,product-247956,2,88,68,38,28,10,85,93,63
1862,product-24822,2,88,61,49,18,87,85,93,63
1863,product-248936,2,88,41,10,25,27,85,93,63
1864,product-85027,2,88,44,0,22,25,85,93,63
1865,product-247132,2,88,41,4,23,27,85,93,63
1866,product-107589,2,88,56,3,22,78,85,93,63
1867,product-106031,2,88,55,12,22,79,85,93,62
1868,product-97034,2,88,64,15,26,38,85,93,63
1869,product-100383,2,88,58,11,22,61,85,93,63
1870,product-272291,2,88,74,39,28,13,85,93,63
1871,product-100145,2,88,58,4,22,60,85,93,63
1872,product-273381,2,88,64,6,22,18,85,93,63
1873,product-98408,2,88,62,17,24,73,85,93,62
1874,product-99593,2,88,54,2,23,80,85,93,63
1875,product-26055,2,88,68,35,29,61,85,93,63
1876,product-264917,2,88,42,9,23,28,85,93,63
1877,product-7516,2,88,58,3,22,59,85,93,63
1878,product-276217,2,88,75,27,26,12,85,93,62
1879,product-8203,2,88,23,0,22,18,85,93,63
1880,product-103436,2,88,65,20,32,74,85,93,63
1881,product-276910,2,88,71,71,43,26,85,93,63
1882,product-276647,2,88,65,3,23,19,85,93,63
1883,product-93355,2,88,49,17,28,30,85,93,63
1884,product-275693,2,88,75,27,27,12,85,93,63
1885,product-217044,2,91,57,22,25,27,85,93,63
1886,product-123020,2,91,64,0,22,57,85,93,63
1887,product-123019,2,91,64,0,22,57,85,93,63
1888,product-54048,2,91,52,28,24,52,85,93,63
1889,product-203703,2,91,55,14,24,20,85,93,63
1890,product-197744,2,91,72,23,32,16,85,93,63
1891,product-340995,2,91,66,2,22,5,85,93,63
1892,product-201780,2,91,76,7,23,61,85,93,63
1893,product-202246,2,91,58,32,34,39,85,93,63
1894,product-323320,2,91,62,2,22,15,85,93,63
1895,product-212718,2,91,56,32,29,27,85,93,63
1896,product-127364,2,91,61,21,24,48,85,93,63
1897,product-206749,2,91,59,24,22,46,85,93,63
1898,product-328650,2,91,62,28,25,18,85,93,63
1899,product-89351,2,91,54,17,29,44,85,93,63
1900,product-89176,2,91,46,13,24,23,85,93,63
1901,product-105490,2,91,61,15,27,68,85,93,63
1902,product-277164,2,91,66,4,24,16,85,93,63
1903,product-103806,2,91,55,9,22,73,85,93,63
1904,product-89923,2,91,43,32,35,15,85,93,63
1905,product-285093,2,91,76,32,27,19,85,93,63
1906,product-284124,2,91,76,32,27,19,85,93,63
1907,product-86273,2,91,56,0,22,54,85,93,63
1908,product-263863,2,91,58,63,50,40,85,93,63
1909,product-100384,2,91,58,9,22,60,85,93,63
1910,product-100144,2,91,58,6,22,60,85,93,63
1911,product-100860,2,91,58,9,22,61,85,93,63
1912,product-100620,2,91,58,9,22,61,85,93,63
1913,product-262594,2,91,67,49,35,10,85,93,63
1914,product-100077,2,91,54,2,22,79,85,93,63
1915,product-99659,2,91,58,0,22,58,85,93,63
1916,product-316139,2,92,63,27,29,9,85,93,62
1917,product-29247,2,92,57,47,33,81,85,93,62
1918,product-216936,2,92,61,0,22,53,85,93,62
1919,product-123869,2,92,59,4,22,43,85,93,62
1920,product-331590,2,92,53,12,25,4,85,93,62
1921,product-204302,2,92,55,8,24,21,85,93,62
1922,product-53385,2,92,52,19,24,54,85,93,62
1923,product-323721,2,92,61,22,28,17,85,93,62
1924,product-323717,2,92,61,31,29,16,85,93,62
1925,product-3611,2,92,76,2,23,61,85,93,62
1926,product-254944,2,92,69,27,22,3,85,93,62
1927,product-108319,2,92,50,0,22,40,85,93,62
1928,product-85088,2,92,34,5,23,8,85,93,62
1929,product-27442,2,92,43,15,23,29,85,93,62
1930,product-99429,2,92,57,16,27,53,85,93,62
1931,product-99903,2,92,58,2,22,59,85,93,62
1932,product-99660,2,92,58,2,22,58,85,93,62
1933,product-102244,2,92,56,25,26,70,85,93,62
1934,product-94655,2,92,52,0,22,80,85,93,62
1935,product-317197,2,95,63,28,30,8,85,93,62
1936,product-218637,2,95,58,19,23,19,85,93,62
1937,product-227678,2,95,59,11,24,28,85,93,62
1938,product-320824,2,95,62,22,29,24,85,93,62
1939,product-123022,2,95,64,17,22,54,85,93,62
1940,product-4359,2,95,34,2,22,2,85,93,62
1941,product-123760,2,95,63,2,22,77,85,93,62
1942,product-336026,2,95,66,15,22,18,85,93,62
1943,product-331945,2,95,70,40,37,12,85,93,62
1944,product-128421,2,95,59,17,25,42,85,93,62
1945,product-54884,2,95,54,3,22,68,85,93,62
1946,product-341653,2,95,67,14,23,11,85,93,62
1947,product-339723,2,95,55,0,22,17,85,93,62
1948,product-129910,2,95,68,27,26,82,85,93,62
1949,product-210626,2,95,59,0,22,43,85,93,62
1950,product-323667,2,95,61,0,22,12,85,93,62
1951,product-330011,2,95,52,10,22,5,85,93,62
1952,product-127576,2,95,61,23,24,48,85,93,62
1953,product-127577,2,95,61,24,24,47,85,93,62
1954,product-279627,2,95,66,10,25,19,85,93,62
1955,product-280109,2,95,66,14,24,20,85,93,62
1956,product-255998,2,95,69,16,23,1,85,93,62
1957,product-256510,2,95,69,13,23,0,85,93,62
1958,product-254951,2,95,69,14,23,2,85,93,62
1959,product-278641,2,95,65,11,24,20,85,93,62
1960,product-89619,2,95,49,2,22,36,85,93,62
1961,product-281156,2,95,76,30,26,16,85,93,62
1962,product-85089,2,95,34,7,23,8,85,93,62
1963,product-87168,2,95,34,4,22,10,85,93,62
1964,product-106820,2,95,55,2,22,75,85,93,62
1965,product-249145,2,95,68,38,28,8,85,93,62
1966,product-107648,2,95,62,9,24,73,85,93,62
1967,product-100861,2,95,58,8,22,61,85,93,62
1968,product-98905,2,95,61,0,22,71,85,93,62
1969,product-97515,2,95,49,17,29,31,85,93,62
1970,product-99904,2,95,58,0,22,59,85,93,62
1971,product-274589,2,95,75,30,29,12,85,93,62
1972,product-8071,2,95,14,2,22,19,85,93,62
1973,product-260459,2,95,42,0,22,30,85,93,62
1974,product-95432,2,95,56,13,22,52,85,93,62
1975,product-102108,2,95,58,4,22,62,85,93,62
1976,product-218271,2,97,57,24,25,27,85,93,62
1977,product-64477,2,97,42,30,21,14,85,93,62
1978,product-215442,2,97,60,30,32,35,85,93,62
1979,product-124075,2,97,59,6,22,43,85,93,62
1980,product-29634,2,97,42,15,24,28,85,93,62
1981,product-122805,2,97,64,15,22,54,85,93,62
1982,product-313459,2,97,59,18,21,10,85,93,62
1983,product-334105,2,97,68,5,24,14,85,93,62
1984,product-334354,2,97,66,0,22,22,85,93,62
1985,product-198893,2,97,58,41,35,37,85,93,62
1986,product-199508,2,97,72,15,33,19,85,93,62
1987,product-13189,2,97,40,19,24,19,85,93,62
1988,product-324058,2,97,61,21,27,18,85,93,62
1989,product-324057,2,97,61,23,28,17,85,93,62
1990,product-210062,2,97,59,4,21,45,85,93,62
1991,product-322379,2,97,60,2,22,8,85,93,62
1992,product-214605,2,97,56,32,22,26,85,93,62
1993,product-105826,2,97,55,2,22,74,85,93,62
1994,product-278735,2,97,75,43,35,15,85,93,62
1995,product-104503,2,97,59,41,26,63,85,93,62
1996,product-284616,2,97,76,33,27,19,85,93,62
1997,product-249482,2,97,44,20,33,39,85,93,62
1998,product-86567,2,97,51,20,28,39,85,93,62
1999,product-100385,2,97,58,7,22,60,85,93,62
2000,product-91908,2,97,47,2,23,24,85,93,62
