ID,Label,Horizontal_Distance_To_Hydrology,Elevation,Aspect,Slope
1,customer-269312,0,14,5,21
2,customer-269834,0,14,9,23
3,customer-271945,0,15,24,29
4,customer-269826,0,15,9,20
5,customer-270360,0,15,16,20
6,customer-270349,0,15,4,33
7,customer-272471,0,16,33,33
8,customer-274518,0,16,6,18
9,customer-273498,0,16,93,23
10,customer-269209,0,16,23,12
11,customer-270253,0,16,3,14
12,customer-272519,0,17,18,35
13,customer-272884,0,17,71,15
14,customer-271931,0,17,89,32
15,customer-273405,0,17,62,3
16,customer-273389,0,17,84,26
17,customer-268802,0,17,16,45
18,customer-268786,0,17,18,27
19,customer-270267,0,17,17,8
20,customer-272518,0,18,26,35
21,customer-272517,0,18,30,35
22,customer-273995,0,18,23,30
23,customer-273919,0,18,84,14
24,customer-273905,0,18,90,32
25,customer-274430,0,18,86,21
26,customer-274429,0,18,12,11
27,customer-274412,0,18,95,36
28,customer-274411,0,18,98,27
29,customer-273406,0,18,79,27
30,customer-269850,0,18,10,26
31,customer-278320,0,18,14,5
32,customer-272516,0,19,30,36
33,customer-272329,0,19,18,30
34,customer-273030,0,19,20,35
35,customer-270747,0,19,62,5
36,customer-270376,0,19,2,35
37,customer-270375,0,19,17,14
38,customer-278224,0,19,10,20
39,customer-278771,0,19,14,14
40,customer-277669,0,19,30,9
41,customer-271782,0,20,7,12
42,customer-273884,0,20,2,33
43,customer-269677,0,20,14,8
44,customer-269150,0,20,4,12
45,customer-270910,0,20,9,17
46,customer-270733,0,20,92,17
47,customer-271261,0,20,93,20
48,customer-270195,0,20,93,15
49,customer-277765,0,20,5,9
50,customer-272831,0,21,31,20
51,customer-272836,0,21,90,30
52,customer-271784,0,21,91,26
53,customer-272311,0,21,90,27
54,customer-272309,0,21,18,11
55,customer-274028,0,21,16,14
56,customer-273853,0,21,9,11
57,customer-274539,0,21,91,5
58,customer-273859,0,22,94,24
59,customer-274356,0,22,94,26
60,customer-274350,0,22,98,15
61,customer-273340,0,22,89,30
62,customer-273339,0,22,94,26
63,customer-269648,0,22,93,17
64,customer-269122,0,22,94,12
65,customer-270162,0,22,97,11
66,customer-277804,0,22,76,17
67,customer-268707,0,23,95,29
68,customer-268706,0,23,4,41
69,customer-269245,0,23,3,30
70,customer-270700,0,23,95,20
71,customer-271230,0,23,99,17
72,customer-270161,0,23,31,6
73,customer-277603,0,23,22,18
74,customer-269766,0,24,6,30
75,customer-268735,0,24,94,14
76,customer-269274,0,24,98,14
77,customer-270289,0,24,91,33
78,customer-270288,0,24,7,32
79,customer-270317,0,24,92,12
80,customer-278685,0,24,12,12
81,customer-278684,0,24,26,17
82,customer-272425,0,25,25,6
83,customer-271897,0,25,12,18
84,customer-271871,0,25,98,18
85,customer-273965,0,25,17,8
86,customer-317129,0,25,99,17
87,customer-317102,0,25,12,5
88,customer-317829,0,25,8,17
89,customer-270855,0,25,12,11
90,customer-270854,0,25,23,17
91,customer-270826,0,25,91,32
92,customer-270825,0,25,7,27
93,customer-271343,0,25,6,18
94,customer-278693,0,25,96,18
95,customer-315720,0,25,84,17
96,customer-277611,0,25,94,23
97,customer-278149,0,25,92,21
98,customer-278148,0,25,96,18
99,customer-272398,0,26,93,26
100,customer-272397,0,26,14,17
101,customer-272944,0,26,29,20
102,customer-272919,0,26,96,18
103,customer-273939,0,26,91,24
104,customer-273938,0,26,12,17
105,customer-317103,0,26,94,18
106,customer-317104,0,26,93,29
107,customer-273427,0,26,90,30
108,customer-273426,0,26,99,14
109,customer-317802,0,26,98,9
110,customer-317803,0,26,92,24
111,customer-317801,0,26,35,12
112,customer-317800,0,26,39,27
113,customer-317799,0,26,41,38
114,customer-319214,0,26,38,6
115,customer-269776,0,26,4,17
116,customer-319242,0,26,96,20
117,customer-319243,0,26,84,21
118,customer-268715,0,26,7,26
119,customer-269254,0,26,6,20
120,customer-318534,0,26,10,21
121,customer-318535,0,26,89,17
122,customer-318502,0,26,41,29
123,customer-318503,0,26,41,15
124,customer-270299,0,26,3,14
125,customer-272409,0,27,15,6
126,customer-272929,0,27,97,6
127,customer-272928,0,27,25,15
128,customer-274453,0,27,12,14
129,customer-269775,0,27,14,21
130,customer-270836,0,27,6,12
131,customer-271353,0,27,10,15
132,customer-270298,0,27,13,21
133,customer-278281,0,27,5,21
134,customer-277714,0,27,2,11
135,customer-273949,0,28,3,12
136,customer-273948,0,28,20,17
137,customer-274463,0,28,9,12
138,customer-273437,0,28,16,12
139,customer-278280,0,28,13,21
140,customer-278253,0,28,23,3
141,customer-278827,0,28,2,20
142,customer-278825,0,28,22,15
143,customer-278800,0,28,80,3
144,customer-315084,0,31,7,9
145,customer-317869,0,32,18,12
146,customer-317167,0,32,22,5
147,customer-385404,0,32,21,14
148,customer-319281,0,32,13,15
149,customer-384767,0,32,49,9
150,customer-384768,0,32,50,8
151,customer-318574,0,32,15,17
152,customer-76776,0,33,2,23
153,customer-385403,0,33,22,15
154,customer-52551,0,33,26,5
155,customer-52552,0,33,20,6
156,customer-386041,0,33,44,6
157,customer-386040,0,33,39,15
158,customer-19794,0,33,96,21
159,customer-19793,0,33,9,17
160,customer-19797,0,33,5,20
161,customer-19798,0,33,8,23
162,customer-19799,0,33,1,23
163,customer-19800,0,33,94,27
164,customer-19801,0,33,95,29
165,customer-42453,0,34,6,17
166,customer-42452,0,34,24,12
167,customer-387327,0,34,28,5
168,customer-387328,0,34,83,3
169,customer-387329,0,34,81,8
170,customer-388618,0,34,16,14
171,customer-76772,0,34,5,17
172,customer-76773,0,34,2,21
173,customer-387974,0,34,2,12
174,customer-387973,0,34,6,11
175,customer-387972,0,34,12,12
176,customer-76774,0,34,0,23
177,customer-76775,0,34,2,21
178,customer-386687,0,34,52,12
179,customer-386686,0,34,56,12
180,customer-386683,0,34,34,12
181,customer-386682,0,34,47,8
182,customer-386681,0,34,53,9
183,customer-386680,0,34,57,9
184,customer-386033,0,34,37,14
185,customer-386034,0,34,36,15
186,customer-386035,0,34,49,12
187,customer-386036,0,34,57,15
188,customer-20029,0,34,3,21
189,customer-388617,0,35,16,14
190,customer-388616,0,35,6,9
191,customer-388615,0,35,8,8
192,customer-388614,0,35,14,6
193,customer-388613,0,35,21,6
194,customer-16874,0,36,11,14
195,customer-16873,0,36,11,15
196,customer-16872,0,36,99,9
197,customer-17533,0,36,6,6
198,customer-391262,0,36,27,14
199,customer-17972,0,37,2,12
200,customer-17971,0,37,14,14
201,customer-17970,0,37,16,11
202,customer-16871,0,37,41,14
203,customer-16870,0,37,32,17
204,customer-16869,0,37,31,14
205,customer-17751,0,37,98,9
206,customer-17750,0,37,11,8
207,customer-17532,0,37,13,11
208,customer-17531,0,37,18,9
209,customer-17530,0,37,32,3
210,customer-391261,0,37,33,18
211,customer-391929,0,37,47,30
212,customer-391928,0,37,49,30
213,customer-81962,0,37,6,11
214,customer-126976,0,38,96,8
215,customer-82843,0,38,10,21
216,customer-82844,0,38,9,23
217,customer-126610,0,38,6,9
218,customer-17969,0,38,12,8
219,customer-82548,0,38,24,12
220,customer-82549,0,38,21,8
221,customer-127701,0,38,53,8
222,customer-127700,0,38,36,6
223,customer-128064,0,38,2,5
224,customer-127339,0,38,56,5
225,customer-31891,0,38,99,26
226,customer-31890,0,38,7,15
227,customer-17309,0,38,41,14
228,customer-17308,0,38,39,6
229,customer-17307,0,38,27,5
230,customer-125142,0,38,24,12
231,customer-16867,0,38,16,6
232,customer-16866,0,38,16,11
233,customer-17088,0,38,22,12
234,customer-17087,0,38,8,8
235,customer-125873,0,38,22,18
236,customer-126242,0,38,11,12
237,customer-126241,0,38,19,18
238,customer-17742,0,38,50,5
239,customer-17741,0,38,39,5
240,customer-17740,0,38,32,6
241,customer-17739,0,38,30,8
242,customer-125507,0,38,25,15
243,customer-17523,0,38,36,12
244,customer-17522,0,38,34,5
245,customer-17521,0,38,57,2
246,customer-129138,0,39,15,3
247,customer-82842,0,39,11,20
248,customer-82835,0,39,24,12
249,customer-82836,0,39,11,11
250,customer-82837,0,39,4,15
251,customer-82541,0,39,39,14
252,customer-82542,0,39,31,12
253,customer-82543,0,39,27,9
254,customer-82544,0,39,60,3
255,customer-82545,0,39,40,6
256,customer-82546,0,39,30,15
257,customer-72134,0,39,10,26
258,customer-17292,0,39,6,12
259,customer-17291,0,39,6,15
260,customer-17290,0,39,1,17
261,customer-17283,0,39,92,15
262,customer-17282,0,39,90,8
263,customer-17281,0,39,35,3
264,customer-17297,0,39,19,9
265,customer-17064,0,39,1,20
266,customer-17063,0,39,1,15
267,customer-17062,0,39,99,9
268,customer-17061,0,39,34,3
269,customer-17070,0,39,2,11
270,customer-17075,0,39,30,8
271,customer-17074,0,39,35,6
272,customer-17072,0,39,88,5
273,customer-17071,0,39,93,9
274,customer-17738,0,39,26,9
275,customer-17737,0,39,24,8
276,customer-17736,0,39,26,12
277,customer-17735,0,39,29,14
278,customer-17514,0,39,16,15
279,customer-17513,0,39,12,14
280,customer-32264,0,39,3,20
281,customer-32265,0,39,97,29
282,customer-17497,0,39,97,18
283,customer-17496,0,39,8,14
284,customer-131294,0,39,12,11
285,customer-131654,0,39,14,17
286,customer-130931,0,39,14,12
287,customer-18159,0,40,94,18
288,customer-18158,0,40,13,11
289,customer-82831,0,40,41,24
290,customer-82832,0,40,43,15
291,customer-82833,0,40,40,12
292,customer-82834,0,40,32,15
293,customer-17934,0,40,3,24
294,customer-17933,0,40,1,14
295,customer-17932,0,40,29,8
296,customer-72133,0,40,14,23
297,customer-17289,0,40,4,18
298,customer-17288,0,40,4,18
299,customer-17287,0,40,3,18
300,customer-17286,0,40,99,17
301,customer-17285,0,40,99,17
302,customer-17284,0,40,95,17
303,customer-83118,0,40,39,5
304,customer-83119,0,40,32,5
305,customer-83120,0,40,19,6
306,customer-17712,0,40,31,12
307,customer-17714,0,40,98,9
308,customer-17713,0,40,17,8
309,customer-17499,0,40,92,18
310,customer-17498,0,40,94,20
311,customer-17495,0,40,16,11
312,customer-17494,0,40,28,8
313,customer-17493,0,40,41,14
314,customer-82824,0,41,39,14
315,customer-82825,0,41,44,14
316,customer-18607,0,41,38,6
317,customer-18608,0,41,0,8
318,customer-18609,0,41,1,18
319,customer-82528,0,41,43,12
320,customer-82527,0,41,33,14
321,customer-18384,0,41,1,23
322,customer-18383,0,41,9,20
323,customer-83114,0,41,40,12
324,customer-81935,0,41,35,9
325,customer-17881,0,42,98,18
326,customer-31857,0,42,29,9
327,customer-31858,0,42,10,6
328,customer-31859,0,42,0,8
329,customer-17225,0,42,86,35
330,customer-17224,0,42,92,11
331,customer-17003,0,42,88,29
332,customer-17660,0,42,86,24
333,customer-32231,0,42,13,11
334,customer-17439,0,42,86,29
335,customer-19970,0,42,88,11
336,customer-19969,0,42,30,12
337,customer-19734,0,42,86,15
338,customer-19733,0,42,28,3
339,customer-201066,0,42,19,39
340,customer-18108,0,43,95,38
341,customer-18107,0,43,4,27
342,customer-17882,0,43,87,42
343,customer-42392,0,43,58,3
344,customer-18555,0,43,89,17
345,customer-18332,0,43,98,45
346,customer-18331,0,43,98,33
347,customer-18330,0,43,0,12
348,customer-385520,0,43,1,9
349,customer-17256,0,43,0,2
350,customer-17254,0,43,32,8
351,customer-17255,0,43,66,2
352,customer-384888,0,43,40,9
353,customer-17037,0,43,11,20
354,customer-17036,0,43,13,15
355,customer-17035,0,43,15,6
356,customer-17661,0,43,87,39
357,customer-32230,0,43,29,12
358,customer-17470,0,43,7,12
359,customer-17469,0,43,12,12
360,customer-32232,0,43,1,14
361,customer-201065,0,43,18,35
362,customer-50585,0,43,30,12
363,customer-50586,0,43,2,14
364,customer-50587,0,43,3,24
365,customer-76696,0,44,62,11
366,customer-387421,0,44,68,17
367,customer-51857,0,44,50,8
368,customer-318366,0,44,8,14
369,customer-387420,0,44,44,12
370,customer-387419,0,44,34,27
371,customer-18556,0,44,90,36
372,customer-317659,0,44,19,9
373,customer-317660,0,44,11,11
374,customer-388056,0,44,96,8
375,customer-388055,0,44,34,12
376,customer-388054,0,44,36,30
377,customer-385519,0,44,21,26
378,customer-384889,0,44,77,17
379,customer-386790,0,44,65,3
380,customer-386789,0,44,41,18
381,customer-386151,0,44,100,24
382,customer-386150,0,44,12,21
383,customer-52175,0,44,86,11
384,customer-391368,0,44,54,6
385,customer-391367,0,44,34,29
386,customer-390698,0,44,8,5
387,customer-390697,0,44,36,15
388,customer-76971,0,44,98,9
389,customer-76695,0,45,31,15
390,customer-318364,0,45,17,12
391,customer-318365,0,45,12,14
392,customer-42376,0,45,89,6
393,customer-42375,0,45,32,15
394,customer-126569,0,45,16,20
395,customer-51541,0,45,7,14
396,customer-51540,0,45,18,9
397,customer-125098,0,45,6,11
398,customer-125097,0,45,93,17
399,customer-52489,0,45,15,18
400,customer-52490,0,45,2,14
401,customer-52491,0,45,89,21
402,customer-125079,0,45,90,17
403,customer-125078,0,45,5,17
404,customer-125832,0,45,34,18
405,customer-126201,0,45,21,20
406,customer-319072,0,45,21,8
407,customer-319073,0,45,11,12
408,customer-125464,0,45,41,6
409,customer-20152,0,45,1,11
410,customer-20153,0,45,99,24
411,customer-20154,0,45,95,36
412,customer-76973,0,45,65,8
413,customer-76972,0,45,75,18
414,customer-19915,0,45,7,11
415,customer-19916,0,45,94,29
416,customer-19917,0,45,88,41
417,customer-50564,0,45,3,9
418,customer-126894,0,46,12,15
419,customer-126934,0,46,19,20
420,customer-272754,0,46,6,8
421,customer-126914,0,46,21,6
422,customer-271710,0,46,80,18
423,customer-272234,0,46,86,23
424,customer-51837,0,46,38,5
425,customer-51836,0,46,91,3
426,customer-126549,0,46,16,5
427,customer-126548,0,46,29,12
428,customer-126528,0,46,4,8
429,customer-127656,0,46,12,20
430,customer-127278,0,46,94,6
431,customer-127277,0,46,23,8
432,customer-127296,0,46,19,18
433,customer-127258,0,46,15,18
434,customer-127297,0,46,16,17
435,customer-127636,0,46,7,12
436,customer-127618,0,46,4,12
437,customer-317640,0,46,14,6
438,customer-317641,0,46,1,8
439,customer-51520,0,46,1,9
440,customer-269609,0,46,85,9
441,customer-52469,0,46,30,11
442,customer-269080,0,46,82,2
443,customer-125054,0,46,91,11
444,customer-125813,0,46,9,15
445,customer-126160,0,46,5,9
446,customer-126161,0,46,73,9
447,customer-126182,0,46,8,8
448,customer-126181,0,46,24,11
449,customer-271189,0,46,79,15
450,customer-125446,0,46,8,17
451,customer-125422,0,46,4,9
452,customer-125790,0,46,75,6
453,customer-125789,0,46,14,12
454,customer-474839,0,46,90,20
455,customer-52153,0,46,14,14
456,customer-52154,0,46,11,8
457,customer-475249,0,46,89,24
458,customer-315564,0,46,97,8
459,customer-315563,0,46,12,5
460,customer-272757,0,47,88,26
461,customer-318346,0,47,4,6
462,customer-318347,0,47,1,9
463,customer-318345,0,47,16,5
464,customer-318344,0,47,33,6
465,customer-127655,0,47,11,12
466,customer-128018,0,47,6,9
467,customer-128017,0,47,6,6
468,customer-127998,0,47,9,11
469,customer-127981,0,47,7,9
470,customer-273262,0,47,89,26
471,customer-273258,0,47,3,6
472,customer-127617,0,47,15,20
473,customer-476486,0,47,12,14
474,customer-476068,0,47,23,17
475,customer-476069,0,47,90,11
476,customer-476070,0,47,87,24
477,customer-476908,0,47,1,14
478,customer-319055,0,47,14,5
479,customer-319056,0,47,2,6
480,customer-475661,0,47,92,15
481,customer-475662,0,47,88,29
482,customer-274277,0,48,89,24
483,customer-273781,0,48,88,24
484,customer-68213,0,48,90,8
485,customer-273263,0,48,88,26
486,customer-68212,0,48,21,5
487,customer-17181,0,48,30,8
488,customer-17180,0,48,22,6
489,customer-17179,0,48,26,12
490,customer-17182,0,48,50,2
491,customer-17183,0,48,84,6
492,customer-17184,0,48,8,11
493,customer-17185,0,48,6,12
494,customer-17187,0,48,97,18
495,customer-17186,0,48,96,14
496,customer-16967,0,48,97,17
497,customer-16966,0,48,99,9
498,customer-16965,0,48,24,6
499,customer-67906,0,48,2,15
500,customer-67905,0,48,99,8
501,customer-67904,0,48,70,5
502,customer-17618,0,48,4,20
503,customer-17616,0,48,98,11
504,customer-17397,0,48,96,12
505,customer-17396,0,48,11,12
506,customer-278582,0,48,14,9
507,customer-131209,0,48,22,14
508,customer-131222,0,48,88,9
509,customer-131221,0,48,19,6
510,customer-457554,0,48,5,2
511,customer-131571,0,48,12,9
512,customer-131583,0,48,0,9
513,customer-131582,0,48,21,12
514,customer-130853,0,48,22,15
515,customer-130852,0,48,23,17
516,customer-31365,0,48,14,6
517,customer-130866,0,48,88,17
518,customer-130865,0,48,98,8
519,customer-278045,0,48,28,8
520,customer-18063,0,49,0,18
521,customer-18062,0,49,97,12
522,customer-82761,0,49,16,11
523,customer-17836,0,49,6,18
524,customer-32119,0,49,78,26
525,customer-17837,0,49,99,20
526,customer-18286,0,49,88,12
527,customer-18287,0,49,91,18
528,customer-465795,0,49,14,23
529,customer-465499,0,49,11,17
530,customer-158001,0,49,2,15
531,customer-68214,0,49,88,15
532,customer-18735,0,49,78,6
533,customer-18736,0,49,88,17
534,customer-464959,0,49,22,15
535,customer-31800,0,49,12,5
536,customer-18512,0,49,88,20
537,customer-18511,0,49,95,8
538,customer-17178,0,49,28,18
539,customer-17174,0,49,5,15
540,customer-17173,0,49,5,15
541,customer-17172,0,49,7,14
542,customer-17171,0,49,16,8
543,customer-183643,0,49,14,21
544,customer-183644,0,49,16,23
545,customer-125401,0,49,2,9
546,customer-125400,0,49,16,11
547,customer-16956,0,49,17,18
548,customer-16955,0,49,11,14
549,customer-16954,0,49,98,8
550,customer-16953,0,49,12,3
551,customer-16952,0,49,29,6
552,customer-125037,0,49,8,21
553,customer-125036,0,49,8,18
554,customer-125035,0,49,9,12
555,customer-125402,0,49,92,14
556,customer-17617,0,49,98,15
557,customer-32176,0,49,98,15
558,customer-126136,0,49,2,15
559,customer-32175,0,49,3,11
560,customer-83051,0,49,25,8
561,customer-125403,0,49,99,17
562,customer-17385,0,49,8,9
563,customer-125766,0,49,1,11
564,customer-125767,0,49,6,14
565,customer-278581,0,49,24,14
566,customer-457915,0,49,0,0
567,customer-457916,0,49,62,14
568,customer-458262,0,49,12,2
569,customer-279122,0,49,24,12
570,customer-279123,0,49,14,11
571,customer-131570,0,49,26,20
572,customer-156986,0,49,3,6
573,customer-459251,0,49,12,11
574,customer-459577,0,49,0,3
575,customer-278044,0,49,31,14
576,customer-50539,0,49,5,15
577,customer-458594,0,49,79,5
578,customer-458595,0,49,60,15
579,customer-126864,0,50,34,5
580,customer-158501,0,50,2,15
581,customer-126865,0,50,90,3
582,customer-126739,0,50,21,14
583,customer-183911,0,50,14,24
584,customer-158253,0,50,3,15
585,customer-468388,0,50,45,5
586,customer-127100,0,50,14,14
587,customer-158254,0,50,2,15
588,customer-158746,0,50,3,11
589,customer-158745,0,50,8,11
590,customer-126371,0,50,92,5
591,customer-17824,0,50,9,17
592,customer-17823,0,50,11,17
593,customer-126370,0,50,25,15
594,customer-126498,0,50,24,8
595,customer-126499,0,50,6,8
596,customer-464691,0,50,18,20
597,customer-127821,0,50,27,15
598,customer-464961,0,50,73,11
599,customer-127948,0,50,19,11
600,customer-467756,0,50,92,9
601,customer-127227,0,50,25,3
602,customer-127226,0,50,16,5
603,customer-468074,0,50,18,15
604,customer-127586,0,50,29,6
605,customer-51496,0,50,8,23
606,customer-466765,0,50,12,11
607,customer-466438,0,50,15,15
608,customer-127462,0,50,17,11
609,customer-467100,0,50,1,6
610,customer-17170,0,50,27,8
611,customer-125266,0,50,25,20
612,customer-183642,0,50,13,21
613,customer-125009,0,50,20,11
614,customer-125010,0,50,91,5
615,customer-124899,0,50,18,6
616,customer-124898,0,50,22,18
617,customer-183641,0,50,14,24
618,customer-269046,0,50,5,8
619,customer-126005,0,50,4,12
620,customer-126004,0,50,20,20
621,customer-17605,0,50,9,8
622,customer-17604,0,50,18,9
623,customer-17603,0,50,20,11
624,customer-158989,0,50,12,9
625,customer-42330,0,50,88,8
626,customer-42329,0,50,24,8
627,customer-126135,0,50,2,20
628,customer-126134,0,50,2,18
629,customer-126133,0,50,3,11
630,customer-126132,0,50,19,8
631,customer-271104,0,50,81,11
632,customer-271103,0,50,37,12
633,customer-83050,0,50,18,18
634,customer-125634,0,50,21,21
635,customer-270041,0,50,44,3
636,customer-17384,0,50,16,8
637,customer-17383,0,50,24,9
638,customer-270575,0,50,62,5
639,customer-81873,0,50,47,6
640,customer-81872,0,50,24,8
641,customer-391828,0,50,28,14
642,customer-391827,0,50,24,12
643,customer-20112,0,50,91,15
644,customer-20111,0,50,88,5
645,customer-50540,0,50,2,15
646,customer-391151,0,50,28,11
647,customer-391150,0,50,28,9
648,customer-391149,0,50,28,9
649,customer-126847,0,51,5,18
650,customer-126846,0,51,9,11
651,customer-469016,0,51,98,23
652,customer-469017,0,51,99,21
653,customer-126716,0,51,0,8
654,customer-18048,0,51,10,21
655,customer-18047,0,51,1,15
656,customer-469335,0,51,6,32
657,customer-469336,0,51,97,29
658,customer-469337,0,51,0,29
659,customer-469346,0,51,9,8
660,customer-18046,0,51,4,11
661,customer-127077,0,51,92,5
662,customer-18045,0,51,24,12
663,customer-471182,0,51,5,21
664,customer-470791,0,51,6,29
665,customer-17822,0,51,16,21
666,customer-17821,0,51,16,17
667,customer-183905,0,51,50,0
668,customer-183904,0,51,44,8
669,customer-183906,0,51,92,6
670,customer-126479,0,51,14,9
671,customer-271679,0,51,10,8
672,customer-183909,0,51,10,23
673,customer-271678,0,51,15,6
674,customer-51811,0,51,10,20
675,customer-469688,0,51,11,29
676,customer-470034,0,51,13,27
677,customer-470402,0,51,11,20
678,customer-318302,0,51,15,9
679,customer-183910,0,51,13,24
680,customer-127799,0,51,87,9
681,customer-184160,0,51,28,12
682,customer-42614,0,51,0,2
683,customer-184164,0,51,92,5
684,customer-184163,0,51,17,3
685,customer-184162,0,51,25,8
686,customer-127207,0,51,34,6
687,customer-127567,0,51,99,9
688,customer-51495,0,51,10,24
689,customer-317596,0,51,96,5
690,customer-317595,0,51,24,9
691,customer-127461,0,51,22,15
692,customer-127439,0,51,88,5
693,customer-125241,0,51,61,9
694,customer-125255,0,51,97,26
695,customer-125254,0,51,3,18
696,customer-125253,0,51,11,8
697,customer-125252,0,51,34,11
698,customer-125250,0,51,47,23
699,customer-125251,0,51,43,15
700,customer-159471,0,51,16,12
701,customer-159470,0,51,19,12
702,customer-42237,0,51,96,9
703,customer-125377,0,51,12,15
704,customer-269583,0,51,98,8
705,customer-269582,0,51,7,8
706,customer-269581,0,51,16,8
707,customer-159935,0,51,11,8
708,customer-159936,0,51,11,9
709,customer-183637,0,51,4,11
710,customer-159702,0,51,15,9
711,customer-183639,0,51,11,20
712,customer-183638,0,51,8,17
713,customer-183636,0,51,11,5
714,customer-473879,0,51,12,3
715,customer-125984,0,51,2,12
716,customer-126114,0,51,31,11
717,customer-126113,0,51,39,11
718,customer-125983,0,51,88,11
719,customer-125982,0,51,78,6
720,customer-270631,0,51,9,11
721,customer-125981,0,51,28,3
722,customer-472332,0,51,4,23
723,customer-472333,0,51,99,11
724,customer-126348,0,51,88,17
725,customer-126347,0,51,6,9
726,customer-471943,0,51,13,20
727,customer-472710,0,51,3,11
728,customer-271161,0,51,7,8
729,customer-271160,0,51,14,8
730,customer-319013,0,51,29,14
731,customer-125611,0,51,51,15
732,customer-270097,0,51,6,12
733,customer-125613,0,51,51,14
734,customer-125614,0,51,42,11
735,customer-270096,0,51,14,12
736,customer-125617,0,51,79,5
737,customer-125616,0,51,42,6
738,customer-125615,0,51,38,11
739,customer-125610,0,51,53,8
740,customer-125608,0,51,0,3
741,customer-125609,0,51,53,2
742,customer-159231,0,51,13,9
743,customer-159230,0,51,17,14
744,customer-270574,0,51,36,15
745,customer-125744,0,51,16,12
746,customer-125743,0,51,21,15
747,customer-131387,0,51,81,9
748,customer-131386,0,51,21,12
749,customer-457541,0,51,13,21
750,customer-156966,0,51,11,20
751,customer-130820,0,51,0,5
752,customer-130819,0,51,21,8
753,customer-277529,0,51,91,21
754,customer-391145,0,51,14,6
755,customer-391144,0,51,12,6
756,customer-391143,0,51,14,8
757,customer-391146,0,51,19,8
758,customer-391148,0,51,26,12
759,customer-50522,0,51,16,18
760,customer-50523,0,51,5,12
761,customer-391147,0,51,23,9
762,customer-315520,0,51,34,14
763,customer-126845,0,52,26,14
764,customer-469676,0,52,13,27
765,customer-18270,0,52,8,8
766,customer-18269,0,52,23,17
767,customer-18268,0,52,22,15
768,customer-18267,0,52,16,6
769,customer-18266,0,52,12,3
770,customer-18265,0,52,18,9
771,customer-272722,0,52,9,5
772,customer-471558,0,52,4,21
773,customer-51794,0,52,19,8
774,customer-272201,0,52,7,6
775,customer-272200,0,52,18,6
776,customer-470020,0,52,16,23
777,customer-470021,0,52,3,26
778,customer-469677,0,52,5,29
779,customer-318301,0,52,24,20
780,customer-184159,0,52,29,15
781,customer-184158,0,52,29,21
782,customer-51386,0,52,84,23
783,customer-127928,0,52,8,12
784,customer-127927,0,52,9,2
785,customer-127925,0,52,42,20
786,customer-127924,0,52,42,23
787,customer-127566,0,52,21,14
788,customer-51478,0,52,32,11
789,customer-51479,0,52,32,6
790,customer-125236,0,52,35,12
791,customer-125235,0,52,42,12
792,customer-125234,0,52,36,21
793,customer-52428,0,52,78,8
794,customer-52429,0,52,78,17
795,customer-473478,0,52,14,8
796,customer-125963,0,52,35,11
797,customer-125962,0,52,32,20
798,customer-183898,0,52,31,20
799,customer-183897,0,52,29,15
800,customer-126328,0,52,19,12
801,customer-126327,0,52,28,18
802,customer-473092,0,52,3,11
803,customer-474668,0,52,17,20
804,customer-52112,0,52,97,6
805,customer-125597,0,52,39,18
806,customer-131414,0,52,5,12
807,customer-131388,0,52,75,21
808,customer-278610,0,52,96,21
809,customer-131415,0,52,81,23
810,customer-131176,0,52,11,14
811,customer-131747,0,52,78,17
812,customer-184690,0,52,5,8
813,customer-156964,0,52,18,17
814,customer-184691,0,52,3,14
815,customer-279154,0,52,95,21
816,customer-184692,0,52,4,20
817,customer-131774,0,52,86,14
818,customer-156927,0,52,6,12
819,customer-131536,0,52,28,6
820,customer-131537,0,52,5,8
821,customer-156965,0,52,16,20
822,customer-131175,0,52,14,12
823,customer-130696,0,52,99,5
824,customer-130695,0,52,14,12
825,customer-130668,0,52,78,15
826,customer-130667,0,52,51,6
827,customer-157177,0,52,16,14
828,customer-130666,0,52,37,17
829,customer-157178,0,52,1,12
830,customer-157214,0,52,11,9
831,customer-157215,0,52,13,12
832,customer-278070,0,52,93,17
833,customer-278069,0,52,95,20
834,customer-131053,0,52,30,3
835,customer-18264,0,53,17,15
836,customer-18263,0,53,12,17
837,customer-18262,0,53,5,14
838,customer-471163,0,53,89,23
839,customer-470775,0,53,93,14
840,customer-271533,0,53,5,5
841,customer-271532,0,53,18,6
842,customer-126692,0,53,31,23
843,customer-126693,0,53,29,17
844,customer-18037,0,53,21,5
845,customer-18036,0,53,16,6
846,customer-18035,0,53,18,15
847,customer-18034,0,53,12,15
848,customer-18033,0,53,5,15
849,customer-126695,0,53,19,9
850,customer-126694,0,53,25,3
851,customer-18031,0,53,4,15
852,customer-470387,0,53,10,11
853,customer-470388,0,53,4,23
854,customer-272055,0,53,11,6
855,customer-272054,0,53,19,8
856,customer-157979,0,53,8,20
857,customer-184150,0,53,24,6
858,customer-157980,0,53,5,23
859,customer-157942,0,53,9,18
860,customer-157943,0,53,0,15
861,customer-158191,0,53,8,17
862,customer-269434,0,53,21,6
863,customer-269436,0,53,9,5
864,customer-269435,0,53,16,5
865,customer-72299,0,53,11,8
866,customer-72300,0,53,22,11
867,customer-72301,0,53,29,8
868,customer-72302,0,53,32,8
869,customer-72298,0,53,12,15
870,customer-268897,0,53,16,5
871,customer-183890,0,53,18,2
872,customer-183889,0,53,15,9
873,customer-474510,0,53,35,20
874,customer-126326,0,53,36,15
875,customer-271014,0,53,14,6
876,customer-271013,0,53,18,5
877,customer-72219,0,53,22,6
878,customer-72220,0,53,94,5
879,customer-475332,0,53,23,11
880,customer-269949,0,53,17,6
881,customer-474919,0,53,30,11
882,customer-474920,0,53,29,12
883,customer-474921,0,53,28,15
884,customer-270482,0,53,14,5
885,customer-270481,0,53,18,6
886,customer-131506,0,53,4,15
887,customer-72001,0,53,26,8
888,customer-130789,0,53,85,14
889,customer-130788,0,53,94,5
890,customer-131144,0,53,17,9
891,customer-158477,0,54,99,14
892,customer-272577,0,54,16,5
893,customer-158476,0,54,0,9
894,customer-51756,0,54,76,12
895,customer-51755,0,54,12,9
896,customer-18252,0,54,10,11
897,customer-18251,0,54,12,6
898,customer-18250,0,54,27,3
899,customer-18249,0,54,33,8
900,customer-127050,0,54,34,20
901,customer-158439,0,54,6,15
902,customer-127049,0,54,32,23
903,customer-127051,0,54,35,11
904,customer-126690,0,54,36,23
905,customer-126691,0,54,34,18
906,customer-18032,0,54,0,17
907,customer-18030,0,54,12,18
908,customer-18029,0,54,12,14
909,customer-18028,0,54,12,8
910,customer-18027,0,54,20,11
911,customer-158683,0,54,2,20
912,customer-184145,0,54,20,8
913,customer-388465,0,54,42,6
914,customer-388464,0,54,38,12
915,customer-51439,0,54,50,0
916,customer-184144,0,54,21,5
917,customer-76818,0,54,40,15
918,customer-274108,0,54,18,15
919,customer-202292,0,54,9,6
920,customer-127410,0,54,25,9
921,customer-273091,0,54,5,3
922,customer-273090,0,54,22,6
923,customer-158229,0,54,5,14
924,customer-158230,0,54,5,18
925,customer-273604,0,54,14,8
926,customer-273603,0,54,21,15
927,customer-18475,0,54,8,11
928,customer-184143,0,54,23,8
929,customer-184142,0,54,24,11
930,customer-269425,0,54,23,12
931,customer-269424,0,54,22,9
932,customer-269423,0,54,22,8
933,customer-269421,0,54,26,11
934,customer-269422,0,54,25,6
935,customer-52391,0,54,98,8
936,customer-124964,0,54,28,9
937,customer-268886,0,54,29,14
938,customer-268887,0,54,27,12
939,customer-76542,0,54,41,15
940,customer-76543,0,54,40,11
941,customer-76615,0,54,97,14
942,customer-76616,0,54,9,17
943,customer-183888,0,54,12,9
944,customer-183885,0,54,20,8
945,customer-183884,0,54,23,9
946,customer-52074,0,54,92,12
947,customer-158927,0,54,99,24
948,customer-475331,0,54,23,15
949,customer-475330,0,54,24,18
950,customer-475743,0,54,20,18
951,customer-475742,0,54,21,20
952,customer-50481,0,54,99,14
953,customer-279083,0,54,45,17
954,customer-131505,0,54,14,17
955,customer-72000,0,54,22,14
956,customer-126799,0,55,11,20
957,customer-387823,0,55,29,17
958,customer-202818,0,55,24,11
959,customer-202819,0,55,15,8
960,customer-127048,0,55,35,24
961,customer-158421,0,55,93,8
962,customer-158422,0,55,90,12
963,customer-126432,0,55,3,15
964,customer-126431,0,55,11,18
965,customer-158664,0,55,8,12
966,customer-158665,0,55,92,12
967,customer-203090,0,55,16,9
968,customer-388462,0,55,26,26
969,customer-388463,0,55,30,30
970,customer-127768,0,55,26,8
971,customer-127767,0,55,44,9
972,customer-127766,0,55,41,15
973,customer-127765,0,55,42,15
974,customer-128126,0,55,16,9
975,customer-128125,0,55,22,12
976,customer-128124,0,55,31,8
977,customer-128123,0,55,52,8
978,customer-127884,0,55,94,12
979,customer-18699,0,55,7,23
980,customer-18698,0,55,10,17
981,customer-18697,0,55,18,11
982,customer-157926,0,55,96,14
983,customer-157927,0,55,94,18
984,customer-202291,0,55,24,12
985,customer-127409,0,55,35,18
986,customer-202555,0,55,18,9
987,customer-127408,0,55,39,20
988,customer-127161,0,55,21,12
989,customer-158174,0,55,94,11
990,customer-158175,0,55,92,15
991,customer-18474,0,55,16,15
992,customer-42532,0,55,14,29
993,customer-202554,0,55,24,9
994,customer-127522,0,55,96,8
995,customer-127521,0,55,18,6
996,customer-125331,0,55,17,8
997,customer-125330,0,55,32,14
998,customer-159640,0,55,97,12
999,customer-476567,0,55,21,21
1000,customer-159641,0,55,92,17
1001,customer-476290,0,55,0,5
1002,customer-476291,0,55,93,9
1003,customer-159409,0,55,96,20
1004,customer-159410,0,55,94,26
1005,customer-475874,0,55,18,5
1006,customer-476149,0,55,22,24
1007,customer-476150,0,55,20,23
1008,customer-159874,0,55,92,9
1009,customer-124963,0,55,33,15
1010,customer-268882,0,55,39,15
1011,customer-268881,0,55,38,15
1012,customer-268880,0,55,36,11
1013,customer-268879,0,55,34,6
1014,customer-268878,0,55,29,6
1015,customer-268877,0,55,27,8
1016,customer-42155,0,55,11,14
1017,customer-42154,0,55,18,21
1018,customer-268876,0,55,27,6
1019,customer-476719,0,55,85,9
1020,customer-319469,0,55,25,24
1021,customer-476718,0,55,97,12
1022,customer-319468,0,55,24,33
1023,customer-126067,0,55,23,3
1024,customer-126066,0,55,34,8
1025,customer-159169,0,55,96,24
1026,customer-203355,0,55,6,9
1027,customer-203354,0,55,17,9
1028,customer-475462,0,55,19,3
1029,customer-475463,0,55,35,6
1030,customer-475741,0,55,22,23
1031,customer-203627,0,55,8,9
1032,customer-318765,0,55,29,32
1033,customer-125696,0,55,39,15
1034,customer-125697,0,55,36,6
1035,customer-475052,0,55,61,8
1036,customer-475051,0,55,95,2
1037,customer-184671,0,55,23,11
1038,customer-184670,0,55,26,17
1039,customer-184669,0,55,27,18
1040,customer-387822,0,56,22,11
1041,customer-387821,0,56,23,20
1042,customer-387820,0,56,23,21
1043,customer-387176,0,56,24,20
1044,customer-72198,0,56,40,20
1045,customer-72197,0,56,30,20
1046,customer-42531,0,56,14,35
1047,customer-42530,0,56,16,36
1048,customer-385556,0,56,86,20
1049,customer-385555,0,56,91,23
1050,customer-72276,0,56,19,8
1051,customer-476565,0,56,30,15
1052,customer-476566,0,56,25,18
1053,customer-476286,0,56,19,27
1054,customer-203895,0,56,15,11
1055,customer-203896,0,56,1,9
1056,customer-384923,0,56,79,18
1057,customer-384922,0,56,89,14
1058,customer-476985,0,56,35,6
1059,customer-476986,0,56,38,3
1060,customer-476987,0,56,22,11
1061,customer-268875,0,56,25,5
1062,customer-204169,0,56,20,15
1063,customer-204170,0,56,12,9
1064,customer-319467,0,56,23,42
1065,customer-159149,0,56,5,17
1066,customer-159150,0,56,2,18
1067,customer-158908,0,56,4,18
1068,customer-159389,0,56,0,12
1069,customer-159390,0,56,1,15
1070,customer-318764,0,56,27,41
1071,customer-464451,0,56,75,14
1072,customer-278426,0,56,21,8
1073,customer-278969,0,56,18,5
1074,customer-20074,0,56,3,11
1075,customer-20073,0,56,9,6
1076,customer-71979,0,56,23,9
1077,customer-387175,0,57,23,18
1078,customer-387174,0,57,22,17
1079,customer-72194,0,57,15,23
1080,customer-72195,0,57,19,23
1081,customer-72196,0,57,23,24
1082,customer-317482,0,57,11,12
1083,customer-464725,0,57,76,23
1084,customer-464726,0,57,75,27
1085,customer-464994,0,57,78,27
1086,customer-184077,0,57,18,6
1087,customer-184078,0,57,96,6
1088,customer-184079,0,57,86,12
1089,customer-184094,0,57,97,8
1090,customer-159620,0,57,99,9
1091,customer-159621,0,57,96,12
1092,customer-385557,0,57,80,11
1093,customer-125311,0,57,6,9
1094,customer-125310,0,57,24,15
1095,customer-385562,0,57,67,15
1096,customer-385561,0,57,70,8
1097,customer-385560,0,57,70,8
1098,customer-385559,0,57,66,14
1099,customer-476005,0,57,96,15
1100,customer-159854,0,57,98,12
1101,customer-319529,0,57,1,12
1102,customer-124943,0,57,12,9
1103,customer-476710,0,57,11,24
1104,customer-476711,0,57,11,26
1105,customer-386526,0,57,21,17
1106,customer-386525,0,57,20,14
1107,customer-386524,0,57,19,15
1108,customer-473228,0,57,16,3
1109,customer-464454,0,57,73,29
1110,customer-386190,0,57,83,15
1111,customer-386189,0,57,0,11
1112,customer-386188,0,57,0,18
1113,customer-318823,0,57,89,14
1114,customer-183833,0,57,92,6
1115,customer-318822,0,57,8,8
1116,customer-183817,0,57,0,2
1117,customer-183816,0,57,29,3
1118,customer-183818,0,57,82,8
1119,customer-464453,0,57,73,24
1120,customer-464452,0,57,74,18
1121,customer-315319,0,57,89,18
1122,customer-131471,0,57,18,17
1123,customer-157035,0,57,5,3
1124,customer-42906,0,57,12,39
1125,customer-184624,0,57,13,12
1126,customer-42905,0,57,14,38
1127,customer-130755,0,57,96,5
1128,customer-130754,0,57,1,6
1129,customer-131110,0,57,31,6
1130,customer-131109,0,57,17,12
1131,customer-458837,0,57,18,14
1132,customer-158541,0,58,0,5
1133,customer-158540,0,58,1,6
1134,customer-126781,0,58,99,18
1135,customer-126780,0,58,12,21
1136,customer-158295,0,58,97,8
1137,customer-158294,0,58,6,9
1138,customer-184070,0,58,23,18
1139,customer-126412,0,58,11,11
1140,customer-158786,0,58,2,3
1141,customer-465537,0,58,79,32
1142,customer-465262,0,58,80,27
1143,customer-465263,0,58,78,32
1144,customer-184074,0,58,27,9
1145,customer-184071,0,58,21,9
1146,customer-184072,0,58,22,8
1147,customer-184073,0,58,25,8
1148,customer-158043,0,58,95,8
1149,customer-158036,0,58,12,8
1150,customer-476423,0,58,92,14
1151,customer-385563,0,58,65,15
1152,customer-476975,0,58,24,30
1153,customer-477131,0,58,96,12
1154,customer-477132,0,58,0,14
1155,customer-385247,0,58,23,21
1156,customer-268920,0,58,2,38
1157,customer-319466,0,58,22,48
1158,customer-474099,0,58,84,8
1159,customer-474100,0,58,73,3
1160,customer-126046,0,58,32,20
1161,customer-126047,0,58,15,8
1162,customer-474487,0,58,95,5
1163,customer-386522,0,58,20,17
1164,customer-386523,0,58,20,20
1165,customer-159036,0,58,5,3
1166,customer-159035,0,58,14,8
1167,customer-385880,0,58,20,17
1168,customer-385879,0,58,19,18
1169,customer-385878,0,58,19,26
1170,customer-386194,0,58,85,15
1171,customer-159278,0,58,6,5
1172,customer-159279,0,58,86,6
1173,customer-386198,0,58,64,14
1174,customer-386197,0,58,64,12
1175,customer-125677,0,58,14,9
1176,customer-386196,0,58,69,11
1177,customer-386195,0,58,83,8
1178,customer-125676,0,58,29,20
1179,customer-131340,0,58,21,9
1180,customer-131339,0,58,25,17
1181,customer-131470,0,58,15,12
1182,customer-184607,0,58,5,9
1183,customer-184608,0,58,96,11
1184,customer-157030,0,58,0,2
1185,customer-157029,0,58,25,5
1186,customer-458306,0,58,51,14
1187,customer-458307,0,58,66,20
1188,customer-184609,0,58,93,14
1189,customer-131829,0,58,5,23
1190,customer-157020,0,58,5,2
1191,customer-157021,0,58,55,2
1192,customer-459290,0,58,34,11
1193,customer-459615,0,58,33,11
1194,customer-458636,0,58,51,11
1195,customer-130981,0,58,35,23
1196,customer-130980,0,58,40,21
1197,customer-130979,0,58,42,21
1198,customer-469060,0,59,54,21
1199,customer-469061,0,59,57,24
1200,customer-469062,0,59,59,24
1201,customer-469063,0,59,61,23
1202,customer-469387,0,59,64,18
1203,customer-469388,0,59,62,18
1204,customer-469389,0,59,64,18
1205,customer-158391,0,59,11,6
1206,customer-158392,0,59,1,8
1207,customer-184068,0,59,26,14
1208,customer-468429,0,59,56,26
1209,customer-31967,0,59,20,14
1210,customer-468428,0,59,55,24
1211,customer-184069,0,59,24,21
1212,customer-468739,0,59,55,23
1213,customer-158879,0,59,3,17
1214,customer-158880,0,59,98,21
1215,customer-158635,0,59,2,14
1216,customer-465538,0,59,78,35
1217,customer-465841,0,59,78,33
1218,customer-127862,0,59,12,23
1219,customer-158144,0,59,7,6
1220,customer-158145,0,59,91,9
1221,customer-127141,0,59,10,18
1222,customer-468113,0,59,54,27
1223,customer-127502,0,59,4,17
1224,customer-127501,0,59,15,23
1225,customer-476553,0,59,21,26
1226,customer-32343,0,59,15,26
1227,customer-32344,0,59,21,17
1228,customer-269459,0,59,2,33
1229,customer-476135,0,59,21,21
1230,customer-476134,0,59,18,21
1231,customer-476974,0,59,22,29
1232,customer-385246,0,59,22,21
1233,customer-319464,0,59,23,38
1234,customer-319465,0,59,21,42
1235,customer-386841,0,59,76,18
1236,customer-386840,0,59,75,21
1237,customer-475724,0,59,16,17
1238,customer-474898,0,59,12,6
1239,customer-475311,0,59,15,11
1240,customer-386200,0,59,71,23
1241,customer-386199,0,59,69,20
1242,customer-457961,0,59,63,20
1243,customer-131338,0,59,29,15
1244,customer-201020,0,59,22,8
1245,customer-201021,0,59,18,5
1246,customer-201022,0,59,15,3
1247,customer-131337,0,59,30,18
1248,customer-131696,0,59,17,15
1249,customer-131695,0,59,27,11
1250,customer-200778,0,59,19,3
1251,customer-200779,0,59,15,3
1252,customer-131694,0,59,44,12
1253,customer-457602,0,59,62,20
1254,customer-201261,0,59,25,11
1255,customer-201262,0,59,21,6
1256,customer-469070,0,60,59,15
1257,customer-469069,0,60,59,17
1258,customer-469068,0,60,59,18
1259,customer-387477,0,60,79,5
1260,customer-387476,0,60,83,6
1261,customer-387475,0,60,79,11
1262,customer-469390,0,60,64,15
1263,customer-469391,0,60,64,15
1264,customer-469392,0,60,63,14
1265,customer-31966,0,60,18,30
1266,customer-387381,0,60,10,11
1267,customer-387380,0,60,9,15
1268,customer-387379,0,60,6,18
1269,customer-466157,0,60,75,33
1270,customer-465842,0,60,77,35
1271,customer-202256,0,60,18,24
1272,customer-202257,0,60,17,18
1273,customer-467796,0,60,55,29
1274,customer-467797,0,60,55,30
1275,customer-388026,0,60,8,18
1276,customer-388027,0,60,2,15
1277,customer-468114,0,60,55,27
1278,customer-466481,0,60,72,30
1279,customer-466482,0,60,70,29
1280,customer-466809,0,60,67,27
1281,customer-466810,0,60,64,29
1282,customer-467473,0,60,58,27
1283,customer-467474,0,60,56,29
1284,customer-467475,0,60,56,32
1285,customer-467144,0,60,60,29
1286,customer-388114,0,60,61,6
1287,customer-467143,0,60,62,27
1288,customer-388113,0,60,58,3
1289,customer-159593,0,60,91,11
1290,customer-385442,0,60,49,8
1291,customer-385441,0,60,34,8
1292,customer-159589,0,60,24,9
1293,customer-159590,0,60,18,3
1294,customer-384807,0,60,43,8
1295,customer-160053,0,60,9,9
1296,customer-384806,0,60,34,8
1297,customer-384805,0,60,27,9
1298,customer-159822,0,60,12,12
1299,customer-384955,0,60,77,15
1300,customer-159825,0,60,96,6
1301,customer-159826,0,60,86,9
1302,customer-159821,0,60,13,12
1303,customer-386726,0,60,10,6
1304,customer-386725,0,60,6,9
1305,customer-386844,0,60,81,14
1306,customer-386843,0,60,83,14
1307,customer-386842,0,60,80,15
1308,customer-159118,0,60,18,11
1309,customer-159119,0,60,5,11
1310,customer-159120,0,60,97,17
1311,customer-159360,0,60,97,11
1312,customer-386078,0,60,51,5
1313,customer-159357,0,60,39,8
1314,customer-159358,0,60,29,5
1315,customer-386077,0,60,25,3
1316,customer-269973,0,60,2,29
1317,customer-270507,0,60,3,27
1318,customer-390680,0,60,14,30
1319,customer-390679,0,60,14,24
1320,customer-315471,0,60,11,23
1321,customer-387478,0,61,67,8
1322,customer-32026,0,61,51,14
1323,customer-32027,0,61,64,14
1324,customer-468440,0,61,54,27
1325,customer-468441,0,61,53,26
1326,customer-468442,0,61,51,26
1327,customer-468749,0,61,56,21
1328,customer-468750,0,61,56,20
1329,customer-271560,0,61,5,21
1330,customer-272082,0,61,4,20
1331,customer-464872,0,61,93,23
1332,customer-464873,0,61,92,23
1333,customer-202253,0,61,20,27
1334,customer-464605,0,61,92,21
1335,customer-202254,0,61,17,24
1336,customer-202255,0,61,16,21
1337,customer-467815,0,61,43,86
1338,customer-467494,0,61,26,74
1339,customer-467165,0,61,29,86
1340,customer-467166,0,61,69,17
1341,customer-202517,0,61,18,24
1342,customer-32400,0,61,50,9
1343,customer-385589,0,61,72,18
1344,customer-385588,0,61,79,14
1345,customer-32401,0,61,62,8
1346,customer-384956,0,61,69,23
1347,customer-271040,0,61,5,23
1348,customer-386221,0,61,74,17
1349,customer-386220,0,61,80,14
1350,customer-386219,0,61,84,15
1351,customer-457873,0,61,92,15
1352,customer-391435,0,61,85,9
1353,customer-391434,0,61,1,9
1354,customer-457872,0,61,95,14
1355,customer-458223,0,61,92,12
1356,customer-390763,0,61,89,8
1357,customer-459315,0,61,59,15
1358,customer-459316,0,61,63,15
1359,customer-390678,0,61,12,17
1360,customer-390677,0,61,10,9
1361,customer-459640,0,61,62,14
1362,customer-459221,0,61,90,8
1363,customer-315469,0,61,99,11
1364,customer-315470,0,61,9,18
1365,customer-458561,0,61,91,12
1366,customer-315466,0,61,16,15
1367,customer-315467,0,61,16,18
1368,customer-315468,0,61,6,9
1369,customer-458890,0,61,93,9
1370,customer-387496,0,62,81,18
1371,customer-202782,0,62,20,20
1372,customer-272606,0,62,2,18
1373,customer-184030,0,62,39,20
1374,customer-386864,0,62,71,20
1375,customer-386863,0,62,72,14
1376,customer-386862,0,62,83,12
1377,customer-386861,0,62,91,18
1378,customer-465697,0,62,93,23
1379,customer-466185,0,62,62,18
1380,customer-465404,0,62,93,23
1381,customer-465138,0,62,93,23
1382,customer-274138,0,62,84,9
1383,customer-468128,0,62,49,38
1384,customer-468127,0,62,51,33
1385,customer-273120,0,62,99,17
1386,customer-466507,0,62,57,12
1387,customer-466508,0,62,68,18
1388,customer-273634,0,62,93,12
1389,customer-466834,0,62,61,15
1390,customer-466835,0,62,67,12
1391,customer-202515,0,62,24,21
1392,customer-202516,0,62,20,21
1393,customer-183766,0,62,55,8
1394,customer-183765,0,62,39,17
1395,customer-183767,0,62,45,8
1396,customer-268843,0,62,11,30
1397,customer-31274,0,62,70,8
1398,customer-31273,0,62,47,8
1399,customer-457986,0,62,55,20
1400,customer-458332,0,62,51,21
1401,customer-458333,0,62,58,20
1402,customer-457416,0,62,24,9
1403,customer-457417,0,62,8,15
1404,customer-457418,0,62,5,17
1405,customer-457419,0,62,3,17
1406,customer-457420,0,62,3,18
1407,customer-457421,0,62,2,20
1408,customer-457422,0,62,2,23
1409,customer-315136,0,62,92,12
1410,customer-457780,0,62,5,8
1411,customer-391678,0,62,62,24
1412,customer-184560,0,62,81,21
1413,customer-184559,0,62,0,0
1414,customer-459544,0,62,90,8
1415,customer-458662,0,62,55,17
1416,customer-68651,0,62,46,6
1417,customer-387497,0,63,78,15
1418,customer-387498,0,63,75,11
1419,customer-387499,0,63,69,8
1420,customer-202781,0,63,22,20
1421,customer-202780,0,63,23,14
1422,customer-202779,0,63,26,11
1423,customer-203047,0,63,22,8
1424,customer-203048,0,63,22,9
1425,customer-203049,0,63,19,9
1426,customer-318241,0,63,16,21
1427,customer-465569,0,63,60,9
1428,customer-465570,0,63,67,6
1429,customer-465571,0,63,77,6
1430,customer-466186,0,63,68,20
1431,customer-466337,0,63,92,18
1432,customer-465870,0,63,62,20
1433,customer-465871,0,63,64,14
1434,customer-466008,0,63,93,20
1435,customer-317221,0,63,91,21
1436,customer-465297,0,63,68,5
1437,customer-465030,0,63,67,3
1438,customer-467813,0,63,52,44
1439,customer-467814,0,63,51,71
1440,customer-388134,0,63,89,6
1441,customer-388135,0,63,81,14
1442,customer-317536,0,63,14,21
1443,customer-317537,0,63,14,18
1444,customer-317538,0,63,9,11
1445,customer-466662,0,63,91,15
1446,customer-269389,0,63,8,35
1447,customer-269388,0,63,12,42
1448,customer-476828,0,63,37,36
1449,customer-476827,0,63,33,36
1450,customer-458131,0,63,1,8
1451,customer-200914,0,63,91,26
1452,customer-458470,0,63,10,12
1453,customer-458471,0,63,95,14
1454,customer-315137,0,63,85,11
1455,customer-457626,0,63,53,21
1456,customer-457627,0,63,60,20
1457,customer-315126,0,63,8,20
1458,customer-459460,0,63,2,12
1459,customer-459461,0,63,94,17
1460,customer-458803,0,63,3,12
1461,customer-469249,0,64,91,11
1462,customer-469594,0,64,92,11
1463,customer-468606,0,64,85,8
1464,customer-468925,0,64,89,9
1465,customer-387704,0,64,49,17
1466,customer-317925,0,64,89,24
1467,customer-317926,0,64,86,21
1468,customer-387062,0,64,49,15
1469,customer-469942,0,64,91,12
1470,customer-203046,0,64,22,6
1471,customer-318239,0,64,9,11
1472,customer-318240,0,64,11,17
1473,customer-388343,0,64,62,24
1474,customer-388342,0,64,50,18
1475,customer-464936,0,64,88,11
1476,customer-464668,0,64,84,11
1477,customer-464937,0,64,84,12
1478,customer-317222,0,64,86,26
1479,customer-317204,0,64,6,9
1480,customer-467975,0,64,85,8
1481,customer-467652,0,64,84,8
1482,customer-468290,0,64,85,8
1483,customer-467325,0,64,88,11
1484,customer-466993,0,64,89,12
1485,customer-476400,0,64,34,27
1486,customer-203849,0,64,20,14
1487,customer-203848,0,64,24,23
1488,customer-319655,0,64,11,24
1489,customer-476611,0,64,31,11
1490,customer-204123,0,64,21,21
1491,customer-476826,0,64,31,29
1492,customer-476612,0,64,29,9
1493,customer-318638,0,64,90,20
1494,customer-203313,0,64,14,6
1495,customer-203311,0,64,16,5
1496,customer-203312,0,64,12,5
1497,customer-318949,0,64,18,20
1498,customer-318950,0,64,12,14
1499,customer-318951,0,64,3,12
1500,customer-269905,0,64,11,48
1501,customer-269904,0,64,13,52
1502,customer-203580,0,64,23,15
1503,customer-203581,0,64,19,9
1504,customer-203582,0,64,9,5
1505,customer-278460,0,64,95,32
1506,customer-200909,0,64,9,23
1507,customer-200910,0,64,8,26
1508,customer-200908,0,64,14,24
1509,customer-279003,0,64,92,27
1510,customer-279002,0,64,100,35
1511,customer-315122,0,64,8,9
1512,customer-315120,0,64,21,20
1513,customer-315124,0,64,12,15
1514,customer-315125,0,64,13,20
1515,customer-315123,0,64,6,11
1516,customer-201153,0,64,11,20
1517,customer-201159,0,64,93,24
1518,customer-459772,0,64,3,12
1519,customer-459773,0,64,97,18
1520,customer-459777,0,64,89,6
1521,customer-183961,0,65,90,6
1522,customer-317905,0,65,23,11
1523,customer-317906,0,65,10,8
1524,customer-471096,0,65,90,11
1525,customer-470705,0,65,92,15
1526,customer-470706,0,65,92,15
1527,customer-471475,0,65,91,8
1528,customer-471859,0,65,94,5
1529,customer-471476,0,65,94,6
1530,customer-469943,0,65,92,12
1531,customer-470314,0,65,92,14
1532,customer-465762,0,65,88,12
1533,customer-465467,0,65,88,12
1534,customer-465468,0,65,86,12
1535,customer-466074,0,65,87,14
1536,customer-466073,0,65,90,12
1537,customer-202410,0,65,94,15
1538,customer-465202,0,65,87,12
1539,customer-317203,0,65,17,11
1540,customer-476255,0,65,2,11
1541,customer-319344,0,65,86,24
1542,customer-476256,0,65,88,14
1543,customer-476397,0,65,44,17
1544,customer-476398,0,65,40,17
1545,customer-476399,0,65,35,21
1546,customer-319321,0,65,14,8
1547,customer-475841,0,65,3,9
1548,customer-385771,0,65,45,20
1549,customer-183696,0,65,84,6
1550,customer-183695,0,65,99,8
1551,customer-268828,0,65,16,11
1552,customer-319652,0,65,4,17
1553,customer-319653,0,65,12,23
1554,customer-319654,0,65,14,26
1555,customer-477025,0,65,22,8
1556,customer-477026,0,65,30,6
1557,customer-477027,0,65,33,6
1558,customer-477028,0,65,27,3
1559,customer-477029,0,65,15,6
1560,customer-477030,0,65,8,11
1561,customer-477031,0,65,4,15
1562,customer-477032,0,65,6,18
1563,customer-476609,0,65,29,8
1564,customer-476610,0,65,30,8
1565,customer-476822,0,65,50,14
1566,customer-476823,0,65,45,14
1567,customer-476679,0,65,94,20
1568,customer-385138,0,65,46,21
1569,customer-318639,0,65,84,24
1570,customer-318616,0,65,23,9
1571,customer-318617,0,65,12,8
1572,customer-270439,0,65,11,52
1573,customer-386413,0,65,49,18
1574,customer-386412,0,65,44,18
1575,customer-200955,0,65,3,11
1576,customer-50353,0,65,42,8
1577,customer-315117,0,65,25,21
1578,customer-315118,0,65,24,20
1579,customer-200710,0,65,4,14
1580,customer-200711,0,65,99,11
1581,customer-315119,0,65,23,21
1582,customer-391651,0,65,42,12
1583,customer-201152,0,65,16,17
1584,customer-390798,0,65,92,11
1585,customer-68636,0,65,6,12
1586,customer-68635,0,65,15,24
1587,customer-390797,0,65,94,11
1588,customer-390796,0,65,88,14
1589,customer-390795,0,65,94,9
1590,customer-390799,0,65,72,11
1591,customer-201199,0,65,6,12
1592,customer-201200,0,65,1,8
1593,customer-184492,0,65,92,6
1594,customer-469289,0,66,18,12
1595,customer-469290,0,66,96,8
1596,customer-202985,0,66,0,6
1597,customer-202984,0,66,5,8
1598,customer-202939,0,66,91,12
1599,customer-202717,0,66,4,8
1600,customer-51628,0,66,16,8
1601,customer-468966,0,66,37,9
1602,customer-468967,0,66,47,9
1603,customer-468968,0,66,75,14
1604,customer-468647,0,66,79,3
1605,customer-471110,0,66,91,15
1606,customer-68017,0,66,25,21
1607,customer-203208,0,66,89,12
1608,customer-470721,0,66,92,17
1609,customer-271493,0,66,0,14
1610,customer-203252,0,66,2,8
1611,customer-471489,0,66,88,15
1612,customer-202395,0,66,7,11
1613,customer-202396,0,66,0,14
1614,customer-202397,0,66,98,17
1615,customer-202392,0,66,0,6
1616,customer-202393,0,66,4,6
1617,customer-202454,0,66,5,9
1618,customer-202455,0,66,2,8
1619,customer-388314,0,66,39,17
1620,customer-202193,0,66,5,9
1621,customer-202194,0,66,3,9
1622,customer-51313,0,66,10,12
1623,customer-466400,0,66,89,14
1624,customer-467716,0,66,6,11
1625,customer-467717,0,66,71,3
1626,customer-468036,0,66,9,17
1627,customer-202653,0,66,8,11
1628,customer-202672,0,66,93,14
1629,customer-468331,0,66,16,3
1630,customer-468332,0,66,10,3
1631,customer-468333,0,66,97,2
1632,customer-202654,0,66,2,9
1633,customer-466724,0,66,92,14
1634,customer-467389,0,66,96,12
1635,customer-467390,0,66,91,8
1636,customer-467055,0,66,94,15
1637,customer-467056,0,66,91,14
1638,customer-476207,0,66,85,6
1639,customer-476177,0,66,44,20
1640,customer-476176,0,66,42,21
1641,customer-269374,0,66,19,14
1642,customer-204021,0,66,86,14
1643,customer-385409,0,66,99,17
1644,customer-269373,0,66,25,24
1645,customer-269372,0,66,27,32
1646,customer-204067,0,66,6,8
1647,customer-268827,0,66,27,18
1648,customer-67711,0,66,32,15
1649,customer-67710,0,66,19,14
1650,customer-477102,0,66,88,18
1651,customer-477101,0,66,91,17
1652,customer-477024,0,66,19,9
1653,customer-477050,0,66,81,6
1654,customer-384775,0,66,3,12
1655,customer-476595,0,66,27,11
1656,customer-476596,0,66,27,9
1657,customer-476597,0,66,27,8
1658,customer-476598,0,66,36,5
1659,customer-476599,0,66,41,14
1660,customer-476600,0,66,44,15
1661,customer-204068,0,66,2,8
1662,customer-476626,0,66,79,6
1663,customer-475794,0,66,89,6
1664,customer-474174,0,66,89,5
1665,customer-203477,0,66,87,12
1666,customer-473781,0,66,89,6
1667,customer-203523,0,66,3,8
1668,customer-473395,0,66,90,6
1669,customer-474564,0,66,88,5
1670,customer-473394,0,66,92,5
1671,customer-270969,0,66,10,6
1672,customer-472634,0,66,95,3
1673,customer-51942,0,66,18,5
1674,customer-472251,0,66,95,3
1675,customer-472252,0,66,98,3
1676,customer-473010,0,66,93,5
1677,customer-270972,0,66,98,18
1678,customer-270971,0,66,5,9
1679,customer-475387,0,66,88,6
1680,customer-203792,0,66,4,8
1681,customer-52260,0,66,2,11
1682,customer-269889,0,66,22,29
1683,customer-203748,0,66,86,14
1684,customer-270438,0,66,10,41
1685,customer-270437,0,66,5,26
1686,customer-270436,0,66,5,20
1687,customer-474978,0,66,86,5
1688,customer-315422,0,66,17,15
1689,customer-315423,0,66,12,20
1690,customer-315424,0,66,6,18
1691,customer-50354,0,66,71,11
1692,customer-391650,0,66,34,11
1693,customer-391472,0,66,81,8
1694,customer-68634,0,66,18,29
1695,customer-184490,0,66,11,6
1696,customer-184491,0,66,4,5
1697,customer-202918,0,67,13,12
1698,customer-202919,0,67,11,12
1699,customer-469308,0,67,89,5
1700,customer-202914,0,67,9,5
1701,customer-272554,0,67,1,21
1702,customer-272551,0,67,6,14
1703,customer-272550,0,67,3,8
1704,customer-202913,0,67,16,6
1705,customer-469649,0,67,99,5
1706,customer-469650,0,67,83,8
1707,customer-468985,0,67,75,5
1708,customer-468986,0,67,61,9
1709,customer-387676,0,67,32,29
1710,customer-468984,0,67,2,9
1711,customer-468664,0,67,3,15
1712,customer-468665,0,67,98,5
1713,customer-468666,0,67,66,11
1714,customer-203187,0,67,10,11
1715,customer-203186,0,67,11,9
1716,customer-203185,0,67,8,6
1717,customer-271491,0,67,1,11
1718,customer-387031,0,67,89,17
1719,customer-203182,0,67,14,6
1720,customer-469994,0,67,73,9
1721,customer-470363,0,67,85,12
1722,customer-203181,0,67,20,8
1723,customer-272025,0,67,98,18
1724,customer-272024,0,67,3,17
1725,customer-272023,0,67,99,15
1726,customer-272022,0,67,12,20
1727,customer-272021,0,67,10,15
1728,customer-387343,0,67,93,23
1729,customer-387342,0,67,95,18
1730,customer-274082,0,67,5,9
1731,customer-202387,0,67,14,9
1732,customer-202388,0,67,14,11
1733,customer-388313,0,67,31,32
1734,customer-202647,0,67,14,5
1735,customer-387987,0,67,98,15
1736,customer-202648,0,67,9,5
1737,customer-202649,0,67,12,8
1738,customer-468351,0,67,3,20
1739,customer-468352,0,67,88,11
1740,customer-468353,0,67,69,9
1741,customer-202652,0,67,13,12
1742,customer-273576,0,67,88,8
1743,customer-476591,0,67,24,12
1744,customer-476592,0,67,24,11
1745,customer-476593,0,67,25,12
1746,customer-476594,0,67,26,12
1747,customer-476590,0,67,22,14
1748,customer-269888,0,67,24,33
1749,customer-386690,0,67,95,21
1750,customer-203454,0,67,5,6
1751,customer-270970,0,67,11,9
1752,customer-203453,0,67,4,5
1753,customer-386046,0,67,96,21
1754,customer-203725,0,67,4,6
1755,customer-386045,0,67,98,17
1756,customer-458371,0,67,61,14
1757,customer-200891,0,67,25,2
1758,customer-200892,0,67,57,3
1759,customer-459353,0,67,53,12
1760,customer-459354,0,67,56,12
1761,customer-459679,0,67,54,12
1762,customer-459678,0,67,52,12
1763,customer-458700,0,67,61,14
1764,customer-201137,0,67,42,3
1765,customer-201138,0,67,50,6
1766,customer-458699,0,67,52,12
1767,customer-272549,0,68,9,5
1768,customer-202996,0,68,92,12
1769,customer-202997,0,68,89,14
1770,customer-202730,0,68,85,12
1771,customer-202743,0,68,9,15
1772,customer-468360,0,68,62,14
1773,customer-387675,0,68,31,14
1774,customer-387674,0,68,4,9
1775,customer-468671,0,68,79,8
1776,customer-468672,0,68,78,6
1777,customer-468673,0,68,64,11
1778,customer-203011,0,68,8,15
1779,customer-471140,0,68,81,12
1780,customer-470752,0,68,84,18
1781,customer-203280,0,68,3,17
1782,customer-203281,0,68,2,17
1783,customer-203263,0,68,94,15
1784,customer-471518,0,68,77,12
1785,customer-203262,0,68,93,15
1786,customer-318210,0,68,10,26
1787,customer-203012,0,68,7,17
1788,customer-203013,0,68,4,17
1789,customer-470364,0,68,80,20
1790,customer-203282,0,68,5,18
1791,customer-468359,0,68,59,11
1792,customer-317502,0,68,11,29
1793,customer-317503,0,68,6,26
1794,customer-202217,0,68,11,11
1795,customer-202216,0,68,6,8
1796,customer-388635,0,68,94,20
1797,customer-388634,0,68,3,15
1798,customer-202207,0,68,79,11
1799,customer-274083,0,68,91,14
1800,customer-387988,0,68,93,21
1801,customer-273070,0,68,0,24
1802,customer-273065,0,68,0,0
1803,customer-273064,0,68,68,2
1804,customer-202480,0,68,8,12
1805,customer-273585,0,68,94,27
1806,customer-273584,0,68,100,24
1807,customer-202481,0,68,8,14
1808,customer-273578,0,68,98,6
1809,customer-273577,0,68,91,8
1810,customer-202479,0,68,9,11
1811,customer-202468,0,68,81,11
1812,customer-203283,0,68,8,20
1813,customer-203982,0,68,26,8
1814,customer-203983,0,68,28,8
1815,customer-203984,0,68,29,6
1816,customer-203985,0,68,28,6
1817,customer-203986,0,68,26,6
1818,customer-203996,0,68,3,6
1819,customer-203997,0,68,2,8
1820,customer-203992,0,68,12,6
1821,customer-203991,0,68,11,5
1822,customer-203990,0,68,9,3
1823,customer-203987,0,68,25,3
1824,customer-203988,0,68,25,2
1825,customer-203826,0,68,12,21
1826,customer-203825,0,68,9,21
1827,customer-476166,0,68,21,12
1828,customer-476167,0,68,26,8
1829,customer-476168,0,68,41,6
1830,customer-476169,0,68,43,12
1831,customer-204101,0,68,13,21
1832,customer-204074,0,68,79,21
1833,customer-476589,0,68,17,11
1834,customer-269887,0,68,25,35
1835,customer-203531,0,68,86,24
1836,customer-203532,0,68,89,21
1837,customer-203533,0,68,94,20
1838,customer-473818,0,68,52,3
1839,customer-474212,0,68,96,5
1840,customer-474602,0,68,92,9
1841,customer-203556,0,68,8,20
1842,customer-203555,0,68,7,20
1843,customer-203554,0,68,7,20
1844,customer-472289,0,68,77,8
1845,customer-471901,0,68,76,12
1846,customer-203450,0,68,18,6
1847,customer-203449,0,68,25,8
1848,customer-203720,0,68,24,5
1849,customer-203721,0,68,21,5
1850,customer-475754,0,68,42,14
1851,customer-203799,0,68,83,23
1852,customer-203800,0,68,84,21
1853,customer-458024,0,68,59,14
1854,customer-458025,0,68,67,20
1855,customer-200973,0,68,72,14
1856,customer-315224,0,68,9,29
1857,customer-278398,0,68,0,11
1858,customer-278397,0,68,3,8
1859,customer-278396,0,68,12,6
1860,customer-200981,0,68,12,3
1861,customer-200737,0,68,9,5
1862,customer-200729,0,68,77,12
1863,customer-200730,0,68,86,5
1864,customer-457665,0,68,67,20
1865,customer-201224,0,68,17,3
1866,customer-201225,0,68,21,6
1867,customer-201216,0,68,71,14
1868,customer-318209,0,69,14,29
1869,customer-467493,0,69,30,68
1870,customer-203981,0,69,25,9
1871,customer-476243,0,69,42,3
1872,customer-203975,0,69,9,5
1873,customer-203976,0,69,11,5
1874,customer-203977,0,69,18,5
1875,customer-269886,0,69,24,27
1876,customer-475829,0,69,29,5
1877,customer-475830,0,69,23,9
1878,customer-475831,0,69,11,5
1879,customer-269885,0,69,21,24
1880,customer-203973,0,69,18,8
1881,customer-203974,0,69,12,6
1882,customer-319630,0,69,22,17
1883,customer-477084,0,69,14,5
1884,customer-477085,0,69,11,12
1885,customer-476663,0,69,12,14
1886,customer-476664,0,69,7,8
1887,customer-475422,0,69,18,5
1888,customer-475423,0,69,81,9
1889,customer-475337,0,69,20,14
1890,customer-475338,0,69,26,14
1891,customer-475339,0,69,34,14
1892,customer-475753,0,69,23,17
1893,customer-203709,0,69,28,9
1894,customer-474923,0,69,39,12
1895,customer-203706,0,69,25,8
1896,customer-203707,0,69,26,8
1897,customer-203708,0,69,27,9
1898,customer-203705,0,69,25,3
1899,customer-318922,0,69,16,23
1900,customer-270418,0,69,19,24
1901,customer-318921,0,69,15,20
1902,customer-475014,0,69,86,9
1903,customer-278395,0,69,24,11
1904,customer-391299,0,69,99,21
1905,customer-391298,0,69,7,18
1906,customer-315153,0,69,82,38
1907,customer-278939,0,69,10,11
1908,customer-278938,0,69,19,9
1909,customer-278937,0,69,39,8
1910,customer-200830,0,69,12,11
1911,customer-390628,0,69,2,20
1912,customer-201075,0,69,77,20
1913,customer-201074,0,69,0,0
1914,customer-272528,0,70,25,12
1915,customer-202855,0,70,84,6
1916,customer-272001,0,70,31,6
1917,customer-272000,0,70,32,8
1918,customer-271999,0,70,31,11
1919,customer-203126,0,70,85,6
1920,customer-202324,0,70,98,18
1921,customer-202325,0,70,99,5
1922,customer-202589,0,70,11,5
1923,customer-202590,0,70,84,6
1924,customer-271472,0,70,33,6
1925,customer-271471,0,70,33,8
1926,customer-203971,0,70,22,11
1927,customer-203972,0,70,19,8
1928,customer-204242,0,70,16,9
1929,customer-204241,0,70,21,8
1930,customer-204240,0,70,23,3
1931,customer-319629,0,70,24,18
1932,customer-270952,0,70,12,5
1933,customer-270951,0,70,27,8
1934,customer-270949,0,70,34,12
1935,customer-270950,0,70,34,8
1936,customer-203394,0,70,88,6
1937,customer-271470,0,70,34,9
1938,customer-270417,0,70,15,11
1939,customer-270416,0,70,0,5
1940,customer-270415,0,70,20,8
1941,customer-270412,0,70,35,9
1942,customer-270413,0,70,33,9
1943,customer-315154,0,70,80,33
1944,customer-315155,0,70,79,21
1945,customer-200831,0,70,82,26
1946,customer-273045,0,71,21,14
1947,customer-273044,0,71,19,11
1948,customer-273043,0,71,18,6
1949,customer-271996,0,71,28,9
1950,customer-271995,0,71,31,8
1951,customer-274063,0,71,0,3
1952,customer-274062,0,71,12,3
1953,customer-274060,0,71,18,6
1954,customer-274059,0,71,19,8
1955,customer-274061,0,71,18,5
1956,customer-317240,0,71,88,24
1957,customer-273557,0,71,11,5
1958,customer-273556,0,71,3,2
1959,customer-273555,0,71,25,2
1960,customer-273553,0,71,27,3
1961,customer-273552,0,71,24,5
1962,customer-203935,0,71,11,9
1963,customer-203936,0,71,3,9
1964,customer-204206,0,71,7,11
1965,customer-271465,0,71,32,9
1966,customer-271464,0,71,33,9
1967,customer-203664,0,71,7,8
1968,customer-203665,0,71,93,8
1969,customer-317944,0,72,87,27
1970,customer-317943,0,72,88,30
1971,customer-317241,0,72,85,29
1972,customer-278376,0,72,2,9
1973,customer-278375,0,72,12,9
1974,customer-457388,0,72,97,12
1975,customer-278919,0,72,8,8
1976,customer-277834,0,72,8,8
1977,customer-317945,0,73,85,26
1978,customer-317946,0,73,82,32
1979,customer-318659,0,73,83,30
1980,customer-457753,0,73,18,15
1981,customer-457754,0,73,6,9
1982,customer-318661,0,74,76,35
1983,customer-318660,0,74,79,33
1984,customer-319366,0,75,79,32
1985,customer-319367,0,75,78,33
1986,customer-458077,0,75,97,12
1987,customer-458078,0,75,95,9
1988,customer-458426,0,75,2,11
1989,customer-458427,0,75,88,11
1990,customer-458428,0,75,81,20
1991,customer-457345,0,75,79,9
1992,customer-458762,0,75,85,24
1993,customer-319368,0,76,76,35
1994,customer-318663,0,76,71,38
1995,customer-318664,0,76,71,38
1996,customer-458763,0,76,82,27
1997,customer-318665,0,77,72,33
1998,customer-459423,0,77,81,11
1999,customer-459735,0,77,76,20
2000,customer-318666,0,78,73,29
