id,label,ts_in,ts_out,attr_1,attr_2
1,customer-1185,4,87,8,50
2,customer-1970,5,36,32,200
3,customer-493,5,47,250,131
4,customer-1029,6,10,59,168
5,customer-588,6,81,174,208
6,customer-785,7,11,110,215
7,customer-333,7,48,132,208
8,customer-496,8,11,59,116
9,customer-438,8,54,188,132
10,customer-1109,9,18,146,42
11,customer-409,9,20,29,210
12,customer-775,10,56,225,213
13,customer-881,10,81,10,273
14,customer-1353,11,56,199,48
15,customer-1631,11,88,170,171
16,customer-239,11,89,54,167
17,customer-523,12,44,69,124
18,customer-678,12,64,67,190
19,customer-36,12,77,99,214
20,customer-228,12,78,23,164
21,customer-390,13,37,91,228
22,customer-593,13,66,130,12
23,customer-1746,13,93,107,183
24,customer-1369,14,14,208,258
25,customer-924,14,19,75,155
26,customer-11,15,20,92,182
27,customer-1361,15,69,3,96
28,customer-1095,15,75,79,32
29,customer-505,16,30,106,126
30,customer-304,16,50,124,184
31,customer-407,16,85,66,190
32,customer-1533,16,88,200,42
33,customer-1832,16,90,165,194
34,customer-1573,17,36,45,29
35,customer-1016,17,55,152,219
36,customer-1787,17,71,170,170
37,customer-389,17,76,40,15
38,customer-274,17,90,213,164
39,customer-586,17,96,109,137
40,customer-591,17,98,153,103
41,customer-1980,17,105,142,37
42,customer-1215,18,26,159,133
43,customer-752,18,27,172,153
44,customer-1836,18,64,217,186
45,customer-1022,18,71,206,57
46,customer-1517,18,95,218,71
47,customer-1492,18,99,115,127
48,customer-988,19,24,181,145
49,customer-1408,19,30,119,52
50,customer-1717,19,30,109,179
51,customer-283,19,37,29,224
52,customer-735,19,57,196,157
53,customer-860,19,64,197,59
54,customer-1152,19,84,181,46
55,customer-645,20,39,75,154
56,customer-1618,20,79,225,115
57,customer-204,21,30,182,164
58,customer-990,21,36,86,39
59,customer-1833,21,36,134,165
60,customer-803,22,52,219,123
61,customer-1160,22,55,121,106
62,customer-108,22,56,189,104
63,customer-727,22,59,56,132
64,customer-1724,22,68,176,209
65,customer-1822,22,75,172,188
66,customer-734,23,53,21,138
67,customer-1328,23,60,22,48
68,customer-1108,23,69,269,176
69,customer-1944,23,97,93,105
70,customer-1743,23,113,47,38
71,customer-133,24,39,119,208
72,customer-1523,24,51,123,207
73,customer-1290,24,71,212,20
74,customer-612,24,79,62,145
75,customer-1480,24,79,30,203
76,customer-422,24,80,101,39
77,customer-1104,24,81,173,75
78,customer-1466,24,88,16,147
79,customer-1210,24,106,102,205
80,customer-103,24,112,98,37
81,customer-1341,25,47,178,96
82,customer-712,25,56,235,176
83,customer-1781,25,56,19,32
84,customer-369,25,71,190,61
85,customer-1549,25,109,255,151
86,customer-1522,26,64,77,123
87,customer-1049,26,80,178,114
88,customer-942,26,92,94,150
89,customer-1740,27,28,143,180
90,customer-87,27,30,83,165
91,customer-1310,27,70,70,220
92,customer-1521,27,71,268,77
93,customer-1556,27,73,100,117
94,customer-978,27,110,118,139
95,customer-880,27,113,126,84
96,customer-374,27,118,10,201
97,customer-620,27,124,147,219
98,customer-1034,28,38,134,83
99,customer-357,28,54,189,112
100,customer-379,28,57,119,201
101,customer-1830,28,79,135,46
102,customer-1984,28,86,103,90
103,customer-874,28,92,131,227
104,customer-58,28,93,23,150
105,customer-324,28,121,177,155
106,customer-1141,29,56,192,25
107,customer-97,29,95,71,79
108,customer-1323,29,101,150,149
109,customer-342,29,113,39,129
110,customer-1121,29,116,103,117
111,customer-1336,30,49,131,101
112,customer-528,30,52,203,134
113,customer-1013,30,62,142,255
114,customer-474,30,97,52,99
115,customer-854,30,112,34,58
116,customer-42,31,49,184,187
117,customer-1025,31,75,45,120
118,customer-1645,31,97,189,122
119,customer-1470,31,99,99,188
120,customer-1206,31,101,127,137
121,customer-360,31,106,130,119
122,customer-1056,31,108,30,217
123,customer-1392,32,59,117,44
124,customer-1233,32,70,194,211
125,customer-1253,32,72,71,169
126,customer-1771,32,77,84,216
127,customer-1325,32,81,148,30
128,customer-56,32,85,28,149
129,customer-754,32,99,76,175
130,customer-688,33,39,93,166
131,customer-1927,33,46,172,230
132,customer-48,33,52,74,103
133,customer-1041,33,59,158,159
134,customer-90,33,71,148,30
135,customer-120,33,80,221,191
136,customer-756,33,91,133,197
137,customer-604,33,116,83,37
138,customer-153,34,42,60,63
139,customer-1897,34,52,114,74
140,customer-201,34,84,152,41
141,customer-509,34,87,242,108
142,customer-1715,34,106,98,58
143,customer-1551,35,67,203,108
144,customer-1605,35,72,145,187
145,customer-1610,35,75,78,228
146,customer-573,35,84,100,38
147,customer-574,35,85,53,101
148,customer-1461,35,95,141,248
149,customer-1177,35,108,163,72
150,customer-1570,35,108,100,3
151,customer-415,35,122,117,13
152,customer-823,35,123,133,177
153,customer-1891,35,128,36,114
154,customer-991,36,40,200,145
155,customer-131,36,57,172,64
156,customer-1263,36,67,44,67
157,customer-879,36,68,193,106
158,customer-1232,36,74,97,22
159,customer-1670,36,76,80,87
160,customer-1459,36,77,147,194
161,customer-905,36,102,32,215
162,customer-1317,36,109,187,25
163,customer-972,36,113,63,94
164,customer-1107,36,117,145,161
165,customer-318,36,134,169,65
166,customer-1116,37,38,254,102
167,customer-974,37,62,126,84
168,customer-1568,37,63,232,120
169,customer-1143,37,70,151,93
170,customer-207,37,97,211,49
171,customer-394,37,127,178,239
172,customer-1594,37,131,196,99
173,customer-1132,38,40,131,178
174,customer-76,38,55,141,92
175,customer-344,38,113,104,124
176,customer-1773,39,40,194,99
177,customer-396,39,57,87,70
178,customer-969,39,84,134,26
179,customer-1995,39,94,109,176
180,customer-984,39,124,199,155
181,customer-492,39,126,212,181
182,customer-1005,39,134,107,80
183,customer-1800,40,73,158,232
184,customer-1402,40,75,69,189
185,customer-1580,40,78,122,58
186,customer-1394,40,79,22,73
187,customer-617,40,86,213,139
188,customer-100,40,88,67,95
189,customer-1646,40,88,186,37
190,customer-1859,40,89,24,52
191,customer-976,40,95,82,81
192,customer-1983,40,95,171,175
193,customer-1416,40,107,99,24
194,customer-111,40,109,180,61
195,customer-1537,40,124,26,182
196,customer-1598,40,128,151,227
197,customer-1443,40,131,77,76
198,customer-1119,41,76,181,198
199,customer-1055,41,78,149,180
200,customer-1785,41,78,161,135
201,customer-1276,41,91,155,94
202,customer-1608,41,108,60,189
203,customer-218,41,111,154,241
204,customer-1704,41,124,122,124
205,customer-189,42,62,68,100
206,customer-219,42,66,44,187
207,customer-1009,42,68,45,156
208,customer-1115,42,68,132,139
209,customer-164,42,69,220,40
210,customer-1307,42,96,178,0
211,customer-725,42,100,163,255
212,customer-123,42,101,184,259
213,customer-307,42,102,84,76
214,customer-723,42,102,182,114
215,customer-1862,42,118,148,75
216,customer-1148,42,122,231,161
217,customer-694,42,127,44,43
218,customer-899,42,134,144,191
219,customer-1158,42,138,74,159
220,customer-64,43,44,216,136
221,customer-1739,43,46,103,60
222,customer-475,43,60,70,151
223,customer-1654,43,64,150,229
224,customer-1911,43,66,157,143
225,customer-1071,43,95,89,76
226,customer-243,43,98,154,113
227,customer-1632,43,134,216,155
228,customer-1196,44,54,124,14
229,customer-62,44,66,177,138
230,customer-558,44,67,95,100
231,customer-589,44,92,38,53
232,customer-1219,44,117,210,168
233,customer-180,45,59,91,46
234,customer-920,45,73,128,101
235,customer-722,45,74,11,183
236,customer-746,45,79,133,125
237,customer-163,46,50,64,214
238,customer-265,46,71,108,98
239,customer-195,46,99,51,83
240,customer-764,46,116,149,21
241,customer-761,46,117,21,70
242,customer-928,46,126,99,80
243,customer-631,46,132,171,46
244,customer-1399,46,136,79,211
245,customer-2,47,61,178,97
246,customer-862,47,79,10,185
247,customer-888,47,87,96,71
248,customer-27,47,88,16,178
249,customer-1382,47,88,123,103
250,customer-518,47,94,252,17
251,customer-1172,47,98,29,41
252,customer-1339,47,108,211,105
253,customer-1576,47,109,39,180
254,customer-1815,47,117,203,88
255,customer-531,47,120,133,275
256,customer-84,48,66,143,48
257,customer-1673,48,67,171,238
258,customer-1531,48,101,147,88
259,customer-1255,48,104,145,49
260,customer-916,48,136,221,65
261,customer-1691,48,137,76,282
262,customer-706,48,141,261,142
263,customer-689,49,51,76,78
264,customer-732,49,69,137,73
265,customer-1733,49,79,214,33
266,customer-847,49,80,111,196
267,customer-1401,49,83,77,12
268,customer-1940,49,84,50,142
269,customer-1565,49,103,149,225
270,customer-966,49,113,18,182
271,customer-632,49,124,102,146
272,customer-1365,49,138,211,38
273,customer-1496,50,57,147,85
274,customer-1479,50,69,109,154
275,customer-512,50,85,119,111
276,customer-179,50,109,153,132
277,customer-1683,50,115,167,188
278,customer-1289,50,128,134,18
279,customer-902,50,136,155,33
280,customer-1413,50,139,196,185
281,customer-30,51,63,71,199
282,customer-540,51,72,50,175
283,customer-1258,51,78,216,38
284,customer-1301,51,81,117,57
285,customer-1718,51,102,114,56
286,customer-769,51,109,131,165
287,customer-556,51,128,207,261
288,customer-1478,51,130,138,144
289,customer-1664,52,57,211,130
290,customer-1045,52,59,134,114
291,customer-1314,52,60,71,230
292,customer-1779,52,70,22,119
293,customer-1914,52,73,178,172
294,customer-1075,52,81,12,77
295,customer-757,52,92,123,105
296,customer-1655,52,95,75,140
297,customer-134,52,96,74,161
298,customer-1700,52,97,106,71
299,customer-1348,52,102,47,102
300,customer-1468,52,109,166,174
301,customer-1742,52,141,31,184
302,customer-266,52,144,118,112
303,customer-1652,53,58,160,40
304,customer-480,53,96,172,38
305,customer-270,53,97,190,60
306,customer-699,53,99,47,226
307,customer-234,53,122,203,72
308,customer-1629,53,125,120,143
309,customer-1464,53,129,130,70
310,customer-1486,53,132,180,210
311,customer-1840,54,54,51,32
312,customer-1046,54,83,37,60
313,customer-551,54,92,179,37
314,customer-382,54,97,34,57
315,customer-1432,54,100,34,173
316,customer-1164,54,111,222,217
317,customer-502,54,121,135,145
318,customer-411,54,140,260,115
319,customer-1634,55,76,154,106
320,customer-662,55,111,122,112
321,customer-391,55,112,44,30
322,customer-1922,55,113,54,131
323,customer-1929,55,115,110,142
324,customer-292,55,117,115,44
325,customer-780,55,135,229,77
326,customer-1368,55,135,55,52
327,customer-1870,55,135,17,174
328,customer-818,56,97,192,55
329,customer-544,56,99,173,184
330,customer-691,56,101,236,161
331,customer-1721,56,140,209,152
332,customer-1877,57,63,139,49
333,customer-1938,57,68,167,188
334,customer-675,57,72,68,141
335,customer-166,57,74,177,208
336,customer-1506,57,88,189,42
337,customer-288,57,95,194,147
338,customer-1178,57,106,189,164
339,customer-946,57,107,103,172
340,customer-1378,57,142,39,207
341,customer-806,57,146,48,78
342,customer-1676,57,147,94,183
343,customer-566,58,58,119,49
344,customer-1514,58,60,130,17
345,customer-487,58,75,101,141
346,customer-450,58,80,120,149
347,customer-1921,58,82,141,198
348,customer-637,58,90,112,87
349,customer-1395,58,98,141,96
350,customer-273,58,99,87,106
351,customer-494,58,117,190,25
352,customer-1904,58,121,161,48
353,customer-1053,58,123,126,257
354,customer-657,58,126,51,176
355,customer-252,58,141,48,106
356,customer-1218,58,149,164,151
357,customer-61,59,60,106,162
358,customer-289,59,67,52,29
359,customer-1639,59,79,64,61
360,customer-687,59,97,183,26
361,customer-1976,59,102,130,50
362,customer-504,59,122,125,133
363,customer-1846,59,123,71,134
364,customer-158,59,135,69,128
365,customer-1405,59,149,113,91
366,customer-1574,60,78,107,60
367,customer-433,60,90,104,201
368,customer-1114,60,100,78,75
369,customer-481,60,112,87,22
370,customer-1726,60,118,79,124
371,customer-1201,60,121,185,177
372,customer-519,60,137,92,125
373,customer-152,60,142,222,181
374,customer-1187,60,146,138,135
375,customer-222,61,97,203,133
376,customer-1040,61,100,15,153
377,customer-1062,61,108,30,211
378,customer-1636,61,129,20,79
379,customer-866,62,64,30,57
380,customer-420,62,66,76,87
381,customer-1014,62,78,113,43
382,customer-850,62,92,110,149
383,customer-373,62,93,61,79
384,customer-1199,62,110,23,49
385,customer-791,62,120,38,111
386,customer-128,62,127,137,241
387,customer-1305,62,134,180,148
388,customer-1099,63,63,33,137
389,customer-237,63,75,232,134
390,customer-667,63,116,65,185
391,customer-1192,63,120,47,228
392,customer-1313,63,121,91,74
393,customer-635,63,149,58,241
394,customer-275,64,78,175,120
395,customer-793,64,78,150,150
396,customer-1167,64,81,101,130
397,customer-611,64,88,194,81
398,customer-1488,64,91,122,46
399,customer-1965,64,108,84,243
400,customer-1507,64,112,112,192
401,customer-545,64,128,209,187
402,customer-1962,64,133,212,164
403,customer-1630,64,146,98,36
404,customer-996,65,69,58,112
405,customer-1988,65,87,164,185
406,customer-482,65,109,196,212
407,customer-998,65,111,72,89
408,customer-917,65,130,135,120
409,customer-1425,65,146,56,161
410,customer-1387,65,152,171,117
411,customer-1729,65,153,57,29
412,customer-1946,65,156,140,227
413,customer-1072,65,157,169,124
414,customer-256,65,158,173,157
415,customer-102,66,72,43,189
416,customer-405,66,73,158,67
417,customer-616,66,85,42,71
418,customer-37,66,94,76,56
419,customer-639,66,95,202,186
420,customer-197,66,145,177,256
421,customer-1093,66,153,85,88
422,customer-323,66,164,159,99
423,customer-1247,67,76,114,164
424,customer-1566,67,81,235,38
425,customer-817,67,87,128,52
426,customer-973,67,110,77,251
427,customer-1060,67,113,166,39
428,customer-927,67,148,88,187
429,customer-959,68,89,110,204
430,customer-412,68,96,79,111
431,customer-630,68,100,157,196
432,customer-1616,68,129,170,80
433,customer-1520,68,136,112,147
434,customer-898,68,142,124,198
435,customer-404,68,147,152,151
436,customer-301,68,152,166,100
437,customer-1217,68,156,150,88
438,customer-1447,68,159,143,55
439,customer-286,69,72,160,37
440,customer-1133,69,84,136,140
441,customer-1518,69,91,43,60
442,customer-178,69,93,86,8
443,customer-1749,69,129,186,182
444,customer-199,69,135,59,177
445,customer-1190,69,140,52,176
446,customer-408,69,146,42,181
447,customer-31,70,71,180,72
448,customer-882,70,72,154,91
449,customer-1898,70,72,202,143
450,customer-1666,70,84,40,90
451,customer-1756,70,90,108,96
452,customer-395,70,99,112,96
453,customer-126,70,104,33,205
454,customer-1176,70,104,185,241
455,customer-1672,70,115,183,188
456,customer-948,70,117,52,101
457,customer-923,70,119,91,142
458,customer-1248,70,122,70,206
459,customer-279,70,126,102,176
460,customer-1299,70,133,152,139
461,customer-1675,70,162,113,126
462,customer-1151,71,72,26,174
463,customer-1058,71,74,77,16
464,customer-1719,71,76,112,165
465,customer-1175,71,80,97,74
466,customer-348,71,82,88,79
467,customer-455,71,85,103,83
468,customer-774,71,114,206,128
469,customer-1278,71,114,178,80
470,customer-1319,71,115,60,130
471,customer-1324,71,120,179,131
472,customer-1213,71,128,118,56
473,customer-403,71,143,179,173
474,customer-1625,72,72,222,208
475,customer-1789,72,84,54,190
476,customer-808,72,87,132,161
477,customer-1553,72,106,52,53
478,customer-742,72,152,155,98
479,customer-671,73,82,79,187
480,customer-1077,73,82,131,91
481,customer-951,73,85,100,81
482,customer-935,73,86,164,243
483,customer-1505,73,86,178,109
484,customer-1260,73,87,87,245
485,customer-1951,73,92,100,83
486,customer-1089,73,95,107,88
487,customer-1335,73,107,169,60
488,customer-1766,73,124,187,189
489,customer-926,73,128,171,245
490,customer-1992,73,140,158,112
491,customer-575,74,91,207,91
492,customer-1969,74,91,133,89
493,customer-85,74,110,127,40
494,customer-1615,74,114,159,44
495,customer-609,74,122,80,161
496,customer-191,74,129,90,62
497,customer-810,74,133,145,178
498,customer-431,74,141,173,38
499,customer-1808,74,146,77,116
500,customer-557,75,79,4,166
501,customer-1388,75,81,153,136
502,customer-1344,75,106,23,145
503,customer-751,75,110,75,136
504,customer-1693,75,113,68,28
505,customer-1309,75,125,14,86
506,customer-1961,75,125,173,51
507,customer-825,75,145,114,196
508,customer-1583,75,156,109,99
509,customer-1871,75,159,146,126
510,customer-503,75,162,91,179
511,customer-65,76,89,61,165
512,customer-855,76,114,17,37
513,customer-1257,76,122,121,47
514,customer-1775,76,141,156,168
515,customer-638,76,149,162,196
516,customer-1,77,92,17,147
517,customer-445,77,102,176,126
518,customer-88,77,103,73,141
519,customer-714,77,106,27,72
520,customer-315,77,112,169,54
521,customer-1102,77,112,186,120
522,customer-1589,77,113,97,94
523,customer-1863,77,114,151,115
524,customer-452,77,144,196,104
525,customer-1614,77,159,82,42
526,customer-19,77,160,80,117
527,customer-1532,77,160,123,71
528,customer-1642,77,170,253,148
529,customer-517,78,83,68,143
530,customer-1641,78,91,10,148
531,customer-867,78,99,45,128
532,customer-1955,78,104,102,187
533,customer-1194,78,110,176,92
534,customer-52,78,125,119,83
535,customer-1138,78,140,178,119
536,customer-313,78,147,11,99
537,customer-771,78,170,198,61
538,customer-1295,79,79,77,20
539,customer-495,79,90,156,194
540,customer-790,79,95,140,126
541,customer-1919,79,125,203,89
542,customer-1125,79,131,197,192
543,customer-1334,79,152,155,91
544,customer-1584,79,152,58,219
545,customer-1954,79,158,148,162
546,customer-619,79,159,130,178
547,customer-865,79,164,127,57
548,customer-1400,79,167,210,154
549,customer-95,80,83,72,158
550,customer-117,80,115,59,127
551,customer-1524,80,141,157,146
552,customer-439,80,150,49,33
553,customer-1736,80,157,180,155
554,customer-362,80,166,251,107
555,customer-200,81,102,215,18
556,customer-1708,81,103,205,152
557,customer-870,81,105,36,100
558,customer-209,81,113,137,121
559,customer-705,81,139,74,199
560,customer-1066,81,159,214,22
561,customer-242,81,164,48,215
562,customer-1038,81,166,147,148
563,customer-1300,82,85,124,41
564,customer-673,82,111,129,127
565,customer-260,82,121,123,238
566,customer-547,82,125,112,194
567,customer-621,82,135,151,198
568,customer-1428,82,135,62,158
569,customer-1375,82,164,58,28
570,customer-159,83,86,85,178
571,customer-1918,83,96,160,163
572,customer-642,83,100,85,184
573,customer-1750,83,101,173,170
574,customer-1224,83,112,250,163
575,customer-1956,83,122,157,189
576,customer-514,83,124,51,62
577,customer-1563,83,126,197,61
578,customer-223,83,134,196,91
579,customer-1679,83,135,116,177
580,customer-1731,83,135,29,208
581,customer-789,83,162,12,166
582,customer-177,83,165,138,66
583,customer-711,83,173,54,61
584,customer-453,84,100,102,109
585,customer-26,84,120,130,75
586,customer-907,84,144,79,200
587,customer-1349,84,149,229,177
588,customer-1752,84,150,111,51
589,customer-1526,84,167,117,226
590,customer-10,84,175,85,100
591,customer-1057,85,90,174,239
592,customer-828,85,96,131,94
593,customer-91,85,97,101,102
594,customer-444,85,97,91,163
595,customer-1545,85,108,138,128
596,customer-1100,85,139,13,126
597,customer-641,85,143,216,184
598,customer-1865,85,143,214,86
599,customer-44,85,145,97,144
600,customer-1180,85,149,143,27
601,customer-696,85,151,133,122
602,customer-1026,85,155,27,196
603,customer-543,85,160,160,86
604,customer-1003,85,162,183,138
605,customer-1559,85,165,24,21
606,customer-436,85,170,105,123
607,customer-132,85,175,125,164
608,customer-1423,85,176,22,75
609,customer-1097,86,94,107,192
610,customer-1186,86,99,150,194
611,customer-618,86,133,41,50
612,customer-853,86,135,38,242
613,customer-1674,86,142,198,46
614,customer-35,86,158,118,76
615,customer-738,86,165,203,87
616,customer-1037,86,168,107,28
617,customer-1760,86,173,29,153
618,customer-139,86,181,155,102
619,customer-349,87,92,202,125
620,customer-1128,87,93,203,185
621,customer-1136,87,99,80,173
622,customer-989,87,122,106,184
623,customer-1900,87,126,164,184
624,customer-805,87,127,36,186
625,customer-282,87,137,130,144
626,customer-565,87,137,48,99
627,customer-1974,87,144,169,129
628,customer-940,87,169,169,145
629,customer-784,87,176,137,231
630,customer-1741,88,90,15,165
631,customer-194,88,112,112,92
632,customer-460,88,123,141,113
633,customer-355,88,140,178,38
634,customer-1552,88,152,149,193
635,customer-515,88,154,25,145
636,customer-151,88,161,104,165
637,customer-1959,88,171,73,114
638,customer-1242,88,173,23,167
639,customer-498,88,175,157,214
640,customer-578,88,177,157,190
641,customer-477,88,186,232,192
642,customer-963,89,101,245,56
643,customer-601,89,125,175,106
644,customer-1234,89,144,57,136
645,customer-975,89,155,106,36
646,customer-1511,89,157,38,177
647,customer-267,89,183,50,88
648,customer-1546,90,91,214,36
649,customer-721,90,98,153,186
650,customer-320,90,111,237,206
651,customer-1621,90,112,217,30
652,customer-887,90,113,111,26
653,customer-644,90,123,203,101
654,customer-1061,90,147,100,83
655,customer-683,90,167,87,198
656,customer-183,91,111,185,88
657,customer-1204,91,115,158,183
658,customer-236,91,119,187,78
659,customer-198,91,126,24,228
660,customer-982,91,134,51,38
661,customer-1422,91,141,39,125
662,customer-399,91,144,81,242
663,customer-1695,91,148,157,109
664,customer-1712,91,154,31,59
665,customer-981,91,161,30,33
666,customer-154,91,191,107,227
667,customer-47,92,93,119,194
668,customer-510,92,102,52,55
669,customer-1163,92,138,27,156
670,customer-326,92,162,155,182
671,customer-1547,92,163,68,7
672,customer-598,92,168,158,136
673,customer-1343,92,174,210,142
674,customer-1948,92,175,123,221
675,customer-1296,92,186,116,221
676,customer-367,93,94,142,64
677,customer-1070,93,102,74,153
678,customer-1535,93,106,166,122
679,customer-1134,93,120,148,30
680,customer-130,93,134,91,207
681,customer-983,93,152,81,27
682,customer-1457,93,167,173,118
683,customer-330,93,174,137,28
684,customer-303,94,103,168,167
685,customer-34,94,112,240,82
686,customer-406,94,125,172,74
687,customer-1398,94,140,196,146
688,customer-1429,94,144,28,93
689,customer-291,94,154,134,49
690,customer-66,94,155,115,217
691,customer-1694,94,185,167,67
692,customer-1127,95,98,23,16
693,customer-1765,95,111,221,221
694,customer-1669,95,114,28,79
695,customer-136,95,143,81,160
696,customer-1499,95,158,52,66
697,customer-1166,95,161,166,105
698,customer-59,95,163,113,179
699,customer-1923,95,164,117,197
700,customer-437,95,173,35,86
701,customer-473,95,176,162,229
702,customer-28,95,180,54,204
703,customer-960,95,180,161,203
704,customer-1039,95,180,90,134
705,customer-1648,96,97,125,181
706,customer-1377,96,108,6,186
707,customer-1727,96,108,250,117
708,customer-1280,96,118,160,111
709,customer-1112,96,138,106,135
710,customer-1609,96,139,51,156
711,customer-891,96,141,69,88
712,customer-1762,96,147,99,175
713,customer-1864,96,168,151,77
714,customer-467,96,171,147,180
715,customer-479,96,172,148,44
716,customer-1360,96,173,152,148
717,customer-777,96,179,202,86
718,customer-1857,96,181,160,124
719,customer-497,97,108,217,223
720,customer-485,97,109,98,189
721,customer-1321,97,116,155,217
722,customer-471,97,122,198,97
723,customer-459,97,124,114,131
724,customer-1978,97,144,68,235
725,customer-1209,97,147,147,123
726,customer-1354,97,149,170,27
727,customer-709,97,153,41,64
728,customer-1751,97,156,152,194
729,customer-468,97,166,39,149
730,customer-220,97,177,145,33
731,customer-1124,97,179,88,80
732,customer-1812,97,189,134,183
733,customer-1235,97,194,69,132
734,customer-21,98,104,195,86
735,customer-539,98,121,178,112
736,customer-521,98,123,105,35
737,customer-1780,98,141,196,93
738,customer-798,98,146,86,219
739,customer-1126,98,150,35,62
740,customer-50,98,164,11,93
741,customer-1359,98,166,126,67
742,customer-1327,98,174,171,104
743,customer-1687,98,187,107,30
744,customer-564,99,103,175,50
745,customer-1699,99,115,231,171
746,customer-1191,99,119,142,110
747,customer-1525,99,139,44,209
748,customer-432,99,164,34,87
749,customer-1987,99,174,108,178
750,customer-1688,100,107,167,129
751,customer-603,100,115,27,128
752,customer-692,100,134,159,195
753,customer-329,100,135,102,65
754,customer-1035,100,135,100,35
755,customer-1500,100,150,192,104
756,customer-1188,100,162,48,177
757,customer-1351,100,167,100,72
758,customer-160,100,176,113,9
759,customer-1515,100,179,47,72
760,customer-1293,100,193,126,70
761,customer-454,100,194,215,129
762,customer-674,101,107,187,75
763,customer-1390,101,109,190,154
764,customer-17,101,114,83,50
765,customer-1074,101,125,73,193
766,customer-296,101,130,97,120
767,customer-1825,101,131,93,154
768,customer-156,101,140,217,174
769,customer-1227,101,151,216,212
770,customer-1567,101,152,160,50
771,customer-1613,101,159,130,72
772,customer-1982,101,176,73,207
773,customer-1008,101,184,88,79
774,customer-421,102,137,251,14
775,customer-1320,102,138,93,108
776,customer-1417,102,139,176,108
777,customer-1282,102,143,2,227
778,customer-1697,102,145,192,101
779,customer-112,102,155,73,191
780,customer-465,102,156,169,129
781,customer-1728,102,168,142,86
782,customer-1059,102,172,40,200
783,customer-680,102,189,91,57
784,customer-248,102,190,49,144
785,customer-1064,103,108,157,134
786,customer-1020,103,111,68,158
787,customer-1306,103,116,211,142
788,customer-1012,103,132,104,193
789,customer-1768,103,134,111,3
790,customer-1989,103,134,51,183
791,customer-1794,103,156,108,222
792,customer-884,103,169,100,115
793,customer-449,103,186,244,79
794,customer-1052,104,107,82,134
795,customer-430,104,115,238,67
796,customer-1208,104,128,126,34
797,customer-650,104,165,201,43
798,customer-1860,104,177,79,163
799,customer-1562,104,179,161,261
800,customer-783,105,119,158,195
801,customer-883,105,133,201,191
802,customer-1376,105,143,163,79
803,customer-1774,105,164,137,102
804,customer-987,105,172,196,234
805,customer-1286,105,184,106,204
806,customer-1516,105,199,55,68
807,customer-1738,106,106,93,86
808,customer-1792,106,114,69,174
809,customer-77,106,121,127,166
810,customer-225,106,123,104,100
811,customer-217,106,125,237,27
812,customer-838,106,140,138,172
813,customer-1842,106,160,12,72
814,customer-1755,106,165,117,174
815,customer-311,106,175,149,180
816,customer-1942,106,179,170,51
817,customer-1866,106,188,67,44
818,customer-1318,106,200,189,120
819,customer-1635,106,202,106,137
820,customer-398,107,107,79,246
821,customer-906,107,120,208,25
822,customer-463,107,122,109,69
823,customer-1091,107,125,205,218
824,customer-733,107,147,130,198
825,customer-182,107,149,27,180
826,customer-167,107,163,94,149
827,customer-1713,107,174,220,162
828,customer-799,107,179,95,85
829,customer-1311,107,197,143,141
830,customer-458,108,109,155,194
831,customer-1051,108,126,143,201
832,customer-651,108,127,177,60
833,customer-1370,108,142,94,131
834,customer-999,108,143,29,211
835,customer-1426,108,143,75,125
836,customer-1767,108,153,155,2
837,customer-1668,108,160,141,220
838,customer-660,108,199,74,73
839,customer-1018,109,121,87,29
840,customer-33,109,127,170,101
841,customer-1393,109,142,157,156
842,customer-435,109,148,146,151
843,customer-701,109,153,160,10
844,customer-522,109,156,175,25
845,customer-1536,109,156,78,66
846,customer-555,109,161,122,217
847,customer-464,109,167,147,155
848,customer-1788,109,206,81,282
849,customer-1958,110,110,248,83
850,customer-1297,110,136,130,31
851,customer-101,110,137,202,93
852,customer-1772,110,145,95,43
853,customer-726,110,156,111,126
854,customer-1926,110,156,155,250
855,customer-472,110,161,86,157
856,customer-1000,110,168,58,12
857,customer-466,110,176,32,101
858,customer-176,110,178,54,137
859,customer-184,110,193,128,178
860,customer-15,111,114,177,161
861,customer-1782,111,132,243,58
862,customer-145,111,145,107,187
863,customer-961,111,154,176,209
864,customer-1241,111,160,42,262
865,customer-68,111,164,149,125
866,customer-1298,111,180,47,41
867,customer-1550,111,181,83,59
868,customer-1671,111,198,81,105
869,customer-1110,112,132,105,43
870,customer-731,112,148,24,97
871,customer-1338,112,151,115,214
872,customer-841,112,152,195,205
873,customer-716,112,160,219,112
874,customer-8,112,178,208,181
875,customer-98,112,182,53,64
876,customer-424,113,118,211,135
877,customer-32,113,134,156,41
878,customer-1182,113,135,82,105
879,customer-581,113,138,75,89
880,customer-210,113,150,139,120
881,customer-1888,113,164,46,27
882,customer-501,113,177,147,41
883,customer-1083,113,178,212,226
884,customer-627,113,181,118,75
885,customer-560,113,183,77,33
886,customer-848,113,183,71,177
887,customer-1943,113,190,143,155
888,customer-1326,113,193,176,108
889,customer-710,113,205,99,201
890,customer-1410,114,119,103,232
891,customer-352,114,127,71,181
892,customer-1449,114,141,204,163
893,customer-302,114,142,86,94
894,customer-919,114,154,77,90
895,customer-681,114,161,86,16
896,customer-1939,114,204,108,100
897,customer-958,114,208,136,85
898,customer-440,114,210,86,67
899,customer-569,115,115,55,213
900,customer-608,115,118,17,105
901,customer-190,115,130,140,125
902,customer-1156,115,137,136,15
903,customer-728,115,154,159,140
904,customer-1105,115,173,55,64
905,customer-526,115,178,167,74
906,customer-1251,115,186,174,95
907,customer-1627,115,186,132,104
908,customer-1722,115,201,157,123
909,customer-753,115,206,66,172
910,customer-1587,115,206,103,71
911,customer-1797,116,118,166,64
912,customer-175,116,119,242,113
913,customer-276,116,128,112,109
914,customer-211,116,130,194,98
915,customer-1004,116,141,175,134
916,customer-737,116,159,54,46
917,customer-1887,116,164,159,65
918,customer-1657,116,171,46,155
919,customer-1205,116,177,81,117
920,customer-16,116,180,199,196
921,customer-1899,116,181,165,118
922,customer-576,116,199,79,97
923,customer-1581,116,201,15,162
924,customer-513,116,203,31,197
925,customer-686,117,138,251,122
926,customer-1261,117,140,96,82
927,customer-579,117,164,62,149
928,customer-1033,117,164,259,190
929,customer-443,117,174,95,132
930,customer-114,117,205,90,152
931,customer-1612,118,122,114,203
932,customer-1643,118,124,185,198
933,customer-965,118,125,145,142
934,customer-736,118,129,23,55
935,customer-765,118,129,230,153
936,customer-233,118,148,65,204
937,customer-941,118,178,95,76
938,customer-1367,118,186,187,145
939,customer-893,118,188,60,213
940,customer-462,118,191,83,193
941,customer-1964,118,200,112,224
942,customer-356,118,204,70,143
943,customer-1975,118,206,113,93
944,customer-1485,119,129,92,225
945,customer-953,119,137,166,200
946,customer-1843,119,145,157,145
947,customer-1214,119,147,198,32
948,customer-615,119,156,83,15
949,customer-5,119,172,87,148
950,customer-1837,119,174,94,150
951,customer-427,119,180,100,114
952,customer-568,119,189,192,230
953,customer-60,119,196,116,106
954,customer-1519,119,198,129,155
955,customer-1068,119,207,107,136
956,customer-1491,119,215,184,174
957,customer-1386,120,126,75,159
958,customer-383,120,131,183,134
959,customer-624,120,132,171,188
960,customer-1223,120,132,207,158
961,customer-488,120,137,100,205
962,customer-1950,120,143,121,141
963,customer-839,120,150,6,31
964,customer-1872,120,181,99,60
965,customer-263,121,123,178,175
966,customer-873,121,131,43,203
967,customer-335,121,149,33,168
968,customer-1849,121,149,242,71
969,customer-469,121,150,93,50
970,customer-877,121,169,86,35
971,customer-1528,121,188,197,57
972,customer-1813,121,188,123,164
973,customer-1254,121,192,194,174
974,customer-1910,121,203,191,144
975,customer-1273,122,137,102,131
976,customer-1397,122,154,180,51
977,customer-745,122,163,194,43
978,customer-1502,122,165,101,82
979,customer-1653,122,169,47,86
980,customer-1757,122,181,94,248
981,customer-1462,122,195,169,49
982,customer-1096,122,196,192,43
983,customer-1262,122,200,202,160
984,customer-116,122,205,180,90
985,customer-1513,123,144,56,192
986,customer-193,123,149,184,118
987,customer-155,123,158,115,188
988,customer-695,123,160,95,59
989,customer-334,123,173,196,176
990,customer-1658,123,186,68,101
991,customer-1730,123,186,70,37
992,customer-1303,123,202,160,109
993,customer-3,123,207,179,146
994,customer-1288,123,209,182,86
995,customer-1229,123,212,35,208
996,customer-203,123,215,192,169
997,customer-1472,124,142,87,152
998,customer-185,124,158,91,189
999,customer-1829,124,168,110,191
1000,customer-646,124,173,106,167
1001,customer-187,124,176,146,189
1002,customer-1575,124,178,21,151
1003,customer-118,124,182,112,56
1004,customer-115,124,188,22,101
1005,customer-629,124,188,46,153
1006,customer-192,124,217,69,48
1007,customer-321,125,127,205,176
1008,customer-930,125,147,119,219
1009,customer-1804,125,156,39,44
1010,customer-447,125,165,187,128
1011,customer-970,125,180,179,124
1012,customer-359,125,187,75,95
1013,customer-1819,125,187,207,113
1014,customer-121,125,221,46,27
1015,customer-837,126,136,55,82
1016,customer-1356,126,153,210,62
1017,customer-309,126,155,69,87
1018,customer-1103,126,165,59,129
1019,customer-962,126,180,207,162
1020,customer-257,126,182,86,113
1021,customer-1776,126,184,137,108
1022,customer-1644,126,197,124,155
1023,customer-1473,126,209,228,169
1024,customer-826,126,222,189,234
1025,customer-534,127,129,80,92
1026,customer-1195,127,132,63,91
1027,customer-18,127,149,115,129
1028,customer-1538,127,181,80,81
1029,customer-1430,127,182,190,43
1030,customer-800,127,185,62,65
1031,customer-161,127,191,34,214
1032,customer-1747,127,197,228,125
1033,customer-864,127,209,87,191
1034,customer-594,127,211,181,113
1035,customer-457,127,221,181,178
1036,customer-1476,128,146,54,96
1037,customer-57,128,156,99,160
1038,customer-1723,128,169,263,200
1039,customer-778,128,175,121,159
1040,customer-1603,128,183,113,177
1041,customer-782,128,187,190,179
1042,customer-1628,128,212,117,35
1043,customer-939,128,217,165,223
1044,customer-1796,128,217,194,59
1045,customer-212,129,153,213,169
1046,customer-441,129,161,79,164
1047,customer-552,129,173,178,16
1048,customer-535,129,176,203,97
1049,customer-1193,129,187,51,72
1050,customer-14,129,220,155,83
1051,customer-1660,129,225,120,48
1052,customer-328,130,149,198,35
1053,customer-1027,130,150,103,238
1054,customer-350,130,154,88,36
1055,customer-82,130,162,98,162
1056,customer-945,130,175,164,127
1057,customer-986,130,210,174,112
1058,customer-423,130,213,29,99
1059,customer-894,130,215,183,96
1060,customer-281,130,220,150,110
1061,customer-820,130,223,159,2
1062,customer-1963,130,225,128,232
1063,customer-1600,131,159,223,81
1064,customer-1745,131,160,156,208
1065,customer-1226,131,188,85,194
1066,customer-1828,131,201,57,203
1067,customer-1680,131,210,44,39
1068,customer-1582,131,216,175,169
1069,customer-1456,132,134,176,83
1070,customer-67,132,152,100,98
1071,customer-269,132,160,201,177
1072,customer-1067,132,162,92,163
1073,customer-280,132,164,185,192
1074,customer-1140,132,165,95,34
1075,customer-1874,132,182,219,205
1076,customer-229,132,184,227,59
1077,customer-425,132,185,41,144
1078,customer-1564,132,189,150,180
1079,customer-1212,132,191,156,44
1080,customer-1622,132,191,52,133
1081,customer-1748,132,210,21,67
1082,customer-1085,132,213,180,191
1083,customer-294,132,221,144,77
1084,customer-456,132,221,98,50
1085,customer-767,132,224,36,110
1086,customer-1414,133,139,156,60
1087,customer-1530,133,150,172,272
1088,customer-1285,133,154,216,135
1089,customer-770,133,161,102,88
1090,customer-682,133,215,51,154
1091,customer-244,133,219,238,37
1092,customer-426,133,223,225,82
1093,customer-1579,134,136,136,135
1094,customer-797,134,137,121,150
1095,customer-1047,134,140,191,242
1096,customer-693,134,185,188,42
1097,customer-1275,134,216,101,131
1098,customer-1385,135,143,157,195
1099,customer-429,135,145,21,29
1100,customer-890,135,151,206,64
1101,customer-401,135,157,149,173
1102,customer-708,135,161,235,216
1103,customer-1692,135,163,112,47
1104,customer-7,135,195,78,163
1105,customer-165,135,195,48,127
1106,customer-613,135,197,132,226
1107,customer-553,135,215,67,176
1108,customer-861,135,216,25,94
1109,customer-548,136,162,70,124
1110,customer-1006,136,172,82,100
1111,customer-1509,136,213,182,12
1112,customer-366,136,216,92,99
1113,customer-308,136,222,111,161
1114,customer-171,136,224,110,120
1115,customer-173,136,227,128,84
1116,customer-1593,136,230,254,40
1117,customer-741,137,139,105,17
1118,customer-702,137,143,79,115
1119,customer-1638,137,143,123,207
1120,customer-1444,137,163,217,40
1121,customer-109,137,166,181,76
1122,customer-365,137,174,143,62
1123,customer-1101,137,192,203,107
1124,customer-1777,137,201,34,176
1125,customer-1455,137,217,167,191
1126,customer-1043,137,223,119,102
1127,customer-1316,137,223,128,104
1128,customer-1350,137,227,157,61
1129,customer-1617,137,230,30,121
1130,customer-606,138,139,116,148
1131,customer-1884,138,139,176,72
1132,customer-1510,138,146,79,99
1133,customer-1279,138,152,168,43
1134,customer-1572,138,160,26,72
1135,customer-792,138,168,9,41
1136,customer-277,138,171,232,178
1137,customer-571,138,185,172,158
1138,customer-909,138,187,168,207
1139,customer-587,138,189,72,109
1140,customer-1817,138,193,104,74
1141,customer-264,138,207,136,62
1142,customer-378,138,208,39,70
1143,customer-559,138,211,80,169
1144,customer-1266,138,219,99,82
1145,customer-1007,139,140,183,148
1146,customer-549,139,143,120,68
1147,customer-372,139,147,268,16
1148,customer-626,139,151,44,113
1149,customer-1137,139,156,9,111
1150,customer-1482,139,157,168,181
1151,customer-346,139,184,168,69
1152,customer-73,139,197,202,177
1153,customer-1363,139,201,6,117
1154,customer-1230,139,205,75,222
1155,customer-1684,139,205,36,102
1156,customer-1142,139,206,102,14
1157,customer-1689,139,229,56,178
1158,customer-1162,140,157,116,106
1159,customer-813,140,167,115,58
1160,customer-1358,140,167,118,27
1161,customer-208,140,197,85,129
1162,customer-1663,140,211,174,163
1163,customer-1707,140,212,234,148
1164,customer-1604,140,235,189,139
1165,customer-336,140,237,148,109
1166,customer-878,141,145,182,40
1167,customer-172,141,147,114,153
1168,customer-538,141,149,197,75
1169,customer-196,141,160,124,142
1170,customer-821,141,162,143,132
1171,customer-1418,141,164,150,182
1172,customer-1905,141,177,91,68
1173,customer-1986,141,192,237,164
1174,customer-1705,141,195,6,57
1175,customer-567,141,196,224,32
1176,customer-250,141,199,102,119
1177,customer-23,141,207,138,242
1178,customer-985,141,217,129,159
1179,customer-388,141,218,48,179
1180,customer-1181,141,220,156,148
1181,customer-931,141,237,204,205
1182,customer-801,142,148,76,221
1183,customer-1993,142,151,207,159
1184,customer-814,142,153,198,111
1185,customer-319,142,165,150,195
1186,customer-744,142,167,130,167
1187,customer-1906,142,175,127,72
1188,customer-900,142,176,113,192
1189,customer-1409,142,182,97,29
1190,customer-786,142,190,49,223
1191,customer-149,142,194,220,91
1192,customer-1504,142,204,228,151
1193,customer-788,142,215,161,99
1194,customer-1216,142,224,126,40
1195,customer-94,143,151,201,110
1196,customer-827,143,151,211,108
1197,customer-654,143,155,85,82
1198,customer-795,143,156,257,115
1199,customer-89,143,160,193,75
1200,customer-1028,143,180,156,92
1201,customer-259,143,185,66,150
1202,customer-1087,143,189,61,170
1203,customer-1661,143,191,72,26
1204,customer-137,143,202,206,174
1205,customer-822,144,146,61,104
1206,customer-1735,144,161,24,131
1207,customer-947,144,173,173,11
1208,customer-1244,144,174,141,134
1209,customer-1225,144,212,180,181
1210,customer-1924,144,220,191,20
1211,customer-314,144,223,43,57
1212,customer-1798,144,223,155,158
1213,customer-1267,145,149,227,260
1214,customer-262,145,177,97,74
1215,customer-1495,145,178,121,151
1216,customer-1080,145,181,226,104
1217,customer-718,145,188,63,188
1218,customer-402,145,189,180,68
1219,customer-1578,145,196,172,71
1220,customer-142,145,199,67,95
1221,customer-1979,145,207,127,78
1222,customer-1637,145,213,130,210
1223,customer-1322,145,223,71,210
1224,customer-1364,145,229,61,102
1225,customer-1650,146,148,131,144
1226,customer-368,146,181,182,103
1227,customer-541,146,189,51,48
1228,customer-597,146,194,139,156
1229,customer-648,146,218,204,32
1230,customer-1690,146,227,29,105
1231,customer-1250,146,232,91,51
1232,customer-668,146,237,152,116
1233,customer-70,147,152,102,45
1234,customer-174,147,160,112,216
1235,customer-653,147,165,63,187
1236,customer-904,147,179,83,131
1237,customer-1770,147,187,68,172
1238,customer-1283,147,206,154,235
1239,customer-640,147,214,184,8
1240,customer-934,147,227,90,183
1241,customer-127,147,232,101,122
1242,customer-147,147,241,38,205
1243,customer-1111,148,154,45,127
1244,customer-249,148,165,79,138
1245,customer-278,148,165,140,142
1246,customer-1019,148,179,84,77
1247,customer-949,148,187,202,125
1248,customer-846,148,199,37,192
1249,customer-489,148,226,74,144
1250,customer-532,148,231,201,152
1251,customer-634,148,231,104,211
1252,customer-345,148,233,175,11
1253,customer-546,149,159,167,17
1254,customer-1856,149,162,109,53
1255,customer-815,149,169,122,127
1256,customer-1494,149,174,121,82
1257,customer-1886,149,190,91,227
1258,customer-1189,149,199,170,173
1259,customer-762,149,212,161,158
1260,customer-1662,149,222,134,34
1261,customer-1421,149,231,51,68
1262,customer-386,149,233,62,126
1263,customer-1403,150,150,156,205
1264,customer-1873,150,150,133,229
1265,customer-1122,150,159,96,148
1266,customer-1802,150,164,53,148
1267,customer-1818,150,175,189,255
1268,customer-852,150,180,71,136
1269,customer-1347,150,180,224,239
1270,customer-903,150,184,83,33
1271,customer-1197,150,221,118,75
1272,customer-1973,150,225,54,181
1273,customer-1548,150,235,137,89
1274,customer-730,151,162,144,152
1275,customer-1092,151,175,261,65
1276,customer-385,151,186,50,20
1277,customer-1264,151,218,55,65
1278,customer-542,151,236,191,61
1279,customer-157,151,237,157,107
1280,customer-1165,151,241,99,228
1281,customer-231,152,160,66,109
1282,customer-1329,152,166,99,109
1283,customer-979,152,169,179,61
1284,customer-317,152,200,121,193
1285,customer-169,152,205,132,49
1286,customer-625,152,207,120,74
1287,customer-1150,152,214,132,154
1288,customer-1342,152,224,237,174
1289,customer-1534,153,159,118,198
1290,customer-570,153,175,120,201
1291,customer-1619,153,190,74,252
1292,customer-1811,153,203,158,187
1293,customer-499,153,204,99,188
1294,customer-51,153,208,114,183
1295,customer-1159,153,210,192,34
1296,customer-1647,153,215,127,109
1297,customer-886,153,216,119,161
1298,customer-1001,153,230,191,95
1299,customer-869,153,237,190,102
1300,customer-1599,153,238,84,147
1301,customer-1665,153,238,144,64
1302,customer-1867,154,156,3,78
1303,customer-1173,154,161,162,6
1304,customer-316,154,167,211,97
1305,customer-343,154,167,220,48
1306,customer-1490,154,181,164,187
1307,customer-205,154,204,144,180
1308,customer-1803,154,221,178,64
1309,customer-1793,154,228,209,142
1310,customer-1823,154,228,200,85
1311,customer-224,154,232,138,223
1312,customer-968,154,239,17,152
1313,customer-375,154,240,158,213
1314,customer-592,154,241,179,189
1315,customer-1831,154,241,81,255
1316,customer-707,155,167,187,138
1317,customer-327,155,168,244,197
1318,customer-811,155,170,229,96
1319,customer-1371,155,210,139,123
1320,customer-397,155,223,23,169
1321,customer-29,155,227,40,78
1322,customer-1157,155,233,203,89
1323,customer-614,155,240,41,207
1324,customer-605,156,157,53,190
1325,customer-830,156,159,80,134
1326,customer-63,156,162,191,158
1327,customer-1791,156,180,159,182
1328,customer-804,156,183,116,124
1329,customer-922,156,200,61,75
1330,customer-1362,156,203,52,140
1331,customer-214,156,204,76,151
1332,customer-955,156,206,54,127
1333,customer-325,156,228,158,100
1334,customer-119,156,233,209,151
1335,customer-448,156,240,175,42
1336,customer-298,157,173,41,149
1337,customer-1015,157,180,21,215
1338,customer-442,157,192,78,187
1339,customer-582,157,194,72,11
1340,customer-186,157,204,91,50
1341,customer-141,157,212,175,91
1342,customer-392,157,214,54,139
1343,customer-1179,157,226,130,92
1344,customer-719,157,228,154,106
1345,customer-1512,157,232,191,95
1346,customer-1967,157,233,139,166
1347,customer-1754,157,246,78,169
1348,customer-1404,158,158,81,171
1349,customer-1391,158,165,106,11
1350,customer-358,158,166,8,99
1351,customer-1913,158,178,8,132
1352,customer-1374,158,215,58,179
1353,customer-1149,158,222,174,189
1354,customer-1446,158,242,28,189
1355,customer-845,158,249,277,36
1356,customer-1810,159,165,194,189
1357,customer-807,159,175,49,100
1358,customer-1171,159,179,200,191
1359,customer-936,159,183,81,78
1360,customer-773,159,221,96,92
1361,customer-1011,159,238,87,161
1362,customer-713,159,248,195,172
1363,customer-364,159,256,80,201
1364,customer-677,160,173,241,200
1365,customer-478,160,178,128,43
1366,customer-1703,160,179,153,66
1367,customer-1953,160,187,22,191
1368,customer-1023,160,192,196,75
1369,customer-235,160,218,194,137
1370,customer-1427,160,241,201,165
1371,customer-1406,161,162,118,41
1372,customer-1892,161,170,193,113
1373,customer-819,161,251,174,200
1374,customer-299,162,168,196,183
1375,customer-943,162,173,100,76
1376,customer-1542,162,177,107,86
1377,customer-1078,162,181,184,99
1378,customer-1696,162,182,211,125
1379,customer-312,162,205,173,77
1380,customer-331,162,224,12,123
1381,customer-1333,162,225,214,34
1382,customer-1543,163,167,15,51
1383,customer-665,163,170,39,160
1384,customer-1236,163,177,75,42
1385,customer-1169,163,186,89,174
1386,customer-1252,163,203,87,153
1387,customer-1044,163,209,173,141
1388,customer-527,163,212,190,62
1389,customer-1451,163,219,84,204
1390,customer-1277,163,243,53,166
1391,customer-537,163,255,58,169
1392,customer-672,164,181,125,126
1393,customer-1450,164,206,177,170
1394,customer-1876,164,208,153,160
1395,customer-536,164,213,229,180
1396,customer-1971,164,223,174,203
1397,customer-1827,164,234,131,175
1398,customer-146,164,239,46,219
1399,customer-1826,164,242,151,59
1400,customer-824,164,251,55,127
1401,customer-1135,164,251,235,193
1402,customer-1651,164,253,173,75
1403,customer-428,165,196,238,123
1404,customer-876,165,213,95,31
1405,customer-1487,165,216,78,192
1406,customer-1231,165,231,104,98
1407,customer-1885,165,232,101,103
1408,customer-1130,165,239,141,229
1409,customer-921,165,241,7,78
1410,customer-647,165,246,50,14
1411,customer-384,165,248,196,58
1412,customer-1435,166,166,91,223
1413,customer-1493,166,175,20,142
1414,customer-1222,166,182,36,107
1415,customer-717,166,184,139,158
1416,customer-1088,166,190,15,48
1417,customer-1931,166,196,66,90
1418,customer-1379,166,210,162,99
1419,customer-38,166,220,120,157
1420,customer-1373,166,228,167,58
1421,customer-685,166,232,104,144
1422,customer-284,166,242,141,29
1423,customer-1484,166,244,169,28
1424,customer-339,166,255,209,181
1425,customer-1890,166,264,165,160
1426,customer-910,167,171,190,236
1427,customer-607,167,172,94,65
1428,customer-1471,167,188,65,164
1429,customer-1706,167,201,67,171
1430,customer-1090,167,202,82,46
1431,customer-305,167,206,87,95
1432,customer-1131,167,211,193,12
1433,customer-241,167,213,174,136
1434,customer-1284,167,230,148,177
1435,customer-994,167,231,63,188
1436,customer-929,167,257,199,112
1437,customer-1332,168,168,201,75
1438,customer-1985,168,168,76,112
1439,customer-997,168,183,169,158
1440,customer-776,168,205,177,82
1441,customer-1269,168,212,263,113
1442,customer-202,168,217,30,62
1443,customer-1834,168,217,169,97
1444,customer-1821,168,219,169,5
1445,customer-1769,168,220,134,141
1446,customer-1448,168,229,88,161
1447,customer-1799,168,229,247,97
1448,customer-381,168,254,196,22
1449,customer-1596,169,176,218,86
1450,customer-1801,169,176,103,97
1451,customer-1847,169,180,55,227
1452,customer-1202,169,200,220,193
1453,customer-1809,169,206,89,202
1454,customer-1850,169,220,63,206
1455,customer-1720,169,230,225,128
1456,customer-1557,169,236,184,167
1457,customer-1640,169,253,160,180
1458,customer-1434,169,254,83,35
1459,customer-533,170,191,28,191
1460,customer-1882,170,195,235,69
1461,customer-1869,170,198,221,89
1462,customer-124,170,204,153,195
1463,customer-856,170,221,225,136
1464,customer-1937,170,227,18,104
1465,customer-1753,170,231,33,191
1466,customer-340,170,232,48,118
1467,customer-446,170,233,215,99
1468,customer-1271,170,242,49,40
1469,customer-1437,170,245,40,66
1470,customer-836,171,175,152,92
1471,customer-1144,171,175,243,85
1472,customer-1050,171,176,261,114
1473,customer-1483,171,179,194,69
1474,customer-75,171,194,192,168
1475,customer-92,171,197,40,103
1476,customer-1469,171,202,204,200
1477,customer-1441,171,206,185,160
1478,customer-1759,171,216,121,183
1479,customer-1814,171,219,9,151
1480,customer-135,171,233,58,29
1481,customer-476,171,241,212,212
1482,customer-1010,171,241,136,113
1483,customer-1154,171,246,133,70
1484,customer-1569,171,249,116,162
1485,customer-227,171,251,215,137
1486,customer-1966,171,251,178,169
1487,customer-1824,172,178,200,94
1488,customer-107,172,181,183,155
1489,customer-1396,172,188,200,53
1490,customer-772,172,209,156,107
1491,customer-1042,172,215,25,24
1492,customer-144,172,229,125,201
1493,customer-226,172,245,138,141
1494,customer-704,172,255,62,159
1495,customer-768,172,257,64,123
1496,customer-755,172,262,202,135
1497,customer-341,173,175,86,170
1498,customer-901,173,198,16,56
1499,customer-138,173,206,15,195
1500,customer-875,173,217,41,129
1501,customer-1036,173,227,158,56
1502,customer-1433,173,230,231,166
1503,customer-377,173,239,199,186
1504,customer-872,173,250,222,129
1505,customer-410,173,263,203,46
1506,customer-1345,173,264,57,137
1507,customer-796,174,174,225,179
1508,customer-1848,174,177,92,119
1509,customer-995,174,178,131,99
1510,customer-354,174,196,134,105
1511,customer-858,174,207,176,85
1512,customer-351,174,211,154,176
1513,customer-610,174,239,256,174
1514,customer-337,174,249,136,96
1515,customer-1063,174,260,84,85
1516,customer-1880,175,181,122,135
1517,customer-1442,175,204,128,156
1518,customer-1211,175,206,154,102
1519,customer-508,175,252,204,25
1520,customer-1889,175,252,199,196
1521,customer-1844,175,261,76,138
1522,customer-297,176,179,127,193
1523,customer-1081,176,209,60,149
1524,customer-1330,176,219,221,71
1525,customer-1463,176,231,136,230
1526,customer-1783,176,232,203,215
1527,customer-1113,176,258,213,162
1528,customer-1936,177,179,197,135
1529,customer-417,177,197,10,179
1530,customer-700,177,203,214,160
1531,customer-506,177,207,204,201
1532,customer-1431,177,244,146,78
1533,customer-529,177,267,66,143
1534,customer-1340,177,267,168,152
1535,customer-1878,178,186,76,98
1536,customer-1853,178,191,173,49
1537,customer-1901,178,195,104,108
1538,customer-1086,178,216,110,147
1539,customer-400,178,226,80,161
1540,customer-1907,178,232,240,95
1541,customer-511,178,246,164,124
1542,customer-596,178,256,244,119
1543,customer-1895,178,275,216,46
1544,customer-676,179,181,130,200
1545,customer-1501,179,207,58,22
1546,customer-1624,179,210,26,89
1547,customer-1960,179,213,36,141
1548,customer-1855,179,228,138,154
1549,customer-1030,179,235,49,92
1550,customer-1977,179,243,42,79
1551,customer-747,179,244,146,102
1552,customer-1265,179,252,154,136
1553,customer-633,179,256,104,67
1554,customer-729,179,259,145,187
1555,customer-1820,179,259,142,171
1556,customer-150,179,267,192,184
1557,customer-1467,180,191,214,168
1558,customer-871,180,193,124,188
1559,customer-143,180,216,128,97
1560,customer-1002,180,218,35,161
1561,customer-787,180,222,50,85
1562,customer-69,180,264,18,45
1563,customer-1912,180,268,197,215
1564,customer-216,180,274,92,111
1565,customer-750,181,182,131,230
1566,customer-363,181,187,188,61
1567,customer-802,181,191,207,215
1568,customer-1909,181,202,212,172
1569,customer-1894,181,205,198,118
1570,customer-868,181,212,105,133
1571,customer-1597,181,223,120,53
1572,customer-1994,181,225,144,275
1573,customer-110,181,230,26,104
1574,customer-370,181,234,170,148
1575,customer-1024,181,245,158,120
1576,customer-491,182,189,109,185
1577,customer-1544,182,226,181,90
1578,customer-1498,182,237,63,196
1579,customer-1380,182,259,219,276
1580,customer-1602,182,273,64,122
1581,customer-1841,183,186,9,167
1582,customer-561,183,209,248,207
1583,customer-338,183,249,182,74
1584,customer-148,183,263,227,169
1585,customer-1920,183,270,16,191
1586,customer-12,183,271,118,220
1587,customer-1558,183,271,182,20
1588,customer-669,183,273,81,117
1589,customer-230,184,202,138,207
1590,customer-371,184,210,133,51
1591,customer-628,184,221,32,54
1592,customer-1932,184,222,63,113
1593,customer-1591,184,246,66,21
1594,customer-1259,184,251,196,64
1595,customer-1571,184,269,187,203
1596,customer-577,184,274,119,36
1597,customer-1161,184,279,77,114
1598,customer-170,185,186,100,173
1599,customer-55,185,188,151,186
1600,customer-1094,185,191,211,59
1601,customer-715,185,195,54,169
1602,customer-623,185,206,207,72
1603,customer-1667,185,211,41,25
1604,customer-1529,185,221,54,155
1605,customer-1845,185,230,109,63
1606,customer-181,185,239,85,105
1607,customer-831,185,247,155,162
1608,customer-74,185,269,147,26
1609,customer-1968,185,269,129,218
1610,customer-40,185,274,140,198
1611,customer-1816,186,197,217,86
1612,customer-912,186,208,87,120
1613,customer-659,186,222,114,113
1614,customer-1249,186,246,83,74
1615,customer-1868,186,260,142,162
1616,customer-937,186,265,178,286
1617,customer-113,186,266,164,222
1618,customer-461,187,190,92,30
1619,customer-1999,187,218,150,75
1620,customer-6,187,225,110,198
1621,customer-1996,187,226,47,41
1622,customer-766,187,228,89,107
1623,customer-41,187,240,131,164
1624,customer-1678,187,259,168,212
1625,customer-967,187,279,169,171
1626,customer-1763,187,285,177,231
1627,customer-1352,188,188,206,112
1628,customer-213,188,201,80,195
1629,customer-129,188,211,7,129
1630,customer-1474,188,214,160,155
1631,customer-1952,188,214,146,107
1632,customer-1174,188,217,266,67
1633,customer-361,188,221,49,60
1634,customer-1714,188,221,59,42
1635,customer-1998,188,245,24,73
1636,customer-484,188,253,85,182
1637,customer-1737,188,253,193,39
1638,customer-39,188,264,168,42
1639,customer-781,188,278,199,36
1640,customer-238,188,279,103,126
1641,customer-486,189,202,30,177
1642,customer-739,189,209,149,171
1643,customer-1686,189,212,33,225
1644,customer-1711,189,218,133,176
1645,customer-322,189,228,186,69
1646,customer-1168,189,228,89,99
1647,customer-1685,189,235,205,64
1648,customer-1465,189,244,82,147
1649,customer-1851,189,258,118,224
1650,customer-287,189,286,226,41
1651,customer-1268,190,191,90,193
1652,customer-285,190,207,85,151
1653,customer-1412,190,210,69,134
1654,customer-1054,190,214,70,116
1655,customer-1586,190,218,36,108
1656,customer-1725,190,224,160,158
1657,customer-670,190,225,35,215
1658,customer-562,190,230,81,95
1659,customer-1256,190,236,62,187
1660,customer-585,190,238,156,164
1661,customer-20,190,248,63,184
1662,customer-913,190,266,104,115
1663,customer-1415,190,269,168,74
1664,customer-1200,190,289,270,199
1665,customer-908,191,201,171,107
1666,customer-1732,191,205,70,112
1667,customer-895,191,214,71,69
1668,customer-1048,191,229,120,158
1669,customer-1935,191,236,43,80
1670,customer-245,191,238,136,114
1671,customer-168,191,246,137,40
1672,customer-661,191,248,22,181
1673,customer-992,191,250,101,189
1674,customer-1139,191,274,95,38
1675,customer-1861,191,284,213,163
1676,customer-1239,192,192,235,38
1677,customer-1073,192,200,187,34
1678,customer-1207,192,203,66,69
1679,customer-663,192,207,19,94
1680,customer-602,192,208,38,100
1681,customer-258,192,209,86,194
1682,customer-816,192,211,223,75
1683,customer-1607,192,216,89,114
1684,customer-1246,192,223,156,135
1685,customer-918,192,263,231,120
1686,customer-1930,192,273,129,146
1687,customer-1372,193,199,120,134
1688,customer-332,193,207,122,47
1689,customer-1281,193,207,212,65
1690,customer-516,193,212,105,98
1691,customer-434,193,233,97,208
1692,customer-1475,193,245,46,185
1693,customer-215,193,248,249,8
1694,customer-1981,193,255,73,135
1695,customer-1240,193,258,92,61
1696,customer-1915,193,284,50,38
1697,customer-83,193,291,109,13
1698,customer-743,194,203,126,27
1699,customer-1649,194,206,114,232
1700,customer-1076,194,209,186,148
1701,customer-1790,194,233,223,56
1702,customer-1949,194,268,153,146
1703,customer-1147,194,271,131,157
1704,customer-1129,194,273,90,45
1705,customer-1893,194,273,79,81
1706,customer-724,194,283,177,205
1707,customer-1577,194,285,161,79
1708,customer-1031,195,213,200,65
1709,customer-1355,195,220,97,159
1710,customer-698,195,224,79,86
1711,customer-896,195,225,161,141
1712,customer-1852,195,227,174,20
1713,customer-749,195,242,113,29
1714,customer-583,195,251,197,89
1715,customer-255,195,257,51,87
1716,customer-1934,195,259,105,141
1717,customer-759,195,262,104,82
1718,customer-1424,195,266,177,8
1719,customer-500,195,273,112,79
1720,customer-96,195,280,124,193
1721,customer-1585,195,286,141,97
1722,customer-71,196,200,60,183
1723,customer-1595,196,204,165,112
1724,customer-1795,196,206,52,103
1725,customer-1245,196,221,66,92
1726,customer-1287,196,228,49,171
1727,customer-1411,196,228,99,134
1728,customer-1503,196,232,113,94
1729,customer-2000,196,232,75,187
1730,customer-1419,196,245,103,266
1731,customer-300,196,250,212,206
1732,customer-46,196,258,45,222
1733,customer-251,196,278,183,204
1734,customer-812,196,288,111,84
1735,customer-1440,196,292,192,52
1736,customer-1554,197,209,19,149
1737,customer-290,197,211,80,195
1738,customer-470,197,215,73,187
1739,customer-43,197,220,102,143
1740,customer-1601,197,265,56,175
1741,customer-1304,197,275,21,6
1742,customer-1879,197,275,67,92
1743,customer-1438,197,276,171,27
1744,customer-524,197,278,161,138
1745,customer-563,197,283,223,75
1746,customer-1972,198,214,194,62
1747,customer-779,198,230,91,147
1748,customer-246,198,237,187,59
1749,customer-1778,198,260,196,213
1750,customer-1620,198,261,161,18
1751,customer-105,198,266,193,56
1752,customer-451,198,274,95,167
1753,customer-697,198,293,208,219
1754,customer-914,199,252,132,58
1755,customer-690,199,254,237,228
1756,customer-1237,199,258,106,64
1757,customer-1383,199,259,204,110
1758,customer-1389,199,284,64,160
1759,customer-413,199,288,61,52
1760,customer-636,199,289,181,219
1761,customer-885,199,292,172,227
1762,customer-1933,200,201,89,238
1763,customer-1170,200,227,25,117
1764,customer-1069,200,231,97,129
1765,customer-1458,200,231,252,201
1766,customer-1198,200,235,200,35
1767,customer-490,200,248,237,3
1768,customer-1079,200,273,215,154
1769,customer-418,200,275,182,62
1770,customer-1947,201,222,32,151
1771,customer-1381,201,229,73,70
1772,customer-1146,201,249,71,186
1773,customer-993,201,255,239,130
1774,customer-950,201,260,176,211
1775,customer-1928,201,270,221,201
1776,customer-655,201,271,211,206
1777,customer-376,201,274,181,41
1778,customer-851,201,294,220,221
1779,customer-1555,202,211,98,69
1780,customer-720,202,243,153,194
1781,customer-387,202,257,164,174
1782,customer-1997,202,259,182,79
1783,customer-162,202,280,90,173
1784,customer-763,202,288,82,215
1785,customer-1407,202,295,113,115
1786,customer-9,202,300,184,35
1787,customer-656,203,206,203,278
1788,customer-1991,203,209,162,155
1789,customer-271,203,239,75,142
1790,customer-1220,203,240,24,94
1791,customer-1098,203,275,129,147
1792,customer-1292,204,204,192,50
1793,customer-933,204,237,134,125
1794,customer-1540,204,255,164,102
1795,customer-1805,204,269,64,118
1796,customer-1702,204,277,174,84
1797,customer-748,204,292,143,191
1798,customer-658,204,293,132,100
1799,customer-897,205,220,219,163
1800,customer-1588,205,220,181,75
1801,customer-1744,205,257,103,165
1802,customer-1106,205,261,94,16
1803,customer-80,205,263,44,21
1804,customer-1331,205,269,92,128
1805,customer-679,205,272,189,164
1806,customer-863,206,229,129,127
1807,customer-253,206,244,53,75
1808,customer-86,206,265,24,122
1809,customer-842,206,265,49,48
1810,customer-1925,206,274,166,107
1811,customer-1384,206,279,113,159
1812,customer-1758,206,285,126,210
1813,customer-1592,207,233,222,158
1814,customer-347,207,273,155,79
1815,customer-1123,207,276,200,54
1816,customer-1916,207,288,161,149
1817,customer-1489,208,214,20,44
1818,customer-1454,208,215,192,148
1819,customer-380,208,217,91,116
1820,customer-414,208,248,40,6
1821,customer-703,208,282,152,133
1822,customer-925,208,286,63,83
1823,customer-272,208,305,44,195
1824,customer-832,209,231,28,124
1825,customer-550,209,258,218,158
1826,customer-643,210,212,100,39
1827,customer-99,210,228,116,80
1828,customer-1626,210,245,134,197
1829,customer-507,210,246,118,153
1830,customer-1228,210,287,43,204
1831,customer-1302,210,291,150,101
1832,customer-1903,210,295,60,197
1833,customer-794,211,234,40,80
1834,customer-530,211,265,91,234
1835,customer-932,211,278,172,22
1836,customer-1203,211,293,48,60
1837,customer-188,212,233,119,158
1838,customer-1184,212,243,132,121
1839,customer-122,212,282,95,164
1840,customer-1272,212,292,248,133
1841,customer-590,213,213,163,113
1842,customer-833,213,216,143,129
1843,customer-1308,213,222,44,200
1844,customer-1145,213,232,49,162
1845,customer-1881,213,241,185,24
1846,customer-1120,213,254,111,125
1847,customer-1957,213,259,184,123
1848,customer-419,213,303,230,115
1849,customer-1497,214,250,171,152
1850,customer-106,214,264,163,133
1851,customer-980,214,295,107,169
1852,customer-1560,214,295,131,176
1853,customer-54,214,302,45,189
1854,customer-140,214,305,19,41
1855,customer-254,215,218,195,212
1856,customer-45,215,223,61,156
1857,customer-1357,215,238,81,80
1858,customer-1941,215,299,117,47
1859,customer-1439,215,313,200,67
1860,customer-600,216,224,188,85
1861,customer-915,216,227,96,89
1862,customer-416,216,252,117,156
1863,customer-684,216,255,54,125
1864,customer-125,216,261,97,217
1865,customer-649,216,282,187,114
1866,customer-843,216,286,52,143
1867,customer-911,216,301,125,21
1868,customer-1183,217,224,226,146
1869,customer-1590,217,233,193,172
1870,customer-1084,217,298,118,29
1871,customer-829,217,307,39,154
1872,customer-1623,217,309,154,125
1873,customer-1734,218,241,54,132
1874,customer-295,218,242,31,100
1875,customer-1656,218,257,36,33
1876,customer-1238,218,269,211,86
1877,customer-1337,218,286,164,35
1878,customer-834,218,289,97,10
1879,customer-809,218,303,216,199
1880,customer-760,218,306,91,192
1881,customer-977,219,255,60,178
1882,customer-572,219,256,81,185
1883,customer-835,219,262,2,181
1884,customer-306,219,277,51,38
1885,customer-1701,219,289,186,201
1886,customer-81,220,244,234,140
1887,customer-1274,220,276,117,181
1888,customer-1291,220,283,27,153
1889,customer-1710,220,286,129,56
1890,customer-104,221,264,124,166
1891,customer-1908,221,271,13,13
1892,customer-1436,221,286,216,60
1893,customer-79,221,292,61,64
1894,customer-580,221,295,162,109
1895,customer-1698,221,309,184,12
1896,customer-1807,222,247,122,78
1897,customer-849,222,254,248,176
1898,customer-1839,222,264,38,154
1899,customer-310,222,267,77,85
1900,customer-4,222,297,228,49
1901,customer-78,223,248,178,172
1902,customer-1945,223,262,79,104
1903,customer-1153,223,271,189,59
1904,customer-938,223,305,150,149
1905,customer-24,224,241,32,70
1906,customer-93,224,243,44,141
1907,customer-53,224,255,39,210
1908,customer-1681,224,310,92,97
1909,customer-857,225,226,176,110
1910,customer-72,225,242,42,190
1911,customer-520,225,280,179,112
1912,customer-293,225,289,142,24
1913,customer-268,225,290,120,199
1914,customer-1709,225,290,202,188
1915,customer-1221,225,306,37,97
1916,customer-840,226,279,59,175
1917,customer-554,227,268,90,225
1918,customer-964,227,277,140,57
1919,customer-13,227,296,46,169
1920,customer-240,227,296,63,198
1921,customer-1875,228,232,29,30
1922,customer-595,228,236,68,142
1923,customer-1835,228,254,28,219
1924,customer-1243,228,261,134,209
1925,customer-206,228,268,175,92
1926,customer-1682,228,273,21,212
1927,customer-1527,228,274,142,20
1928,customer-740,228,284,25,190
1929,customer-957,228,304,111,185
1930,customer-1611,228,311,169,147
1931,customer-1118,229,276,147,107
1932,customer-1312,229,279,116,125
1933,customer-952,229,286,197,166
1934,customer-1270,229,304,282,161
1935,customer-859,230,258,39,43
1936,customer-664,230,305,124,41
1937,customer-1117,230,330,60,152
1938,customer-483,231,283,137,158
1939,customer-247,232,278,252,131
1940,customer-1784,232,316,152,202
1941,customer-1786,234,246,79,142
1942,customer-1716,234,273,14,36
1943,customer-1032,234,292,120,99
1944,customer-954,235,235,75,101
1945,customer-1294,235,317,21,181
1946,customer-261,236,252,164,85
1947,customer-49,236,268,228,195
1948,customer-584,236,313,169,94
1949,customer-844,237,245,191,126
1950,customer-1453,237,247,47,21
1951,customer-1477,237,255,38,124
1952,customer-1315,237,304,162,204
1953,customer-525,237,320,145,142
1954,customer-1481,238,282,36,135
1955,customer-599,239,251,133,151
1956,customer-892,239,322,187,142
1957,customer-1445,239,333,88,61
1958,customer-1902,240,307,149,167
1959,customer-1990,240,332,174,97
1960,customer-971,241,243,39,128
1961,customer-1541,241,246,19,131
1962,customer-666,241,252,173,123
1963,customer-944,241,273,193,55
1964,customer-1606,241,280,70,141
1965,customer-393,242,279,95,35
1966,customer-1155,242,324,179,138
1967,customer-22,243,251,55,190
1968,customer-1065,243,273,176,143
1969,customer-1021,243,282,150,186
1970,customer-1633,243,303,274,50
1971,customer-652,244,265,97,225
1972,customer-232,244,332,216,83
1973,customer-1561,245,293,11,124
1974,customer-1366,245,301,172,189
1975,customer-1508,245,323,205,88
1976,customer-1420,247,256,94,169
1977,customer-353,247,300,136,159
1978,customer-1460,247,332,196,204
1979,customer-889,248,323,88,204
1980,customer-1677,248,329,80,110
1981,customer-1858,249,250,162,175
1982,customer-1917,250,325,99,175
1983,customer-1539,251,280,152,90
1984,customer-956,252,276,177,107
1985,customer-1659,252,283,17,173
1986,customer-622,252,328,121,107
1987,customer-1806,253,285,183,246
1988,customer-758,254,303,115,68
1989,customer-1452,260,351,97,122
1990,customer-25,261,295,50,33
1991,customer-1854,262,309,205,176
1992,customer-1017,262,311,202,171
1993,customer-1883,263,288,46,140
1994,customer-1838,265,337,187,128
1995,customer-1082,266,305,135,198
1996,customer-1764,266,350,279,112
1997,customer-1896,268,304,205,40
1998,customer-1346,275,315,138,48
1999,customer-221,282,301,114,44
2000,customer-1761,282,359,137,225
